zone_id,borough,zone_name,service_zone,centroid_x,centroid_y,area_sqft,pickup_count,avg_driver_income_per_trip,median_driver_income_per_trip,avg_trip_distance_miles,avg_trip_duration_min,avg_fare,avg_tip,avg_total_amount,dropoff_count,pickup_rate_per_hour,dropoff_rate_per_hour,expected_pickups_2h,expected_income_2h_proxy,income_score,demand_score,opportunity_score
1,EWR,Newark Airport,EWR,935996.8210162065,191376.74953083202,79039526.6992143,128.0,67.7873984375,67.025,12.51,31.657682291666667,84.487578125,12.3515625,110.951171875,40650.0,0.0008310973259174803,0.2639383304573873,0.0016621946518349607,0.11267585114461807,1.0,0.00012770869646336707,0.0002068390746372749
2,Queens,Jamaica Bay,Boro Zone,1031085.7186032843,164018.75440320166,143909531.69680512,25.0,44.244479999999996,49.0,14.9836,38.83133333333333,54.9968,8.2096,69.9976,41.0,0.00016232369646825787,0.0002662108622079429,0.00032464739293651575,0.014363855083831811,0.6526947636262131,2.4943104778001378e-05,2.6367730650203284e-05
3,Bronx,Allerton/Pelham Gardens,Boro Zone,1026452.6168734727,254265.47865856893,31685084.722049594,1947.0,21.336194144838213,19.95,7.637832562917309,30.286414997431947,30.403667180277353,0.07661016949152542,33.33823317925013,2897.0,0.012641769480947923,0.018810069946741722,0.025283538961895845,0.5394544959595909,0.3147516298993269,0.0019425690001107472,0.0009902766885691188
4,Manhattan,Alphabet City,Yellow Zone,990633.9806410479,202959.7823911368,8023733.019955133,60627.0,13.495941115344646,11.941999999999998,2.986267999406205,15.039522544960716,18.001898164184276,1.278017714879509,24.375295495406338,98051.0,0.3936479498312428,0.6366400304963661,0.7872958996624856,10.625299102197193,0.1990921827128077,0.06048902453503558,0.01950486294726968
5,Staten Island,Arden Heights,Boro Zone,931871.3700680139,140681.35137597343,50414884.76735331,5.0,40.5244,31.877999999999997,17.830000000000002,32.67333333333333,57.89200000000001,0.0,72.054,56.0,3.246473929365157e-05,0.0003636050800888976,6.492947858730314e-05,0.0026312281620633074,0.5978161270986599,4.988620955600275e-06,4.830145880168997e-06
6,Staten Island,Arrochar/Fort Wadsworth,Boro Zone,964319.735448061,157998.9356119239,40934792.09258352,257.0,23.114708171206225,20.069,7.905175097276264,22.412710765239947,32.44070038910506,0.5803112840466925,41.46894941634241,478.0,0.0016686875996936908,0.0031036290764730906,0.0033373751993873817,0.07714245379166051,0.3409882766413877,0.00025641511711785417,0.0001416104124834733
7,Queens,Astoria,Boro Zone,1006496.6791586807,216719.21816867893,39341043.986175336,34946.0,17.799790333657644,17.205999999999996,5.11015252103245,20.53798336481047,24.93001516625651,0.4982567389686946,28.68172151319178,56036.0,0.22690255587118957,0.3638388262118119,0.45380511174237914,8.077635841356427,0.2625825853173736,0.03486646958288144,0.01482811716717041
8,Queens,Astoria Park,Boro Zone,1005551.5711778702,222936.08755158543,2682801.558287652,192.0,30.556859375,23.302999999999997,5.80203125,20.379079861111112,39.1075,4.545156250000001,49.21541666666667,321.0,0.0012466459888762205,0.002084236262652431,0.002493291977752441,0.07618717234499696,0.450774923943621,0.0001915630446950506,0.00013985680220727982
9,Queens,Auburndale,Boro Zone,1043002.6774243254,212969.8490136597,34164217.96628959,765.0,19.045261437908493,16.919,6.779516339869281,24.045315904139436,26.581856209150324,0.6256601307189542,29.49942483660131,2650.0,0.004967105111928691,0.017206311825635333,0.009934210223857381,0.18919963089250727,0.28095578052708764,0.0007632590062068421,0.00034731378709793216
10,Queens,Baisley Park,Boro Zone,1042223.6050722591,186706.49646915717,44041425.36286887,9653.0,34.52952066715011,29.54,9.424903138920543,32.64941468973376,44.99656376256086,4.331322904796436,53.906231223453844,21974.0,0.06267642568032374,0.14267603624773995,0.12535285136064747,4.328373871743673,0.5093796408042762,0.009631031616881893,0.007945596480709458
11,Brooklyn,Bath Beach,Boro Zone,982170.7832338787,159429.3168836981,20535743.772917036,1352.0,19.728423076923075,15.022,6.7779363905325445,27.638769723865877,28.116153846153846,0.0673076923076923,30.27866124260355,2440.0,0.008778465505003386,0.01584279277530197,0.01755693101000677,0.3463705628977639,0.2910337840315953,0.0013489231063943145,0.0006358324874725166
12,Manhattan,Battery Park,Yellow Zone,979934.7305677243,195378.9728508775,1089567.142383053,7171.0,19.306233300794865,18.9,4.323501603681495,20.615850880862734,24.224113791660855,3.3562194951889555,32.92091340119927,10876.0,0.046560929094955086,0.0706173009115509,0.09312185818991017,1.7978323196179409,0.28480563859660757,0.007154680174521915,0.003300281023530766
13,Manhattan,Battery Park City,Yellow Zone,979792.331028984,198691.52543753176,4922916.440479033,133954.0,18.40994168147274,16.260999999999996,4.322503023425952,18.010354425150922,22.65303880436568,3.6468778834525284,32.15135471878406,162175.0,0.8697563374683606,1.0529938189895889,1.7395126749367211,32.024326899767686,0.2715835406848769,0.13364914629729585,0.05878706106535523
14,Brooklyn,Bay Ridge,Boro Zone,975952.0350819234,166921.55042206828,67118941.99409573,7509.0,21.400307897190036,20.229999999999997,7.285791716606739,29.756756336840237,30.288618990544677,0.28324943401251834,33.315713144226926,19236.0,0.04875554547120593,0.12489834501053634,0.09751109094241187,2.0867673695585123,0.31569743625610774,0.007491910951120493,0.003830679132379107
15,Queens,Bay Terrace/Fort Totten,Boro Zone,1043521.3830455702,224738.6129755755,46295763.22370654,670.0,22.719273134328358,22.204,8.641597014925374,26.305049751243782,32.28492537313433,0.17117910447761195,35.74353731343283,2852.0,0.004350275065349311,0.018517887293098858,0.008700550130698622,0.19767017483825827,0.33515481723753615,0.0006684752080504369,0.0003628631657235685
16,Queens,Bayside,Boro Zone,1047016.784330188,217243.7604961802,80796947.46396461,1336.0,19.924494011976048,18.711,7.498241017964071,24.383470558882234,28.34681886227545,0.1167440119760479,30.994715568862276,5171.0,0.008674578339263701,0.033575033377494456,0.017349156678527402,0.34567316835415346,0.29392622332816676,0.0013329595193363936,0.0006345522802178819
17,Brooklyn,Bedford,Boro Zone,998142.2060786379,191215.0683591191,32629833.641303483,17446.0,18.419874871030608,16.45,4.7350034391837665,24.874803202262218,26.05491344720853,0.25919351140662616,28.725495242462454,31163.0,0.11327596834340907,0.2023397341216128,0.22655193668681814,4.173058325560839,0.27173007514093844,0.01740629623828048,0.007660483712331007
18,Bronx,Bedford Park,Boro Zone,1014623.3272763422,255416.74215301158,14999657.658820206,4139.0,19.35051147620198,16.45,6.511401304662962,27.150124828863657,27.618410244020296,0.025177579125392608,30.264810340661995,5897.0,0.026874311187284772,0.03828891352293267,0.053748622374569545,1.0400633340891545,0.2854588304350278,0.004129580427045908,0.001909244397994814
19,Queens,Bellerose,Boro Zone,1060002.7496102,207352.35251648712,55195481.44740739,1759.0,22.928498010233085,21.055999999999997,8.96107447413303,26.16728254690165,32.540807276861855,0.21418988061398522,35.17306992609437,3575.0,0.011421095283506624,0.023212288594960877,0.022842190567013247,0.5237371209651281,0.33824130352742726,0.0017549968521801769,0.0009614243012424933
20,Bronx,Belmont,Boro Zone,1015821.8614530906,251810.303512513,13556856.618540464,2283.0,19.401789312308363,16.45,6.379750328515112,28.465498612936194,27.4737144108629,0.2431274638633377,30.60192290845379,4720.0,0.014823399961481309,0.030646713893207087,0.029646799922962618,0.5752009658894806,0.28621528129888063,0.0022778043283270856,0.0010558964880801758
21,Brooklyn,Bensonhurst East,Boro Zone,988821.3915776814,158393.65778602433,35777232.60010483,2620.0,18.17481603053435,14.4515,5.584515267175573,28.412678117048344,25.852396946564884,0.11162595419847328,27.85957251908397,4947.0,0.017011523389873426,0.03212061305713887,0.03402304677974685,0.6183626160201631,0.26811496604773133,0.0026140373807345446,0.0011351283348526474
22,Brooklyn,Bensonhurst West,Boro Zone,985566.4176542887,162323.8287235864,46668757.169960044,3683.0,17.863448818897638,14.35,5.462818354602227,27.170535795094576,25.4335487374423,0.08566386098289439,27.661189247895738,6828.0,0.02391352696370375,0.04433384797941059,0.0478270539274075,0.8543561299909012,0.2635216755717177,0.003674618195895163,0.0015683416592184496
23,Staten Island,Bloomfield/Emerson Hill,Boro Zone,936800.3814228631,160268.1237133335,211512496.378488,132.0,30.34176515151515,26.5335,11.006363636363636,28.079924242424244,41.60613636363637,1.7392424242424243,52.22045454545455,410.0,0.0008570691173524016,0.002662108622079429,0.0017141382347048032,0.05200997975464589,0.4476018530124042,0.00013169959322784728,9.547472661685943e-05
24,Manhattan,Bloomingdale,Yellow Zone,993807.2716583572,231458.3760559646,4230118.739452096,57100.0,13.336889019264447,11.290999999999999,2.8128693520140104,14.332775539988324,16.893270227670754,2.1594283712784588,22.902403327495623,70108.0,0.370747322733501,0.4552075884798649,0.741494645467002,9.889231794972243,0.19674584549163754,0.05697005131295515,0.01815366409542563
25,Brooklyn,Boerum Hill,Boro Zone,988101.2213261976,189071.57913936634,12546359.069359673,21307.0,19.358569484207067,17.801,5.072447552447552,24.180599489995462,26.669339653634957,0.9857596095179989,30.467917585769936,39281.0,0.13834524002596682,0.2550494848387855,0.27669048005193364,5.356331883703967,0.2855777022045723,0.021258509340195013,0.009832619137293986
26,Brooklyn,Borough Park,Boro Zone,987397.4626662626,169148.40746897226,54005019.11895779,5539.0,16.477768730817836,14.07,4.357533850875609,26.50490461575495,23.48807004874526,0.0515995667087922,25.49614551363062,10516.0,0.03596443818950722,0.06827983968240799,0.07192887637901443,1.1852273900409858,0.24308011681566954,0.0055263942946139856,0.002175722074432624
27,Queens,Breezy Point/Fort Tilden/Riis Beach,Boro Zone,1010116.0525911167,142998.097106859,73092914.36603563,100.0,30.67365,28.1295,10.4445,29.7745,43.3025,0.517,48.4884,454.0,0.0006492947858730315,0.002947798327863563,0.001298589571746063,0.03983248201738862,0.4524978197574747,9.977241911200551e-05,7.312049243282849e-05
28,Queens,Briarwood/Jamaica Hills,Boro Zone,1037276.450260145,198588.18036389697,29412826.442832477,5915.0,23.280229585798814,19.25,7.069976331360947,23.72850943927867,31.984311073541846,1.2731597633136094,36.46139306846999,10336.0,0.03840578658438981,0.06711110906783653,0.07681157316877962,1.7881910582155738,0.3434300492777163,0.005901538590475126,0.0032825825587173767
29,Brooklyn,Brighton Beach,Boro Zone,995023.0950078965,150924.27687794657,17181075.436115935,2363.0,21.493551840880237,18.549999999999997,7.419352517985612,34.75526167301453,30.620829454083793,0.08424460431654676,32.815823106220904,4719.0,0.015342835790179733,0.030640220945348354,0.030685671580359467,0.6595440728846815,0.31707297132367895,0.0023576222636166903,0.0012107251405882365
30,Queens,Broad Channel,Boro Zone,1033697.3819386285,159266.0868838442,14756360.325047841,94.0,25.23611702127659,21.076999999999998,8.184148936170212,25.525709219858154,35.89117021276596,0.16042553191489362,38.66755319148936,272.0,0.0006103370987206496,0.0017660818175746456,0.0012206741974412991,0.03080507689148151,0.37228330933136927,9.378607396528518e-05,5.654888366617392e-05
31,Bronx,Bronx Park,Boro Zone,1018696.4006329516,251801.91339506747,33659775.767376676,486.0,23.820020576131686,21.469,7.529197530864198,27.073593964334705,32.855905349794234,1.1726954732510286,38.27679012345679,1540.0,0.003155572659342933,0.009999139702444685,0.006311145318685866,0.1503316113500545,0.3513930483420713,0.00048489395688434674,0.0002759637585560936
32,Bronx,Bronxdale,Boro Zone,1021618.2183901309,254085.68414675994,15204948.251815196,2414.0,21.26401946975973,19.543999999999997,7.555016570008285,31.19979287489644,30.338889809444904,0.03828086164043082,33.558951946975974,3356.0,0.01567397613097498,0.021790333013898936,0.03134795226194996,0.6665834672352026,0.3136869087750161,0.002408506197363813,0.0012236473577153105
33,Brooklyn,Brooklyn Heights,Boro Zone,985567.1393607879,192774.49236567307,11017800.759540867,22341.0,20.026565104516358,18.549999999999997,5.245194485475135,23.69466302612536,27.167685869030034,1.4416928517076228,31.989816928517076,56122.0,0.14505894811189396,0.36439721972766276,0.2901178962237879,5.810064936711009,0.29543197653441233,0.02229015615381315,0.010665536961858428
34,Brooklyn,Brooklyn Navy Yard,Boro Zone,992238.7448684232,194618.42574558523,11192812.838980518,2792.0,20.313190186246416,19.221999999999998,5.358341690544412,20.818523161413562,28.183452722063038,0.8353904011461317,32.360340257879656,3606.0,0.01812831042157504,0.023413569978581517,0.03625662084315008,0.7364876346975335,0.2996602710011829,0.002785645941607194,0.0013519704470402788
35,Brooklyn,Brownsville,Boro Zone,1009147.2314989058,181203.32110491273,32730871.007436447,13645.0,18.49870736533529,15.749999999999998,5.350711615976548,28.5915170392085,26.409694393550755,0.01703041407108831,28.219865152070355,14572.0,0.08859627353237515,0.09461523619741814,0.1771925470647503,3.277833075469216,0.2728930124437671,0.013613946587833152,0.0060171186040149935
36,Brooklyn,Bushwick North,Boro Zone,1007067.3784547453,194506.2645740725,25019447.213806424,15864.0,19.14249016641452,18.717999999999996,5.320036560766515,23.08395948898975,27.031885400907715,0.3145291225416036,30.42377458396369,24034.0,0.10300412483089771,0.1560515088367244,0.20600824966179543,3.9435108933511867,0.2823900991577941,0.015827896567928556,0.007239103461094494
37,Brooklyn,Bushwick South,Boro Zone,1005813.8376355437,192491.0725491703,45671565.952530965,23522.0,19.48256236714565,18.549999999999997,5.304219879261968,25.058255392115182,27.583421477765494,0.24881047529971942,30.836498171924156,37962.0,0.15272711953305446,0.24648528661312022,0.3054542390661089,5.951031262914484,0.28740684575922437,0.023468468423525936,0.010924308865249865
38,Queens,Cambria Heights,Boro Zone,1057581.8857305443,192354.37534157524,33076512.31755539,1811.0,27.90973053561568,29.028999999999996,10.321236885698509,39.359350266887546,39.52340695748205,0.347636664826063,42.393616786305905,5140.0,0.0117587285721606,0.03337375199387382,0.0235174571443212,0.6563658917808946,0.41172446765822496,0.0018068785101184198,0.0012048909531216317
39,Brooklyn,Canarsie,Boro Zone,1012077.4831532118,171746.3489405953,82069259.65978687,15860.0,19.088439911727615,15.749999999999998,5.69140290037831,28.961077133249265,27.215924337957123,0.05327553593947037,29.00216393442623,19233.0,0.1029781530394628,0.12487886616696015,0.2059563060789256,3.9313845730289523,0.2815927495628433,0.015823905671164075,0.007216843173297894
40,Brooklyn,Carroll Gardens,Boro Zone,985371.6110268093,186726.9441730333,11009638.364660673,6704.0,19.08912843078759,18.0215,5.073427804295943,22.126673130469374,26.21217183770883,1.0580116348448687,31.770721957040575,18878.0,0.04352872244492803,0.12257386967711088,0.08705744488985606,1.6618507463586751,0.2816029065990454,0.006688742977268849,0.0030506596317689447
41,Manhattan,Central Harlem,Boro Zone,997734.6452331402,232321.2905475168,14433091.695048453,83911.0,13.598167248632478,11.248999999999999,3.2279131460714328,16.090429542412,18.389177342660677,1.0367758696714375,22.62532576181907,137733.0,0.5448297477739195,0.8942931874265024,1.089659495547839,14.817372064520011,0.20060022308084285,0.08372003460107495,0.027200251830783853
42,Manhattan,Central Harlem North,Boro Zone,1000643.632259087,237395.8715478042,25401215.571184408,53331.0,15.507319026457408,13.776,4.332954004237685,19.54024238560437,21.77740751157863,0.37590538336052204,25.11236372841312,107243.0,0.34627540225394643,0.6963232072138151,0.6925508045078929,10.739606267533631,0.22876403850717417,0.05320962883662366,0.019714696625581576
43,Manhattan,Central Park,Yellow Zone,993789.0096985319,224356.21221165065,38307176.129050195,299110.0,12.62780201263749,10.639999999999999,2.177855003176089,13.908604192437565,15.093270903680919,2.946446257229782,23.181262144361607,217650.0,1.9421056340248244,1.4131901014526531,3.884211268049649,49.04905086818657,0.18628539085004606,0.2984292828059197,0.09003934907392905
44,Staten Island,Charleston/Tottenville,Boro Zone,919325.6707014753,130813.71730920512,145814718.1643353,10.0,46.62349999999999,55.495999999999995,18.236,34.43,66.60499999999999,0.0,82.627,100.0,6.492947858730314e-05,0.0006492947858730315,0.0001298589571746063,0.006054479089830255,0.6877900771333904,9.97724191120055e-06,1.111420805460706e-05
45,Manhattan,Chinatown,Yellow Zone,984762.4692829204,198844.63611660182,7450336.470292397,41974.0,16.122612664983084,13.908999999999997,3.568440939629294,18.385881736312957,20.849157335493402,2.183146471625292,28.327080097203034,65984.0,0.2725349934223462,0.4284306715104611,0.5450699868446924,8.787952273204402,0.23784085296986485,0.04187847519807319,0.016132045133727454
46,Bronx,City Island,Boro Zone,1044565.4049743084,248697.32700109552,17352035.396625176,283.0,28.213091872791516,27.65,10.484734982332155,35.32267373380448,40.15250883392226,0.15190812720848057,43.491872791519434,707.0,0.001837504244020679,0.0045905141361223326,0.003675008488041358,0.10368335210639948,0.41619965543896764,0.0002823559460869756,0.00019033154298034132
47,Bronx,Claremont/Bathgate,Boro Zone,1011831.0101993148,246329.04426500178,16451591.38915591,3572.0,18.838642217245237,16.1175,6.175123180291154,27.94629992534528,26.864633258678612,0.047712765957446814,29.456738521836506,4456.0,0.023192809751384685,0.028932575658502283,0.04638561950276937,0.8738420898379451,0.27790773287478304,0.003563870810680837,0.0016041120382503204
48,Manhattan,Clinton East,Yellow Zone,987063.1857021254,216986.07003374878,9512871.478483802,527431.0,12.818264730362833,10.36,2.4929990084010987,13.392545817999574,15.664975323786429,2.6468314338747625,23.963812347017903,511443.0,3.4245819820779886,3.3207727317126086,6.849163964155977,87.79439687421265,0.18909509769992539,0.5262306678466417,0.16116418578895447
49,Brooklyn,Clinton Hill,Boro Zone,994687.7989075348,189923.67993134004,20529807.793920774,14554.0,19.024044386422975,17.122,4.902504466126151,25.819981906463287,26.70178851174935,0.47541775456919055,29.796230589528655,34013.0,0.09449836313596101,0.2208446355189942,0.18899672627192202,3.595482109485678,0.2806427864902228,0.014520877877561284,0.006600226977175283
50,Manhattan,Clinton West,Yellow Zone,985597.5343919232,218437.82028573466,8868555.090206767,136870.0,12.846267691970484,10.997,2.6323324322349677,13.776807919924016,16.31435420471981,2.0374567838094544,23.7120889164901,225410.0,0.8886897734244182,1.4635753768364004,1.7773795468488365,22.832693449053348,0.18950819751276848,0.13655851003860195,0.041913978341439326
51,Bronx,Co-Op City,Boro Zone,1031744.9710915012,257736.0317728284,39876706.61028527,5227.0,24.467069064472927,24.849999999999998,9.300537593265735,37.377565206300616,34.92906255978573,0.02389324660417065,37.906060837956765,7008.0,0.03393863845758335,0.045502578593982046,0.0678772769151667,1.6607580221917377,0.3609383104889557,0.005215104346984528,0.0030486537178732245
52,Brooklyn,Cobble Hill,Boro Zone,985158.534254694,189441.98718140792,4567364.464888411,6889.0,19.09334794600087,17.849999999999998,4.830702569313398,22.580294672666568,25.68805341849325,1.5881579329365656,30.847559878066484,14561.0,0.04472991779879314,0.09454381377097211,0.08945983559758627,1.7080877682567492,0.28166515290603666,0.00687332195262606,0.0031355369388957957
53,Queens,College Point,Boro Zone,1027782.0265390344,223823.08273507966,50616171.08127094,1714.0,21.396300466744457,20.5625,7.294084014002333,24.503286658887593,29.658092182030337,0.9080513418903151,34.00714119019837,4898.0,0.01112891262986376,0.03180245861206108,0.02225782525972752,0.47623511699342447,0.3156383186245427,0.0017100992635797744,0.0008742248663581476
54,Brooklyn,Columbia Street,Boro Zone,983442.5831941621,189642.16029755108,6213454.976435385,1746.0,20.533193012600226,18.549999999999997,5.74225658648339,22.92790187094311,28.321300114547537,1.0118327605956472,33.81079037800687,5095.0,0.01133668696134313,0.03308156934023095,0.02267337392268626,0.4655567630013737,0.3029057536635196,0.0017420264376956163,0.0008546226105426562
55,Brooklyn,Coney Island,Boro Zone,987599.1763107228,149479.23529518777,47477217.557842866,5411.0,25.86190685640362,26.25,9.54157457031972,42.761143965995196,36.81304195158011,0.13253927185363149,38.98441692847902,8925.0,0.03513334086358973,0.05794955963916806,0.07026668172717947,1.8172303779368737,0.38151496373250415,0.005398685598150618,0.0033358900417160223
56,Queens,Corona,Boro Zone,1023365.172611275,209422.59485546063,18264365.579350106,5551.0,21.857365699873895,20.026999999999997,6.57288056206089,25.03137572809704,30.48569086651054,0.7391172761664565,34.744085750315264,10809.0,0.036042353563811975,0.07018227340501597,0.07208470712762395,1.5755818050567831,0.32243995497225625,0.005538366984907426,0.002892295724972994
57,Queens,Corona,Boro Zone,1024817.4538048006,213218.63492433997,1819609.0363074085,358.0,20.557513966480446,19.8205,7.055055865921788,23.088547486033523,29.076899441340785,0.2909776536312849,32.328519553072624,589.0,0.002324475333425453,0.0038243462887921553,0.004648950666850906,0.09557086826326608,0.30326453648216756,0.00035718526042097975,0.00017543945533176532
58,Bronx,Country Club,Boro Zone,1033945.7966954281,245891.95429244667,13303673.525735665,254.0,23.301870078740155,22.049999999999997,8.608937007874015,28.781167979002625,33.113740157480315,0.17464566929133857,37.02708661417323,660.0,0.0016492087561175,0.004285345586762008,0.003298417512235,0.07685929633554128,0.34374928992480047,0.00025342194454449404,0.00014109062030435608
59,Bronx,Crotona Park,Boro Zone,1013307.8668851721,244801.2399171087,6338822.233478144,111.0,16.82409009009009,14.686,5.486396396396397,22.194894894894894,23.903423423423426,0.13099099099099099,27.391351351351354,211.0,0.000720717212319065,0.0013700119981920964,0.00144143442463813,0.02425082261906907,0.24818905103139344,0.00011074738521432611,4.4517238243738174e-05
60,Bronx,Crotona Park East,Boro Zone,1015824.0717104394,243143.05780958594,16316129.854729848,2902.0,18.70500103376981,16.621499999999997,6.3300792556857335,26.789840339995408,26.684100620261887,0.03732942798070296,29.910465196416265,2992.0,0.018842534686035375,0.019426899993321103,0.03768506937207075,0.7048992615622705,0.27593625754816103,0.0028953956026304003,0.0012939836663572659
61,Brooklyn,Crown Heights North,Boro Zone,1001091.0141538235,185009.74769500326,51618635.16828606,31764.0,18.791283591487215,16.373,4.939868719304873,26.779112622255802,26.63274965369601,0.2119411912857323,28.879100239264577,49646.0,0.20624199578470973,0.3223488893945252,0.41248399156941945,7.751103662529582,0.27720909821923295,0.03169171120673743,0.01422870200392348
62,Brooklyn,Crown Heights South,Boro Zone,998457.1474750465,182119.2885742171,15993439.626094885,9357.0,18.66418595703751,16.45,4.876099177086673,27.544615439421467,26.43783798225927,0.22528481350860316,28.61134231056963,14150.0,0.060754513114139555,0.09187521220103395,0.12150902622827911,2.2678670609831495,0.2753341533566286,0.009335705256310356,0.0041631238595397696
63,Brooklyn,Cypress Hills,Boro Zone,1018038.508018096,188441.23189381982,35688541.69058471,6859.0,19.12148024493366,17.458,5.901941974048695,25.868374884579868,27.250835398746176,0.06556495115906108,29.40876512611168,8973.0,0.04453512936303123,0.05826122113638712,0.08907025872606246,1.7031551926415334,0.2820801607036693,0.006843390226892458,0.003126482209195816
64,Queens,Douglaston,Boro Zone,1056461.1692268404,216496.53369807045,94785729.04373889,608.0,24.956531249999998,23.4395,9.987631578947369,25.9640625,35.19004934210526,0.4621381578947369,38.771299342105266,2908.0,0.003947712298108031,0.018881492373187755,0.007895424596216062,0.19704241066748476,0.3681588588033796,0.0006066163082009935,0.0003617107789534293
65,Brooklyn,Downtown Brooklyn/MetroTech,Boro Zone,988108.3766447257,192606.94834778874,8264536.35969139,23770.0,19.64492839713925,17.598,5.105925115692049,22.745166175851914,26.69424442574674,1.369938998737905,31.307830458561213,33481.0,0.15433737060201957,0.2173903872581497,0.30867474120403915,6.063893188958837,0.28980207014806564,0.023715904022923708,0.011131489517604844
66,Brooklyn,DUMBO/Vinegar Hill,Boro Zone,988214.5459807585,195128.66351404483,7669160.164758404,21043.0,19.574602670721855,18.389,5.093141662310507,21.63868665747913,26.657915221213706,1.3058028798175165,31.582398897495604,32600.0,0.136631101791262,0.21167010019460827,0.273262203582524,5.3489990600538135,0.2887646247225381,0.020995110153739317,0.009819158271963318
67,Brooklyn,Dyker Heights,Boro Zone,980418.277887647,165020.58539900745,39878699.227609895,1974.0,19.12404255319149,16.618000000000002,5.998444782168186,25.945575818980075,27.19067375886525,0.129387031408308,30.24824721377913,4343.0,0.012817079073133642,0.028198872550465756,0.025634158146267284,0.4902287312044558,0.2821179598863624,0.001969507553270989,0.0008999129457898777
68,Manhattan,East Chelsea,Yellow Zone,984272.7786326221,211948.91240008172,11212740.372394182,567574.0,13.885065402925433,11.899999999999999,2.4882425199181077,15.681199925765922,16.858007149728493,2.9778005687364115,25.53198382942136,561682.0,3.6852283879709997,3.6469719391873605,7.370456775941999,102.33927438338958,0.2048325459152628,0.5662823100507741,0.18786421932896616
69,Bronx,East Concourse/Concourse Village,Boro Zone,1007764.085658132,242196.03761468016,20069273.66852133,7397.0,18.544738407462482,16.45,5.70143706908206,27.420943175161103,26.430048668379072,0.06243477085304853,29.029636339056374,10107.0,0.04802833531102814,0.06562422400818729,0.09605667062205628,1.7813458289778201,0.2735720625797542,0.007380165841715048,0.0032700167705131257
70,Queens,East Elmhurst,Boro Zone,1020706.745137329,217413.87058175215,19726946.865242876,63098.0,35.11343376969158,35.091,9.232602142698658,28.88431408285524,41.68036657263305,8.481681669783512,64.42411265016324,10465.0,0.4096920239901654,0.06794869934161274,0.8193840479803308,28.771387500699134,0.5179935294620603,0.06295440101129324,0.052815639786354666
71,Brooklyn,East Flatbush/Farragut,Boro Zone,1001465.1562155226,174013.8443005886,38680153.413747504,10747.0,17.995027728668465,15.315999999999999,4.892432306690239,27.908607053131107,25.67813343258584,0.029049036940541548,27.560348004094166,12159.0,0.06977971063777469,0.0789477530143019,0.13955942127554938,2.5113756556504345,0.2654627282275759,0.010722541881967232,0.004610132618520067
72,Brooklyn,East Flatbush/Remsen Village,Boro Zone,1005823.7039946363,176959.91492476902,32706946.901540563,12826.0,17.75882044285046,15.039499999999999,4.8481514111960085,27.136245386974377,25.342937782629036,0.02680570715733666,27.078923280835802,13047.0,0.08327854923607501,0.08471349071285442,0.16655709847215003,2.957857605249075,0.2619781973079273,0.012796810475305826,0.00542973959161228
73,Queens,East Flushing,Boro Zone,1037640.2378106113,214077.6206734465,29454380.830762308,727.0,18.031143053645117,16.625,6.025900962861073,25.66373223292068,25.620275103163685,0.13850068775790922,28.236905089408527,2399.0,0.004720373093296939,0.015576581913094025,0.009440746186593877,0.17022744502362883,0.26599550166053115,0.00072534548694428,0.0003124865430247673
74,Manhattan,East Harlem North,Boro Zone,1001596.4822018786,231170.7231356335,24497527.7530612,74287.0,14.034840752756201,12.389999999999999,3.5222095386810612,16.488618466218853,19.207350545855938,0.8424219580814948,23.409360184150657,155883.0,0.4823416175814989,1.0121401910624577,0.9646832351629978,13.539175582366337,0.20704203253494569,0.07411793698573553,0.02485386638183831
75,Manhattan,East Harlem South,Boro Zone,999272.1113831651,227103.7596245498,16651203.548252013,150061.0,13.034331245293581,10.724,2.922153324314779,14.989518484705108,16.992415884207087,1.628057323355169,22.478269170537313,251091.0,0.9743382486289298,1.6303207707964535,1.9486764972578596,25.39969495517737,0.19228251187883005,0.1497194898436666,0.04662622334092646
76,Brooklyn,East New York,Boro Zone,1018425.395770319,180096.55428265326,117150572.0528022,24525.0,19.046752538226297,17.15,5.892212028542303,28.63153584777438,27.152799184505607,0.05684729867482161,29.103092762487258,29156.0,0.15923954623536096,0.18930838776914105,0.3184790924707219,6.0659924628887305,0.2809777772455364,0.02446918578721935,0.01113534315503166
77,Brooklyn,East New York/Pennsylvania Avenue,Boro Zone,1013278.1286526012,182139.0472945757,19397517.07301945,6381.0,18.739030716188683,16.45,5.708827769942015,28.13444601159693,26.74296818680458,0.027075693464974144,28.67332079611346,7687.0,0.04143150028655814,0.04991129019005993,0.08286300057311628,1.5527723129751865,0.27643826357292756,0.006366478063537072,0.00285042433738482
78,Bronx,East Tremont,Boro Zone,1015923.6509313948,247139.97024585522,19265136.849393677,4312.0,18.739704545454547,16.45,6.245980983302411,27.84907622139765,26.71618970315399,0.05481679035250464,29.709515306122448,5627.0,0.027997591166845116,0.03653581760107548,0.05599518233369023,1.049333172902211,0.2764482039052223,0.004302186712109677,0.0019262610423125782
79,Manhattan,East Village,Yellow Zone,988147.6579909977,204368.5018753222,10895063.419956302,549006.0,12.446651286142592,10.78,2.432268663730451,13.151313586129598,15.51091938885914,2.2700110199159935,23.223408450909464,477793.0,3.5646673321300955,3.1022850362663332,7.129334664260191,88.73634246825506,0.183613054535769,0.5477565672700571,0.16289331543875252
80,Brooklyn,East Williamsburg,Boro Zone,1001771.8842984998,199911.28634464616,39166050.81671288,22005.0,19.328590229493294,18.038999999999998,5.200379913655987,21.217264258123155,26.9272488070893,0.6850229493296978,31.04318700295387,32982.0,0.14287731763136058,0.21415040627664325,0.28575463526272116,5.523234251171452,0.2851354481071325,0.021954920825596812,0.010139001835015404
81,Bronx,Eastchester,Boro Zone,1029422.4201378655,260268.37646953634,40256448.03559383,2940.0,22.22580714285714,21.665,8.2795,31.69202380952381,31.70672789115646,0.044425170068027216,34.53754761904762,3484.0,0.019089266704667127,0.022621430339816416,0.038178533409334255,0.8485487205529912,0.3278752047602083,0.002933309121892962,0.0015576809969560866
82,Queens,Elmhurst,Boro Zone,1018302.534288022,208718.58925015814,32671521.420201957,14692.0,18.358714470460114,16.422,5.146969779471822,20.75632770668845,25.658885788184044,0.5678491696161176,29.087075959705963,21718.0,0.09539438994046578,0.14101384159590497,0.19078877988093157,3.502636734001488,0.2708278366426299,0.01465856381593585,0.006429790709293428
83,Queens,Elmhurst/Maspeth,Boro Zone,1014131.0479577216,208286.3127456639,21956022.63251699,5462.0,20.348705236177224,17.9725,5.283136213841084,19.88394971316978,28.020190406444527,1.0493885023800806,32.42559868180154,7413.0,0.03546448120438498,0.04813222247676782,0.07092896240876996,1.4433125487639549,0.30018418917402084,0.005449569531897741,0.002649489033950488
84,Staten Island,Eltingville/Annadale/Prince's Bay,Boro Zone,932076.4501930304,131946.88658336038,140862090.79656002,6.0,46.61066666666667,44.849,13.86,43.324999999999996,65.03666666666668,1.55,73.79666666666667,162.0,3.895768715238189e-05,0.001051857553114311,7.791537430476378e-05,0.00363168753992791,0.6876007597435932,5.986345146720331e-06,6.6666892905586885e-06
85,Brooklyn,Erasmus,Boro Zone,997674.78128442,174677.62359658885,14522165.916722812,7899.0,19.030462843397896,16.799999999999997,5.2034561336878085,27.807321601890532,27.105718445372833,0.08065704519559438,29.345669072034436,9651.0,0.05128779513611076,0.06266343978460627,0.10257559027222152,1.9520609593151181,0.2807374715957566,0.007881023385657316,0.003583398557531782
86,Queens,Far Rockaway,Boro Zone,1052215.5705983127,158853.81499105782,54316299.287827805,3541.0,30.72978650098842,31.849999999999998,11.777286077379273,49.526936835168975,43.85720700367128,0.042487997740751196,46.27869245975713,6323.0,0.022991528367764046,0.04105490931075178,0.04598305673552809,1.4130495161456158,0.4533259456670445,0.003532941360756115,0.0025939351810271957
87,Manhattan,Financial District North,Yellow Zone,982171.727891981,196785.94084490498,4182716.8385355086,136216.0,17.743258838902918,15.946,4.215688759029776,18.342977819541513,22.449852366829152,2.8976602601750163,30.93916610383509,199195.0,0.8844433855248086,1.2933627487197852,1.7688867710496172,31.385815835444564,0.2617486324580255,0.13590599841760945,0.05761494622132581
88,Manhattan,Financial District South,Yellow Zone,981057.2642958593,195528.92479920073,2621586.361983889,67715.0,18.95001203573802,17.647,4.654352654507863,19.749864136454256,24.014421029314036,3.057024736025991,32.67790991656206,88506.0,0.4396699642539233,0.5746648431847853,0.8793399285078466,16.663502228728703,0.2795506609271919,0.06756089360169454,0.030589193213927116
89,Brooklyn,Flatbush/Ditmas Park,Boro Zone,995082.8902422966,171682.828384498,45253836.296228275,18307.0,19.460942535642104,16.884,5.528940296061616,28.78890770379272,27.691419129294804,0.1099273501939149,30.332679849237998,28335.0,0.11886639644977587,0.18397767757712347,0.23773279289955174,4.626504221455882,0.28708790990976146,0.01826533676683485,0.008492874402547512
90,Manhattan,Flatiron,Yellow Zone,985089.2186553577,209708.74184834195,5584323.850991554,340987.0,12.04005438037227,9.792999999999997,2.1446475965359384,13.073867332185683,14.627969248094502,2.5721084381516013,22.81353400569523,319993.0,2.214010811504874,2.0776978641586896,4.428021623009748,53.313621138501645,0.17761493519290614,0.34021097875745426,0.09786782127517708
91,Brooklyn,Flatlands,Boro Zone,1003654.1440255485,167452.06576771155,54341521.86908527,11134.0,18.248648553978803,15.749999999999998,5.322974672175319,29.03234686545716,26.04209268906053,0.02740524519489851,27.833126459493446,12423.0,0.07229248145910333,0.0806618912490067,0.14458496291820666,2.638480174484411,0.26920414375843116,0.011108661143930694,0.004843458400315961
92,Queens,Flushing,Boro Zone,1031660.7208707302,216612.8159510848,37843336.9811667,5739.0,19.75759086948946,19.194,6.9499878027530935,23.849866411105303,28.057733054539117,0.1673967590172504,31.224711622233837,17530.0,0.03726302776125328,0.11382137596354241,0.07452605552250656,1.47245531413054,0.2914640674358666,0.005725939132837997,0.0027029864121336715
93,Queens,Flushing Meadows-Corona Park,Boro Zone,1028348.080639231,209164.12047047325,54770228.94910867,4587.0,40.977551340745585,37.87,8.703052103771528,23.459112709832134,52.743714846304776,5.795644211903205,64.31457161543493,12575.0,0.029783151827995954,0.08164881932353371,0.05956630365599191,2.44088126624185,0.6045010176711074,0.004576560864667693,0.004480726058691406
94,Bronx,Fordham South,Boro Zone,1012040.665243386,251942.57172494626,6307283.533786809,2148.0,18.132629888268156,15.648499999999999,5.858947858472998,26.459970515207946,25.887248603351953,0.016508379888268157,28.36306331471136,2843.0,0.013946852000552717,0.018459450762370284,0.027893704001105434,0.5057862108649495,0.2674926358914105,0.0021431115625258784,0.0009284718132310883
95,Queens,Forest Hills,Boro Zone,1026474.8421587804,202150.22155636095,57843767.6370688,11992.0,19.498404269513006,17.773,6.020080053368913,23.357093617967532,27.421261674449635,0.43360156771180786,30.749110240160107,30953.0,0.07786343072189393,0.20097621507127944,0.15572686144378786,3.0364253000534136,0.28764054557264856,0.0119647084999117,0.005573966319208555
96,Queens,Forest Park/Highland Park,Boro Zone,1019865.1809046713,193239.00952966628,55318432.5914803,377.0,21.500397877984085,18.27,6.04185676392573,21.452564102564104,29.84846153846154,0.8663925729442971,33.503633952254646,1006.0,0.002447841342741329,0.006531905545882697,0.004895682685482658,0.10525912562223476,0.317173964093156,0.0003761420200522608,0.0001932241906288154
97,Brooklyn,Fort Greene,Boro Zone,991215.6982442432,190949.61806373845,16499500.810201744,23391.0,18.7723346158779,16.863,4.909918344662477,23.325452809485128,25.90599632337224,0.9116245564533368,29.635621820358256,33784.0,0.1518765433635608,0.21935775045934497,0.3037530867271216,5.702154584647306,0.2769295628476729,0.02333776655448921,0.010467445914505331
98,Queens,Fresh Meadows,Boro Zone,1045981.3581738913,206939.6178548511,49048453.05609161,1163.0,19.93824505588994,18.011,7.439380911435942,25.671696761249642,28.36860705073087,0.11460017196904557,30.68110060189166,3657.0,0.007551298359703356,0.02374471031937676,0.015102596719406712,0.3011192743718105,0.29412907878848615,0.0011603532342726241,0.0005527646912253915
99,Staten Island,Freshkills Park,Boro Zone,932463.5770637904,149465.339574893,116225516.81094263,1.0,8.959999999999999,8.959999999999999,2.8,8.183333333333334,12.8,0.0,15.3,2.0,6.492947858730315e-06,1.298589571746063e-05,1.298589571746063e-05,0.00011635362562844723,0.13217795942207639,9.977241911200552e-07,2.135903657367621e-07
100,Manhattan,Garment District,Yellow Zone,987356.7624025445,213801.8903360138,3782271.7856891034,307591.0,13.249036255937266,10.43,2.383986267478567,14.676006612677224,16.17854173236538,2.7486529189735722,24.732943421621567,267951.0,1.9971723248147162,1.7397918716946466,3.9943446496294324,52.92121708164939,0.19544984114050168,0.30689098167080886,0.09714748509685028
101,Queens,Glen Oaks,Boro Zone,1064321.6844356095,211194.12738601945,45665147.001575395,1146.0,24.547540139616057,23.0265,9.936003490401395,27.54041593949971,34.854005235602095,0.2139092495636998,37.610968586387436,2720.0,0.007440918246104941,0.017660818175746457,0.014881836492209881,0.36531247864372507,0.3621254201435226,0.001143391923023583,0.0006706041646770954
102,Queens,Glendale,Boro Zone,1018703.895664441,195621.72184014547,29960993.345459864,3364.0,17.612235136741972,15.543499999999998,5.2335315101070154,22.057347403884265,24.92957788347206,0.23075802615933413,27.495740190249702,6499.0,0.02184227659676878,0.04219766813388832,0.04368455319353756,0.769382622688096,0.25981577022727104,0.003356344178927866,0.0014123557807835258
103,Manhattan,Governor's Island/Ellis Island/Liberty Island,Yellow Zone,971690.5178691468,190614.3221264578,639620.2331307604,0.0,0.0,0.0,0.0,0.0,0.0,0.0,0.0,0.0,0.0,0.0,0.0,0.0,0.0,0.0,0.0
104,Manhattan,Governor's Island/Ellis Island/Liberty Island,Yellow Zone,972944.834560436,193859.36077724295,1204254.9579302247,0.0,0.0,0.0,0.0,0.0,0.0,0.0,0.0,0.0,0.0,0.0,0.0,0.0,0.0,0.0,0.0
105,Manhattan,Governor's Island/Ellis Island/Liberty Island,Yellow Zone,978960.5655138263,190219.67387671873,7732952.416888809,1.0,55.3,55.3,13.3,28.7,70.0,9.0,90.69,4.0,6.492947858730315e-06,2.597179143492126e-05,1.298589571746063e-05,0.0007181200331755728,0.8157858433081276,9.977241911200552e-07,1.3182530385315787e-06
106,Brooklyn,Gowanus,Boro Zone,986844.2853590193,184655.37448370285,11482281.936924793,5129.0,19.3614827451745,17.969,5.2941976993566,23.942971339442387,27.19027490738936,0.4689861571456424,30.830567362058883,9164.0,0.033302329567427784,0.05950137417740461,0.06660465913485557,1.2895649585877351,0.2856206786431816,0.005117327376254762,0.002367254562617815
107,Manhattan,Gramercy,Yellow Zone,988669.5907152938,207721.84599820204,7533221.397476041,423817.0,12.084446383698625,10.184999999999999,2.2031367311835064,12.979873978627568,14.737643676398067,2.52585115745711,22.834955086747346,415702.0,2.751821682643506,2.699131410769909,5.503643365287012,66.50848316280955,0.17826980622129182,0.4228524735079284,0.12208963121359465
108,Brooklyn,Gravesend,Boro Zone,989407.3274538667,153648.26672411078,31337062.598230544,2143.0,21.7100671955203,19.179999999999996,7.363597760149323,35.050731062373615,30.942879141390573,0.07150256649556695,32.91445636957536,3215.0,0.013914387261259065,0.02087482736581796,0.02782877452251813,0.604164564852852,0.3202670067879502,0.002138122941570278,0.0011090649704736193
109,Staten Island,Great Kills,Boro Zone,942318.0695212188,140370.83697271615,89598176.26223636,26.0,38.99753846153846,38.0835,14.776538461538461,43.86346153846154,55.63384615384616,0.07692307692307693,65.93038461538461,159.0,0.00016881664432698819,0.0010323787095381201,0.00033763328865397637,0.01316686716017916,0.5752918589654124,2.5940828969121434e-05,2.417041976268634e-05
110,Staten Island,Great Kills Park,Boro Zone,948580.6069577679,138144.9262860037,23397177.94222166,0.0,0.0,0.0,0.0,0.0,0.0,0.0,0.0,1.0,0.0,6.492947858730315e-06,0.0,0.0,0.0,0.0,0.0
111,Brooklyn,Green-Wood Cemetery,Boro Zone,986959.7652887183,176867.70260620638,21096525.841185313,53.0,19.21909433962264,16.191,5.417924528301886,24.775471698113204,26.301509433962263,1.1543396226415095,30.43622641509434,227.0,0.0003441262365127067,0.0014738991639317814,0.0006882524730254134,0.013227589208554007,0.28352016425800214,5.287938212936292e-05,2.4281887234805217e-05
112,Brooklyn,Greenpoint,Boro Zone,998235.3938487581,205059.36264106684,35375718.88928038,22517.0,17.949742150375272,17.198999999999998,4.616407159035395,20.862035351068084,25.04552915574899,0.5969596305013989,29.543584847004485,55029.0,0.1462017069350305,0.3573004277180705,0.292403413870061,5.24856588285706,0.2647946751773479,0.022465755611450283,0.009634793075488384
113,Manhattan,Greenwich Village North,Yellow Zone,985828.421266087,206174.92383447656,5852730.83075177,314207.0,12.145557002231012,10.002999999999998,2.115310480033863,13.409891196992216,14.736496386140347,2.6142993313325293,22.85972390812426,282388.0,2.0401296678480763,1.8335305599311362,4.0802593356961525,49.557022345582865,0.1791713103347552,0.3134919249192592,0.09097183238121666
114,Manhattan,Greenwich Village South,Yellow Zone,984976.1217439739,204630.6079875288,4748116.2083848445,331657.0,12.455395716056044,10.43,2.2969692181983197,13.523648779713177,15.273646176622233,2.5197762748864037,23.305212433327203,233390.0,2.15343160798292,1.5153891007490683,4.30686321596584,53.64368564978028,0.1837420524043259,0.3309022120543041,0.09847372074156632
115,Staten Island,Grymes Hill/Clifton,Boro Zone,959864.0081423334,164432.11292961225,37744183.29775539,153.0,27.84069281045751,25.227999999999998,9.111437908496733,27.268627450980393,39.299019607843135,0.47339869281045754,47.955555555555556,275.0,0.0009934210223857382,0.0017855606611508366,0.0019868420447714764,0.055315059031383944,0.4107060228329405,0.00015265180124136843,0.0001015418610760961
116,Manhattan,Hamilton Heights,Boro Zone,998496.7141201992,240584.4096847475,16093998.066844339,33618.0,16.030147212802664,14.35,4.403747397227676,18.555872845896047,22.200024391694928,0.700185912308882,25.998763460051165,63289.0,0.21827992111479572,0.4109321770311829,0.43655984222959143,6.998118538138256,0.23647680221247114,0.03354149185707401,0.012846447112901303
117,Queens,Hammels/Arverne,Boro Zone,1042676.051909837,155778.33770686,61915726.34571673,3270.0,31.346081345565747,30.569,11.76485626911315,48.71881753312946,44.74818960244648,0.03192660550458716,47.9480366972477,4374.0,0.02123193949804813,0.028400153934086396,0.04246387899609626,1.3310762052598941,0.4624175299258142,0.00326255810496258,0.002443456763546289
118,Staten Island,Heartland Village/Todt Hill,Boro Zone,947313.2115533687,153002.19989383093,184872156.28682882,102.0,31.966254901960784,28.3675,11.461176470588235,31.64673202614379,44.63803921568628,1.0280392156862745,55.18068627450981,455.0,0.0006622806815904922,0.0029542912757222935,0.0013245613631809843,0.042341266168732,0.4715663329583843,0.00010176786749424563,7.772586782655421e-05
119,Bronx,Highbridge,Boro Zone,1004682.7553744144,244528.83953167713,16460938.853881186,4161.0,20.379997837058397,18.416999999999998,6.47407354001442,26.101201634222544,28.74615236721942,0.36813025714972364,32.18419610670512,6098.0,0.02701715604017684,0.03959399604253746,0.05403431208035368,1.1012191633245465,0.3006458177599006,0.00415153035925055,0.002021508161695949
120,Manhattan,Highbridge Park,Boro Zone,1003566.2603626965,247748.72753217374,7799626.889225167,302.0,18.992483443708608,16.338,5.472682119205298,18.422185430463575,26.55950331125828,0.5726158940397351,30.243344370860928,1573.0,0.0019608702533365553,0.010213406981782785,0.0039217405066731105,0.07448359164351046,0.2801771993244391,0.00030131270571825665,0.00013672953889144182
121,Queens,Hillcrest/Pomonok,Boro Zone,1039005.1967439284,204689.62747248283,38832853.87166821,3249.0,19.923365958756538,18.549999999999997,6.862071406586642,26.57718272288909,28.211421975992614,0.2505293936595876,31.034269005847953,7074.0,0.021095587593014792,0.04593111315265825,0.042191175186029585,0.8405902234612753,0.29390958228210934,0.003241605896949059,0.001543071582807165
122,Queens,Hollis,Boro Zone,1050471.5070567904,198271.7856382352,22887594.89805395,2125.0,20.64208752941176,18.298,7.496781176470588,27.776698039215685,29.470790588235293,0.017905882352941174,31.853110588235296,3102.0,0.013797514199801918,0.02014112425778144,0.027595028399603837,0.5696189916012258,0.3045121660546358,0.002120163906130117,0.0010456496571514277
123,Brooklyn,Homecrest,Boro Zone,994154.4642102672,157857.78764196427,29991986.186756667,3367.0,16.993858627858625,13.769,5.0913691713691716,27.796030096030098,24.196929016929015,0.08001188001188,26.18125631125631,6167.0,0.02186175544034497,0.040042009444789854,0.04372351088068994,0.7430311626200832,0.2506934772475,0.0033593373515012253,0.0013639824021008727
124,Queens,Howard Beach,Boro Zone,1027278.1400976918,179131.7944112152,63862940.22734229,2770.0,22.709862454873644,19.25,6.999945848375451,25.11626955475331,31.592653429602887,0.8500072202166065,34.896440433212994,6489.0,0.01798546556868297,0.04213273865530101,0.03597093113736594,0.8168948985033121,0.33501599085281525,0.0027636960094025525,0.0014995740716923465
125,Manhattan,Hudson Sq,Yellow Zone,982175.1477564898,203883.8201161869,4105926.9211852145,112270.0,13.637694851696802,10.969,2.601000445354948,14.83114367150619,16.75427941569431,2.728141801015409,25.019727977197824,119844.0,0.7289632560996524,0.7781408431816759,1.4579265121993048,19.882756889572732,0.2011833344551607,0.11201449493704858,0.03649877941457698
126,Bronx,Hunts Point,Boro Zone,1015935.0216336484,235158.32693405412,49744786.10115223,3556.0,18.49712204724409,17.1325,5.85505905511811,24.79522403449569,26.355742407199102,0.06871766029246344,29.550320584926883,4633.0,0.023088922585645,0.03008182742949755,0.04617784517129,0.8541572380120923,0.27286962582431074,0.003547907223622916,0.001567976553187018
127,Manhattan,Inwood,Boro Zone,1006568.4872156872,254822.37005747703,14430827.646517234,6426.0,19.220445533769063,17.212999999999997,6.564755680049798,22.842750804025314,27.16058356676004,0.2971957671957672,30.309799253034544,26111.0,0.041723682940201005,0.16953736153930726,0.08344736588040201,1.6038955508407657,0.28354009707999517,0.006411375652137475,0.0029442712718003032
128,Manhattan,Inwood Hill Park,Boro Zone,1005166.5528590761,257117.8925632856,9982965.5933928,428.0,21.292789719626168,20.174,6.932873831775701,23.41218847352025,29.822266355140187,0.5960046728971963,33.88803738317757,2631.0,0.002778981683536575,0.01708294581631946,0.00555796336707315,0.118344545244474,0.31411132762762867,0.0004270259537993836,0.000217245097135486
129,Queens,Jackson Heights,Boro Zone,1016021.9707671711,215206.60151323938,47842299.757831804,20131.0,19.243534449356712,17.374,5.261953206497442,20.125675988939115,26.5440007947941,0.9467627042869207,30.931140032785258,31634.0,0.13070953334409996,0.20539791256307477,0.2614190666881999,5.030626815533055,0.2838807048643304,0.02008518569143783,0.009234722301185995
130,Queens,Jamaica,Boro Zone,1041371.2864290018,195964.28511474803,47307643.25240044,21567.0,20.568889646218757,17.15,6.666650901840775,22.75943107525386,28.665646126025873,0.7184819400009274,32.054968238512544,23756.0,0.1400334064692367,0.15424646933199737,0.2800668129384734,5.760663368899651,0.3034323505597177,0.021517917629886227,0.010574850497385957
131,Queens,Jamaica Estates,Boro Zone,1046313.573758885,201910.06961972587,42789340.187272765,3247.0,20.95841392054204,18.872,7.6745149368647985,27.898141874550866,29.838894364028334,0.10169695103172158,32.63848167539267,6073.0,0.021082601697297334,0.0394316723460692,0.04216520339459467,0.8837157857877593,0.30917861436835786,0.003239610448566819,0.001622237183192764
132,Queens,JFK Airport,Airports,1043488.1868617043,175062.67758486557,196076274.13256884,841308.0,49.86218797515297,55.44,15.585404869560257,43.638238849505775,61.78296819951789,9.4487289078435,80.49015412904667,183171.0,5.462568977132684,1.1893197522314904,10.925137954265368,544.751282330058,0.7355672163923789,0.8393933437828314,1.0
133,Brooklyn,Kensington,Boro Zone,990855.5089877855,172661.46367470387,15893533.843715664,4390.0,19.744359453302962,17.2655,5.784145785876993,26.970356871678057,28.047535307517084,0.15869248291571753,31.638195899772207,7492.0,0.028504041099826082,0.04864516535760752,0.057008082199652164,1.1255880666933746,0.291268877526068,0.004380009199017042,0.0020662421607874158
134,Queens,Kew Gardens,Boro Zone,1031739.0022501621,197284.97927258155,20441824.782739896,5215.0,26.97582013422819,20.16,6.0355723873441995,21.403943751997442,36.286857142857144,2.2500287631831255,41.29942090124641,9004.0,0.033860723083278595,0.05846250252000776,0.06772144616655719,1.8268415510188638,0.39794741730795147,0.0052031316566910875,0.0033535332733957723
135,Queens,Kew Gardens Hills,Boro Zone,1033808.0664842709,204694.61460670287,47249324.57242025,2726.0,20.242590242112986,18.6095,6.8897835656639765,26.127965272682804,28.640909757887012,0.2770763022743947,31.775623624358037,7307.0,0.01769977586289884,0.04744397000374241,0.03539955172579768,0.716578620339806,0.29861878031470196,0.0027197961449932704,0.0013154234667879863
136,Bronx,Kingsbridge Heights,Boro Zone,1010274.3202539553,254530.65081090233,13170138.819437936,2745.0,20.157508561020034,17.849999999999998,6.826626593806922,30.300157862780814,28.695770491803277,0.1006703096539162,31.219974499089254,4162.0,0.017823141872214714,0.02702364898803557,0.03564628374442943,0.7185402697468855,0.29736365498087763,0.002738752904624551,0.0013190244668603293
137,Manhattan,Kips Bay,Yellow Zone,990763.615736023,209039.3538898732,6930500.994082938,233710.0,12.246446326644131,10.381,2.4354071284925762,13.555698016059788,15.325542253219803,2.1693810705575287,23.007852980189124,278741.0,1.517466844063862,1.8098507790903466,3.034933688127724,37.16715251658029,0.1806596300923889,0.23317812070666807,0.068227746720679
138,Queens,LaGuardia Airport,Airports,1019251.3069710146,221428.0449285067,31526079.68021434,591771.0,36.396371792467015,36.05,9.475722585256797,29.848623482169057,42.743538919615865,9.25127792676559,67.6542751672522,216861.0,3.8423382473086973,1.4080671655921149,7.684676494617395,279.6943428029268,0.5369194368186955,0.5904242423033061,0.5134349415509288
139,Queens,Laurelton,Boro Zone,1055193.0494190822,186064.86991700612,45138720.727584645,2353.0,24.745577135571608,24.849999999999998,9.31492562685933,35.94716673749823,35.28032724181895,0.07049723756906077,37.81433489162771,5619.0,0.015277906311592431,0.03648387401820564,0.030555812623184863,0.7561212182070937,0.3650468627791792,0.0023476450217054896,0.0013880118188486783
140,Manhattan,Lenox Hill East,Yellow Zone,996787.6630546569,218166.4343533099,7459065.995354694,420498.0,12.722049184538333,10.828999999999999,2.424073646010207,13.906614736177898,15.544409581020599,2.629946396891305,23.246068494975006,429472.0,2.73027158870038,2.788539302784626,5.46054317740076,69.4692988771877,0.18767572554459463,0.419541026917601,0.12752480100652083
141,Manhattan,Lenox Hill West,Yellow Zone,995431.1975186545,218699.1927268597,7736066.734777964,476146.0,11.13077408609964,9.17,1.9924319851474128,11.868366425424135,13.491552927043386,2.4095529102418167,20.986527346654178,545795.0,3.0915911511430045,3.543818476555712,6.183182302286009,68.82360533991502,0.1642012282911582,0.47506238270504975,0.12633950129596144
142,Manhattan,Lincoln Square East,Yellow Zone,989365.0684741095,221132.7753491493,7634308.025314353,652092.0,11.950201393361672,10.136,2.1750369733105144,12.59135449190196,14.307782306791067,2.7639339694398948,22.33771242401379,575718.0,4.233999355095168,3.7381069553324995,8.467998710190336,101.1942899855014,0.17628942353319194,0.6506079632358589,0.1857623713204755
143,Manhattan,Lincoln Square West,Yellow Zone,987671.7097013488,221982.08549339895,8187361.534849179,241565.0,11.868579645230062,10.241,2.2671955788297145,12.661655800026217,14.687105209777906,2.2680085691221823,21.95587345021009,315595.0,1.5684689494941886,2.049141879475994,3.136937898988377,37.23099729628421,0.17508533914563626,0.24101524422791612,0.0683449465911058
144,Manhattan,Little Italy/NoLiTa,Yellow Zone,985104.1485227022,201915.7902757445,4794914.441044548,241942.0,13.390745335658957,11.472999999999999,2.514012159939159,15.011321790621995,16.715465111472998,2.4141710823255162,24.585022939382167,224218.0,1.57091679083693,1.4558357829887938,3.14183358167386,42.071493379215916,0.19754033410804558,0.24139138624796838,0.07723064588166555
145,Queens,Long Island City/Hunters Point,Boro Zone,998411.7431344199,210842.5649406597,27554733.884128876,31528.0,22.335990008880994,18.066999999999997,5.449698363359554,21.620534128393807,30.22814418929206,1.6804129662522203,36.06904053539711,52360.0,0.20470966009004937,0.33997074988311926,0.40941932018009874,9.144785844985535,0.3295006228845732,0.0314562482976331,0.016787084567971376
146,Queens,Long Island City/Queens Plaza,Boro Zone,1002305.987357746,214074.29665507557,10562275.68741284,16814.0,17.735772689425477,15.532999999999998,4.353446532651362,19.43024959359264,24.14702212442013,1.189796003330558,28.893243130724397,17639.0,0.10917242529669151,0.11452910728014402,0.21834485059338302,3.872514638030809,0.2616381967479968,0.016775734549492605,0.007108775625946119
147,Bronx,Longwood,Boro Zone,1012217.112268326,237923.2448208716,10731427.215112172,2879.0,17.994386245224035,16.45,5.518919763806877,25.659517193469956,25.641889544980895,0.06437651962486975,28.589218478638415,3300.0,0.018693196885284577,0.02142672793381004,0.037386393770569154,0.6727452098236592,0.26545326506098127,0.0028724479462346386,0.0012349584693883313
148,Manhattan,Lower East Side,Yellow Zone,986773.5460915552,201205.26489160702,7044173.837964757,262215.0,14.188372785691131,12.291999999999998,2.979513528974315,14.837316896439944,17.94807108670366,2.3210328928551,25.706887020193353,257959.0,1.7025483227769695,1.6749143366902133,3.405096645553939,48.31278057842567,0.20930693776030976,0.26161824877454526,0.08868777760701729
149,Brooklyn,Madison,Boro Zone,998651.5086685958,159666.94559370997,27379162.907263916,2492.0,17.67181460674157,14.440999999999999,5.317399678972713,29.122552166934188,25.180016051364365,0.06543338683788122,27.18697030497592,4930.0,0.016180426063955946,0.032010232943540454,0.03236085212791189,0.5718749793206374,0.26069468683084196,0.0024863286842711774,0.0010497909741020957
150,Brooklyn,Manhattan Beach,Boro Zone,999908.708734879,150763.56700925966,20404764.764083467,1384.0,21.629195809248554,18.487,7.464241329479769,30.546616088631986,30.591510115606937,0.3073410404624278,33.03726156069364,2834.0,0.008986239836482756,0.018401014231641713,0.017972479672965513,0.3887302820243105,0.3190739917418527,0.0013808502805101564,0.0007135922293961369
151,Manhattan,Manhattan Valley,Yellow Zone,993063.3768608607,229997.64462554798,8969506.334865436,168235.0,12.416039284334413,10.373999999999999,2.5225292002258746,13.142476298035486,15.48195963978958,2.2552393378310103,21.69179059054299,185164.0,1.0923410830134945,1.20226019731394,2.184682166026989,27.125099597175893,0.18316146615040854,0.16785212929308246,0.049793548867207875
152,Manhattan,Manhattanville,Boro Zone,997042.6288289687,237290.9067861937,10648103.06669228,23481.0,14.94970005536391,13.146,3.902501597035901,16.945354400011354,20.514058600570674,0.8426557642349134,24.61130914356288,36656.0,0.15246090867084652,0.23800549670961843,0.30492181734169305,4.558489709594773,0.22053804099219912,0.023427561731690014,0.008368020154256087
153,Manhattan,Marble Hill,Boro Zone,1009034.6862684477,258429.1415350053,3271456.1269193916,863.0,18.65945307068366,16.715999999999998,6.394820393974507,24.157937427578215,26.477219003476247,0.17914252607184242,29.08110081112399,1326.0,0.005603414002084262,0.008609648860676397,0.011206828004168523,0.209113281215006,0.27526433379631293,0.0008610359769366076,0.00038386927759135936
154,Brooklyn,Marine Park/Floyd Bennett Field,Boro Zone,1011301.6035144813,155545.39617014467,98201037.44161859,353.0,25.612801699716712,20.467999999999996,7.53099150141643,22.88961284230406,33.684674220963174,2.905042492917847,39.88492917847025,2026.0,0.002292010594131801,0.013154712361787618,0.004584021188263602,0.11740962568229542,0.37784016336504966,0.00035219663946537945,0.00021552886517329646
155,Brooklyn,Marine Park/Mill Basin,Boro Zone,1007772.0738285038,163199.94683754715,69331025.3775127,4917.0,19.185916615822652,16.45,5.637976408379093,28.74886448376381,27.2787370347773,0.1297152735407769,29.101934106162293,8814.0,0.031925824621376955,0.057228842426848996,0.06385164924275391,1.2250524181542322,0.2830307263305299,0.004905809847737311,0.002248828883732647
156,Staten Island,Mariners Harbor,Boro Zone,937831.3979157201,169323.09568286434,89054051.51956028,54.0,26.464537037037037,23.218999999999994,12.025185185185185,31.288888888888888,37.806481481481484,0.0,47.689629629629636,241.0,0.000350619184371437,0.0015648004339540058,0.000701238368742874,0.018557948781387223,0.3904049668086517,5.3877106320482975e-05,3.40668289976474e-05
157,Queens,Maspeth,Boro Zone,1011322.0566218888,203062.48265449997,35633972.48273691,9581.0,22.787904915979542,19.264,5.67775075670598,19.953313850328776,30.76928295585012,1.7848669241206556,36.28763490241102,11934.0,0.06220893343449515,0.07748683974608758,0.1244178668689903,2.835222520059552,0.33616727358241955,0.00955919547512125,0.005204618349740252
158,Manhattan,Meatpacking/West Village West,Yellow Zone,981760.1630097581,207069.85524818485,7107118.474808724,226873.0,13.613154698884397,11.522,2.5821999092003014,14.984313984769747,16.86051962992511,2.5868442256240276,24.989000498076017,233238.0,1.4730745595537227,1.5144021726745411,2.9461491191074454,40.10638372439165,0.2008213180129007,0.22635668041198026,0.07362329383208628
159,Bronx,Melrose South,Boro Zone,1008372.3431942797,237403.26520762578,17269477.264182337,6942.0,17.584476951887066,16.033499999999997,5.232662057044079,25.14679487179487,25.065119562085854,0.055561797752808985,27.749893402477674,8199.0,0.04507404403530585,0.05323567949372985,0.0901480880706117,1.5852069769343566,0.2594062813621614,0.006926201334755423,0.0029099646542436216
160,Queens,Middle Village,Boro Zone,1017500.3337736354,201008.7480716868,57691348.07055576,3878.0,19.747747292418772,16.695,5.362821041774111,21.713460546673545,27.321843733883444,0.8892238267148014,31.02784940691078,8332.0,0.025179651796156163,0.05409924155894098,0.050359303592312325,0.9944828011631807,0.2913188549436102,0.003869174413163574,0.0018255722077596432
161,Manhattan,Midtown Center,Yellow Zone,990428.525989642,215447.5272239114,7258511.623320484,988316.0,13.455327216194009,11.067,2.2961307314664543,14.869506497247169,16.075863903852614,3.146032119281687,25.182604187324703,793546.0,6.41708425594891,5.1524528015040065,12.83416851189782,172.6879368753589,0.19849304629384507,0.9860667816710085,0.31700326823779634
162,Manhattan,Midtown East,Yellow Zone,991908.5895678961,214959.58164229896,4834224.157280132,700065.0,13.072699426481826,10.828999999999999,2.268651282380922,14.175085075433472,15.550696221065188,3.124588673908851,24.564981951675914,586021.0,4.545485542722038,3.805003797120998,9.090971085444076,118.84353249484764,0.1928485194565308,0.6984717858564614,0.21816108809605672
163,Manhattan,Midtown North,Yellow Zone,990463.7954353758,217776.88244811285,4123463.8857998755,582143.0,13.50284087930285,10.808,2.3884548985386753,14.592518304494485,16.159120662792475,3.130652021925884,25.172891317081888,522119.0,3.7798241453248416,3.3900914430524134,7.559648290649683,102.07672797213645,0.19919396806107662,0.5808181537912023,0.18738226284759701
164,Manhattan,Midtown South,Yellow Zone,988362.833435725,212002.89303566894,5615963.85489075,469049.0,13.052994642350798,10.450999999999999,2.3814972849318514,14.02334951501158,15.893567516400205,2.7535676869580787,24.54344034418579,452264.0,3.0455107001895954,2.936526570380807,6.091021400379191,79.50606970559363,0.19255783439433308,0.46798153412067073,0.14594930252485738
165,Brooklyn,Midwood,Boro Zone,996235.9681391948,165498.6289448304,35799638.16144781,4498.0,17.576598488216984,15.049999999999999,4.915767007558915,29.387931673336297,25.024831036016007,0.08459537572254335,26.996602934637618,8365.0,0.029205279468568955,0.05431350883827908,0.05841055893713791,1.0266589419104073,0.2592900582314368,0.004487763411658008,0.0018846379535245729
166,Manhattan,Morningside Heights,Boro Zone,994834.7872526807,234186.3268721064,15926854.219117967,117793.0,14.16711472668155,12.145,3.102229419405228,15.65368259008034,18.18355708743304,2.0551782363977487,23.97357338721316,163412.0,0.76482380712342,1.0610255954908383,1.52964761424684,21.670693242429707,0.20899333878026952,0.11752492564460466,0.039780894410634364
167,Bronx,Morrisania/Melrose,Boro Zone,1011274.10312161,240777.45048551454,16892045.850118253,5242.0,18.12652537199542,16.219,5.485518885921404,27.20243227775658,25.821987790919493,0.07304845478824876,28.544307516215188,5563.0,0.03403603267546431,0.03612026893811674,0.06807206535092862,1.233910019707738,0.26740258204049655,0.005230070209851329,0.0022650887840593046
168,Bronx,Mott Haven/Port Morris,Boro Zone,1007276.6552625739,233426.31053268496,41905684.81676811,14268.0,17.757836276983458,16.45,5.560524250070086,21.608467666573215,25.243856181665265,0.12448135688253434,28.36998598261845,15942.0,0.09264138004836413,0.10351057476387868,0.18528276009672826,3.290220918745304,0.2619636788887272,0.014235528758900946,0.006039858969532082
169,Bronx,Mount Hope,Boro Zone,1010498.8966177455,248626.50066211302,14719292.146052158,5238.0,17.70569950362734,15.049999999999999,5.730078274150439,25.15486827033219,25.255496372661323,0.03836006109201986,27.79727185948835,6546.0,0.034010060884029386,0.04250283668324864,0.06802012176805877,1.2043438362253893,0.26119455697878713,0.005226079313086848,0.0022108141371858076
170,Manhattan,Murray Hill,Yellow Zone,990209.6000586881,211701.31597992923,7502101.926456188,590015.0,12.750651095311134,10.639999999999999,2.252316313992017,13.833564033682759,15.416492817979204,2.7987230324652765,23.974537630399226,619322.0,3.830936630868767,4.021225453764576,7.661873261737534,97.69387269690878,0.18809766105815726,0.5886722386236993,0.1793366548474085
171,Queens,Murray Hill-Queens,Boro Zone,1037005.2460888692,219265.33237573717,52487948.39100107,1572.0,19.143984732824425,17.849999999999998,6.852907124681934,26.004580152671753,27.277729007633585,0.0708206106870229,30.017054707379135,4845.0,0.010206914033924055,0.031458332375548376,0.02041382806784811,0.390802012869387,0.28241214700804873,0.0015684224284407268,0.0007173953059785639
172,Staten Island,New Dorp/Midland Beach,Boro Zone,955074.2840242308,147604.72249633484,55406033.34222402,86.0,28.184441860465117,25.171999999999997,9.787906976744186,25.70368217054264,38.57058139534884,1.692906976744186,46.7539534883721,275.0,0.0005583935158508071,0.0017855606611508366,0.0011167870317016142,0.03147601916551556,0.4157770103310747,8.580428043632474e-05,5.778053248609819e-05
173,Queens,North Corona,Boro Zone,1022197.0870768115,213491.23352672328,18001087.45663862,3528.0,17.315825396825396,15.851499999999998,5.549943310657596,21.281831065759636,24.638242630385488,0.09865079365079366,27.338939909297054,6407.0,0.02290712004560055,0.041600316930885124,0.0458142400912011,0.7933113821074763,0.2554431324398825,0.0035199709462715545,0.0014562818075696037
174,Bronx,Norwood,Boro Zone,1017705.6853706642,258865.70276778052,15710740.856833003,3331.0,20.875849294506153,18.158,7.41145601921345,30.542399679775844,29.78737616331432,0.03526568598018613,32.61068147703392,6065.0,0.02162800931743068,0.03937972876319936,0.04325601863486136,0.9030061261017155,0.30796062064180985,0.0033234192806209035,0.00165764846342224
175,Queens,Oakland Gardens,Boro Zone,1052245.0396521217,209946.98083071175,50975578.397614144,934.0,21.988334047109205,21.160999999999998,8.498790149892933,26.330121341898643,31.29477516059957,0.11713062098501072,34.073276231263385,2998.0,0.006064413300054114,0.019465857680473483,0.012128826600108228,0.2666926908826435,0.3243720006069042,0.0009318743945061314,0.0004895678074256607
176,Staten Island,Oakwood,Boro Zone,950189.7218172458,144049.9002898066,55952297.25448834,29.0,31.059241379310343,29.427999999999997,10.817241379310344,34.33620689655172,43.786206896551725,0.5841379310344827,52.36793103448276,142.0,0.00018829548790317912,0.0009219985959397047,0.00037659097580635824,0.011696630018839702,0.4581860654815802,2.8934001542481598e-05,2.1471505250634474e-05
177,Brooklyn,Ocean Hill,Boro Zone,1008206.4863896965,185807.8687629447,20099658.941671386,11523.0,19.334647574416383,16.583,5.514607307124881,27.388520061326624,27.543722988804998,0.07720211750412219,29.77113164974399,12737.0,0.07481823817614942,0.08270067687664802,0.14963647635229885,2.8931685345491895,0.2852248060860889,0.011496775854276395,0.005310989856094097
178,Brooklyn,Ocean Parkway South,Boro Zone,992488.3342148869,164182.16421082919,17782012.250833534,1250.0,17.3435696,13.964999999999998,4.886864,27.44496,24.539896,0.236632,27.157791999999997,2581.0,0.008116184823412894,0.01675829842338294,0.016232369646825787,0.28152723274265046,0.25585241504718276,0.001247155238900069,0.0005167995778522585
179,Queens,Old Astoria,Boro Zone,1004100.5532674759,220388.74304930714,15621248.516474873,12991.0,18.68536710030021,18.416999999999998,5.297900854437687,22.579234341723755,26.18831421753522,0.505067354322223,30.23364944961897,21857.0,0.08434988563276552,0.1419163613482685,0.16869977126553104,3.152217155833124,0.2756466176752324,0.012961434966840636,0.005786525443960746
180,Queens,Ozone Park,Boro Zone,1026677.5797665772,185450.93130147815,25030355.285845235,3157.0,18.732647450110864,16.561999999999998,5.702939499524866,22.209286242213068,26.39596769084574,0.3649572378840672,29.103120050681028,4984.0,0.020498236390011602,0.03236085212791189,0.040996472780023205,0.7679724712862411,0.2763440976036626,0.0031498152713660137,0.0014097671656712802
181,Brooklyn,Park Slope,Boro Zone,989405.7462567874,183512.2660660261,31016227.579200797,21105.0,19.279100497512438,17.5,4.998518834399432,24.85570954750059,26.77083487325278,0.7707372660506989,30.424437337123905,60972.0,0.1370336645585033,0.39588801684250474,0.2740673291170066,5.283771581131587,0.2844053753632067,0.021056969053588764,0.009699420180401184
182,Bronx,Parkchester,Boro Zone,1023546.1195878815,244523.60478571683,9180655.522147553,5096.0,21.83827335164835,21.0805,7.53583398744113,31.910527864992147,31.150588697017266,0.046944662480376764,34.73413657770801,4786.0,0.033088062288089685,0.031075248451883287,0.06617612457617937,1.4451722978473394,0.32215830456723077,0.005084402477947801,0.002652902975585338
183,Bronx,Pelham Bay,Boro Zone,1030844.6058161812,248698.68510380972,9595247.987183575,1073.0,22.338696178937557,22.049999999999997,8.42089468779124,31.340509474992235,31.859394221808014,0.05302889095992544,35.067064305684994,1798.0,0.006966933052417628,0.011674320249997107,0.013933866104835256,0.3112644015139109,0.3295405443171542,0.0010705580570718192,0.0005713881024429048
184,Bronx,Pelham Bay Park,Boro Zone,1037392.699343806,255671.9999736178,98603933.15984306,200.0,23.77669,21.518,8.065249999999999,26.567666666666668,33.41005,0.55665,37.64825,374.0,0.001298589571746063,0.002428362499165138,0.002597179143492126,0.061752323369277794,0.3507538354923314,0.00019954483822401102,0.00011335874806048246
185,Bronx,Pelham Parkway,Boro Zone,1024530.2532265898,250593.75299100287,23034260.905978948,2148.0,20.244527932960892,18.231499999999997,6.950358472998138,29.883643699565486,28.876764432029795,0.043989757914338914,31.795013966480447,4444.0,0.013946852000552717,0.02885466028419752,0.027893704001105434,0.564694869804122,0.29864736513861573,0.0021431115625258784,0.001036610446126459
186,Manhattan,Penn Station/Madison Sq West,Yellow Zone,986345.3986004688,211974.4462185665,3742467.602674393,704662.0,13.535608884827052,11.417000000000002,2.2563329369257885,15.591395874901725,16.244015896983235,3.0925682241982684,24.90585595647275,467629.0,4.575333624028621,3.0362907142301983,9.150667248057243,123.85985290489953,0.19967736182274184,0.7030583239630404,0.2273695481268356
187,Staten Island,Port Richmond,Boro Zone,945169.9571905945,168165.56998955715,36421279.91964864,19.0,37.3298947368421,36.12,13.028421052631579,35.51842105263158,52.56,0.7684210526315789,64.22842105263157,145.0,0.00012336600931587598,0.0009414774395158957,0.00024673201863175195,0.009210480283731864,0.5506907714014172,1.8956759631281047e-05,1.6907679857743503e-05
188,Brooklyn,Prospect-Lefferts Gardens,Boro Zone,998832.3808813528,179279.2193722589,31639500.27434548,19452.0,18.74925709438618,16.092999999999996,4.961265679621633,27.965951230379055,26.625758276783877,0.15889471519638085,28.89803259304956,27745.0,0.1263008217480221,0.1801468383404726,0.2526016434960442,4.736093156371815,0.2765891231490909,0.019407730965667315,0.008694046824661307
189,Brooklyn,Prospect Heights,Boro Zone,993240.6149544868,186158.9037662549,10249789.601073727,8019.0,19.673878413767298,17.71,4.940847986033171,25.25283909049341,27.321950367876294,0.7835902232198528,30.65966953485472,21308.0,0.052066948879158394,0.13835173297382555,0.10413389775831679,2.0487176432487995,0.29022914092073643,0.008000750288591723,0.003760831244831301
190,Brooklyn,Prospect Park,Boro Zone,992874.5690428183,180324.55048010786,27379729.07477142,1574.0,19.25227700127065,17.332,4.782604828462516,25.0995764506565,26.75123888182973,0.7520139771283355,30.241092757306227,3223.0,0.010219899929641516,0.020926770948687806,0.02043979985928303,0.39351268874144973,0.28400967502863017,0.0015704178768229668,0.0007223712940303376
191,Queens,Queens Village,Boro Zone,1055901.629081539,200041.3338398747,69533445.62349182,4617.0,21.508830409356722,19.25,8.2027420402859,28.12315717276731,30.635280485163527,0.09162009963179554,33.032243881308204,7940.0,0.029977940263757864,0.0515540059983187,0.05995588052751573,1.2895808663099888,0.31729836083306645,0.004606492590401295,0.00236728376442563
192,Queens,Queensboro Hill,Boro Zone,1035449.7277915126,210299.49328919078,37738152.182983115,1286.0,19.09162363919129,17.766,6.539665629860031,22.904445308449972,27.030101088646965,0.24364696734059096,29.77535769828927,3267.0,0.008349930946327185,0.021212460654471937,0.01669986189265437,0.31882747808102996,0.2816397159243952,0.0012830733097803908,0.0005852716430832675
193,Queens,Queensbridge/Ravenswood,Boro Zone,1000318.472670505,216284.73388045916,12750544.680823866,7986.0,18.481223641372402,17.429999999999996,5.000122714750814,22.85819976625762,25.811508890558475,0.5902391685449536,29.818486100676182,10663.0,0.051852681599820295,0.06923430301764134,0.10370536319964059,1.9166020101023091,0.272635092470942,0.00796782539028476,0.0035183065598385576
194,Manhattan,Randalls Island,Yellow Zone,1005129.3426642001,227468.71626552643,23466439.23187808,1016.0,31.838879921259842,26.144999999999996,6.850393700787402,22.145964566929134,40.6154625984252,4.86865157480315,54.83350393700787,3157.0,0.00659683502447,0.020498236390011602,0.01319367004894,0.4200716764089231,0.4696872966826614,0.0010136877781779761,0.0007711256311543788
195,Brooklyn,Red Hook,Boro Zone,981704.0644012764,185397.130970592,24168828.88229373,6835.0,28.21571060716898,23.45,8.030629114850036,28.572211655693735,38.19547915142648,2.112678858814923,45.10099634235552,10411.0,0.044379298614421706,0.06759808015724131,0.08875859722884341,2.5043868933073163,0.41623828702002585,0.006819444846305577,0.004597303346575584
196,Queens,Rego Park,Boro Zone,1022128.768997929,203864.03666497374,19941127.825093787,5609.0,21.675996077732215,18.689999999999998,5.926648243893742,23.435240981755513,29.981889819932253,0.9838188625423426,34.07550543768943,9626.0,0.03641894453961834,0.062501116088138,0.07283788907923668,1.5788337979918283,0.3197643895084348,0.00559623498799239,0.0028982654088278636
197,Queens,Richmond Hill,Boro Zone,1031135.2530615153,192362.21698943275,50988670.95472369,14797.0,20.68506339122795,16.820999999999998,5.9441082651888895,24.1976661935978,28.863808880178418,0.6862816787186592,31.961117794147462,15209.0,0.09607614946563246,0.09875124398342935,0.19215229893126493,3.9746824841633974,0.3051461461572328,0.014763324856003455,0.007296325154412738
198,Queens,Ridgewood,Boro Zone,1011501.4868411963,196698.5440138868,50486734.4163114,9475.0,18.058652453825857,17.458,5.0154786279683385,23.006733509234827,25.620470712401055,0.1776042216358839,28.494824274406334,19289.0,0.06152068096146973,0.12524247124704904,0.12304136192293946,2.221961192411766,0.2664013204530329,0.009453436710862522,0.004078854450617901
199,Bronx,Rikers Island,Boro Zone,1016742.2004998754,227529.73980097013,18154787.634808525,8.0,34.6675,35.994,10.48375,23.647916666666667,40.5375,8.9875,61.323750000000004,0.0,5.194358286984252e-05,0.0,0.00010388716573968504,0.0036015083182805306,0.5114151125295573,7.981793528960442e-06,6.611289289445714e-06
200,Bronx,Riverdale/North Riverdale/Fieldston,Boro Zone,1009963.3806263335,267014.1902550762,49027397.081777066,1691.0,23.711827321111766,23.232999999999997,8.734624482554702,30.920747092450224,33.628166765227675,0.2458722649319929,38.05010053222945,7381.0,0.010979574829112963,0.047924448145288456,0.021959149658225926,0.5206915648143036,0.34979698096799033,0.0016871516071840134,0.0009558335734193336
201,Queens,Rockaway Park,Boro Zone,1027736.5213460764,149890.08516115407,37653243.49076634,1074.0,29.220098696461825,27.464499999999997,10.660009310986965,40.739121663563004,41.60177839851024,0.14121973929236498,45.34572625698324,2789.0,0.006973426000276358,0.01810883157799885,0.013946852000552717,0.4075283919610964,0.4310550245323659,0.0010715557812629392,0.0007480999222580629
202,Manhattan,Roosevelt Island,Boro Zone,998114.2657052308,216861.1622843492,6316808.404840913,1752.0,22.307226027397256,20.702499999999997,5.961815068493151,29.045129375951294,30.80902397260274,1.0584417808219178,35.60982876712329,10353.0,0.011375644648495511,0.06722148918143495,0.022751289296991023,0.5075181527626828,0.3290762965031697,0.0017480127828423365,0.0009316511391985745
203,Queens,Rosedale,Boro Zone,1056534.442660378,179057.24700622662,61521685.00953895,2064.0,25.09681782945736,24.15,9.620300387596899,34.46627099483204,35.73392926356589,0.11866763565891474,38.157383720930234,5416.0,0.01340144438041937,0.035165805602883383,0.02680288876083874,0.67266721653398,0.37022836704076545,0.0020593027304717936,0.0012348152970962983
204,Staten Island,Rossville/Woodrow,Boro Zone,926485.9389783139,136202.98565098652,64947800.89505086,7.0,59.199,51.834999999999994,17.035714285714285,30.849999999999998,83.28428571428572,1.2857142857142858,94.66857142857143,78.0,4.54506350111122e-05,0.0005064499329809646,9.09012700222244e-05,0.005381264284045662,0.8733039084628906,6.984069337840385e-06,9.878387547852016e-06
205,Queens,Saint Albans,Boro Zone,1049933.6363754966,191188.33726989798,77414581.01644655,6269.0,21.568153453501353,20.377,7.677647152655926,31.866432711224544,30.785291115010367,0.0263566757058542,33.14423193491785,11276.0,0.04070429012638034,0.07321448005504302,0.08140858025276068,1.7558327513232224,0.31817349464129674,0.006254732954131625,0.00322318241053609
206,Staten Island,Saint George/New Brighton,Boro Zone,955854.2053012605,172088.09238731404,56069421.72251479,66.0,33.6525,32.431,11.76878787878788,33.24671717171717,47.14833333333333,0.9266666666666666,56.51651515151515,403.0,0.0004285345586762008,0.002616657987068317,0.0008570691173524016,0.028842518471701696,0.49644182806377524,6.584979661392364e-05,5.294621491909839e-05
207,Queens,Saint Michaels Cemetery/Woodside,Boro Zone,1012130.8105779189,217633.2993820884,4513710.74854738,570.0,37.8345947368421,41.667500000000004,6.360719298245614,23.144619883040935,47.308052631578946,6.7413684210526315,59.39043859649124,374.0,0.0037009802794762793,0.002428362499165138,0.007401960558952559,0.2800501780060593,0.5581361080219889,0.0005687027889384314,0.0005140881482797142
208,Bronx,Schuylerville/Edgewater Park,Boro Zone,1033088.7374246694,239283.26241425486,88567060.04994448,2861.0,20.797249563089828,19.922,7.523953163229639,25.832226494232785,29.50651170919259,0.20384480950716535,33.20322963998602,5296.0,0.018576323823827432,0.03438665185983575,0.037152647647654864,0.7726728850578205,0.3068011170581343,0.0028544889107944777,0.001418395715844626
209,Manhattan,Seaport,Yellow Zone,983234.0457223997,197610.82357761072,2798937.855261825,44878.0,17.00341693034449,15.225,4.046000044565266,17.83638159751623,21.623333927536876,2.6672616872409645,29.754046303311203,62173.0,0.2913905140040991,0.4036860472208399,0.5827810280081982,9.909268798318163,0.250834481367826,0.04477586624908584,0.018190446025080232
210,Brooklyn,Sheepshead Bay,Boro Zone,1000772.9141552745,154972.18794490898,42925304.40985273,4010.0,20.619561346633414,16.537499999999998,6.649019950124688,32.79617622610141,29.35604488778055,0.10047132169576059,31.403127182044887,6597.0,0.026036720913508563,0.04283397702404389,0.052073441827017126,1.073731528282526,0.30417985970717926,0.004000874006391421,0.001971049106465371
211,Manhattan,SoHo,Yellow Zone,983823.8071164908,203008.49133300316,4012082.7374411793,187822.0,13.428899591102212,11.339999999999998,2.432308036332272,15.19551348262362,16.61987658527755,2.5642656877256127,24.655133743650904,194560.0,1.2195184527224452,1.2632679353945702,2.4390369054448904,32.753581702212095,0.198103185852215,0.187394553024551,0.06012575420128541
212,Bronx,Soundview/Bruckner,Boro Zone,1020315.9032821191,240931.2162116811,16261437.288066518,4115.0,19.446297691373026,17.689,6.862388821385176,25.12198055893074,27.740626974483593,0.039798298906439857,31.63408991494532,3660.0,0.026718480438675245,0.02376418916295295,0.05343696087735049,1.0391510489432114,0.2868718691026698,0.004105635046459027,0.001907569716033459
213,Bronx,Soundview/Castle Hill,Boro Zone,1023516.9037806736,237276.93187677432,59602261.00681677,6164.0,19.73181099935107,18.549999999999997,6.871176184295912,27.31154553320355,28.090833874107723,0.0974675535366645,31.444368916288123,7137.0,0.04002253060121366,0.046340168867758255,0.08004506120242733,1.579434019077785,0.29108376267815916,0.00614997191406402,0.002899367234753613
214,Staten Island,South Beach/Dongan Hills,Boro Zone,960498.7813147745,153070.10553933622,67035907.11419348,156.0,25.02432692307692,20.587,9.019679487179486,24.10448717948718,35.100512820512826,0.648525641025641,43.1,528.0,0.0010128998659619292,0.0034282764694096063,0.0020257997319238583,0.050694274772344214,0.36915898087089677,0.0001556449738147286,9.30594868093017e-05
215,Queens,South Jamaica,Boro Zone,1042216.2459479597,192344.28083004424,39972230.58268852,8267.0,25.443658763759522,21.637,7.5094713922825695,28.33481916051772,34.60960324180477,1.7384807064231282,39.595260674972785,9809.0,0.05367719994812351,0.06368932554628566,0.10735439989624702,2.73148871774829,0.3753449660296166,0.008248185887989496,0.005014194195312266
216,Queens,South Ozone Park,Boro Zone,1034328.3000648457,185669.03225079025,82470628.52251191,14958.0,24.025024401657976,18.339999999999996,5.842217542452199,21.658464812586352,32.62333801310336,1.6981254178366092,36.780002674154304,26544.0,0.09712151407088805,0.17234880796213747,0.1942430281417761,4.6666934909581075,0.35441726567820797,0.014923958450773784,0.008566649849812775
217,Brooklyn,South Williamsburg,Boro Zone,995729.6302937921,195734.9381403171,11589866.309574317,3451.0,18.78194523326572,17.479,4.722042886119965,23.731005505650536,26.431570559258187,0.3997797739785569,29.277267458707623,8701.0,0.022407163060478318,0.05649513931881247,0.044814326120956635,0.841700218869517,0.27707133871766265,0.0034431461835553105,0.0015451092015227996
218,Queens,Springfield Gardens North,Boro Zone,1047209.1610987317,184218.4311918923,28428552.402730122,4354.0,22.76650321543408,21.868000000000002,8.008066146072577,33.599858367784414,32.434161690399634,0.08941433164905833,34.70881947634359,7834.0,0.028270294976911792,0.05086575352529329,0.056540589953823585,1.2872315229862645,0.33585155560181,0.00434409112813672,0.002362971074579953
219,Queens,Springfield Gardens South,Boro Zone,1049585.194577725,180616.2541370329,43279418.01452192,4673.0,33.594279263856194,29.554,10.396071046436978,34.14956844282759,44.74178258078322,3.250044939011342,52.01768885084528,10124.0,0.03034154534384676,0.06573460412178571,0.06068309068769352,2.0386046951562875,0.49558295550802306,0.004662365145104017,0.003742266904699313
220,Bronx,Spuyten Duyvil/Kingsbridge,Boro Zone,1008953.1291249457,260773.7150891078,23223644.378354277,3086.0,21.210526247569668,19.505499999999998,7.342971484121841,27.17448152948801,29.985680492546987,0.3150712896953986,33.59440051847051,9143.0,0.020037237092041752,0.05936502227237127,0.040074474184083504,0.8500006865390562,0.31289777652590955,0.0030789768537964903,0.0015603463711060187
221,Staten Island,Stapleton,Boro Zone,963788.5728740784,164718.9103742411,46530633.74283072,275.0,25.426087272727273,22.154999999999998,8.361309090909092,26.344181818181816,36.09290909090909,0.23007272727272726,43.66490909090909,491.0,0.0017855606611508366,0.0031880373986365846,0.003571121322301673,0.09079964240233956,0.37508575131659805,0.0002743741525580152,0.00016668091539677221
222,Brooklyn,Starrett City,Boro Zone,1016880.3445569858,175209.80327776715,11597852.174516384,4084.0,21.49244760039177,19.25,6.876295298726738,36.16294482533464,30.648795298726736,0.054701273261508324,32.42656709108717,4686.0,0.026517199055054605,0.030425953666010256,0.05303439811010921,1.1398390223998385,0.31705668156313466,0.004074705596534305,0.0020924026420358647
223,Queens,Steinway,Boro Zone,1010448.2493393868,222528.47602007707,57778686.83065572,10788.0,22.664691230997402,20.3175,5.89800241008528,20.88176523297491,30.497529662588057,1.8806006674082312,36.918522432332225,29250.0,0.07004592149998264,0.1899187248678617,0.14009184299996527,3.175138365575578,0.33434962475944924,0.010763448573803154,0.0058286019116735215
224,Manhattan,Stuy Town/Peter Cooper Village,Yellow Zone,990735.9403089168,205899.41753291615,5569389.563075179,40815.0,12.809536420433664,11.186,2.6913583241455346,14.208418881946997,16.897465637633225,1.40187210584344,23.46396545387725,88949.0,0.2650096668540778,0.5775412190862028,0.5300193337081556,6.789301958668603,0.1889663376334476,0.04072211286056505,0.012463122490742573
225,Brooklyn,Stuyvesant Heights,Boro Zone,1003139.565788068,190001.9666835319,31406620.390869126,18103.0,19.474190244710822,17.598,5.078431751643374,28.029869818998694,27.634725736065846,0.18554604209247086,30.242293542506765,30367.0,0.1175418350865949,0.19717134762606348,0.2350836701731898,4.578064116377549,0.28728334017223023,0.018061801031846358,0.008403952895339413
226,Queens,Sunnyside,Boro Zone,1005124.9821983831,208048.82712851572,74853694.40681581,33469.0,23.077762048462752,17.724,5.316546953897637,21.540795960441006,30.863895545131314,2.1043359526726224,36.46883653530132,36864.0,0.21731247188384492,0.23935602986423432,0.43462494376768984,10.03017103259725,0.340443247276121,0.033392830952597125,0.018412386272310042
227,Brooklyn,Sunset Park East,Boro Zone,982958.7984940856,173132.83396129613,27129234.58402947,3137.0,19.70984220592923,17.22,5.794615875039847,28.696599723727555,28.012291998724894,0.14462543831686325,30.70510678992668,6860.0,0.020368377432837,0.04454162231088996,0.040736754865674,0.8029150103840543,0.29075967894094223,0.003129860787543613,0.001473911189249075
228,Brooklyn,Sunset Park West,Boro Zone,981122.0045878767,176946.79144550333,50069291.20773549,8832.0,21.72035880887681,20.464499999999997,6.572392436594203,27.251113375603865,30.576641757246378,0.45244225543478256,34.278935688405795,16732.0,0.057345715488306144,0.10864000357227563,0.11469143097661229,2.491139033115547,0.32041882871346633,0.008811900055972327,0.004572984247894248
229,Manhattan,Sutton Place/Turtle Bay North,Yellow Zone,993906.1723071609,214975.36687718582,6417642.511468004,348444.0,12.148970230510498,10.241,2.105550791518867,13.288017012776802,14.642861263215899,2.7128104946562432,22.896255782851764,431539.0,2.262428723687426,2.8019602260086214,4.524857447374852,54.9723584254608,0.17922166229335165,0.3476510080506365,0.10091276552912037
230,Manhattan,Times Sq/Theatre District,Yellow Zone,988628.0600467023,216099.1397683868,5661414.245116176,714213.0,15.20579010323251,11.41,2.936135354579096,16.054161176941147,18.39676035020365,3.3257969401285052,27.940228671278735,655631.0,4.637347769027355,4.256977897567215,9.27469553805471,141.02907362304703,0.22431588250509793,0.712587587712428,0.25888708883772626
231,Manhattan,TriBeCa/Civic Center,Yellow Zone,982065.7013854686,200780.54042725134,11946736.342900392,302204.0,15.027234897618827,12.592999999999998,3.0839249315032227,16.223731155113764,18.587076478140595,2.880401947029159,27.026312259268572,364363.0,1.9621948146997361,2.3657899606505537,3.9243896293994722,58.97272479076516,0.22168183532628033,0.3015162414532451,0.10825623858749235
232,Manhattan,Two Bridges/Seward Park,Yellow Zone,988955.8875201414,199673.27702499644,15226518.533380166,47910.0,15.742521790857857,14.119,3.763606762680025,17.685629652821262,21.165075767063243,1.3242410770194113,27.47263347944062,114475.0,0.3110771319117694,0.7432802061281528,0.6221542638235388,9.794277055517188,0.23223375072245125,0.04780096599656184,0.01797935566782743
233,Manhattan,UN/Turtle Bay South,Yellow Zone,992439.5608777382,212491.9358422481,6142575.317758338,234766.0,13.529057695748104,10.828999999999999,2.631544644454478,14.123154261406393,16.6049263096019,2.722298970038251,25.2236799621751,315417.0,1.524323397002681,2.0479861347571395,3.048646794005362,41.24531837005603,0.19958071865262536,0.23423171745249086,0.07571403630963096
234,Manhattan,Union Sq,Yellow Zone,986894.2367963481,209001.62663046308,7380800.90718875,600207.0,12.083078969422216,10.240999999999998,2.079865179846286,13.347851491235524,14.595614029826377,2.6659273550625033,22.92461144238571,531212.0,3.897112755444946,3.449131817931848,7.794225510889892,94.17824235356778,0.1782496341198699,0.5988410435795949,0.17288301176775636
235,Bronx,University Heights/Morris Heights,Boro Zone,1007494.9920085217,249885.02158991544,21250913.928515624,4905.0,18.922211620795103,16.45,6.334762487257899,27.665987088005433,26.993804281345565,0.03792660550458716,29.51408154943935,6254.0,0.0318479092470722,0.04060689590849939,0.0636958184941444,1.2052657569059546,0.2791405490836381,0.00489383715744387,0.0022125065070993247
236,Manhattan,Upper East Side North,Yellow Zone,996155.3867656847,223613.7535760244,10379105.648170575,895438.0,11.35206538811174,9.45,1.969849157618953,12.081859696967665,13.58234233972648,2.6348939290045763,21.192178598629944,941192.0,5.814032244725755,6.111110581054103,11.62806448945151,132.0025484214337,0.16746571855207493,0.8934001542481599,0.2423170953482125
237,Manhattan,Upper East Side South,Yellow Zone,993769.0237137815,219305.82782555217,9686909.777705535,1002281.0,10.9359690675569,9.029999999999998,1.7786612237486294,11.77651721423433,12.984658035022113,2.6381549186306033,20.816894463728236,908487.0,6.507758272796079,5.898758721334327,13.015516545592158,142.3372863408709,0.16132746380051546,1.0,0.26128857509440523
238,Manhattan,Upper West Side North,Yellow Zone,991712.7644413216,227717.51805898765,12279484.407321375,398900.0,11.98396897468037,9.94,2.3157260466282277,12.444618367176401,14.629138731511658,2.4908169466031587,21.836116445224366,458468.0,2.590036900847523,2.97680881889637,5.180073801695046,62.07784372606802,0.17678756304137547,0.39799217983779,0.11395630582188485
239,Manhattan,Upper West Side South,Yellow Zone,990167.4982917221,224895.87216479488,13130955.519968634,565513.0,11.94619748971288,10.002999999999998,2.2218120538343062,12.415142416413651,14.401260678357527,2.664735735518016,22.091050479829818,575013.0,3.6718464224341565,3.7335294270920945,7.343692844868313,87.72920502858828,0.17623035792894864,0.5642260004928757,0.16104451310944184
240,Bronx,Van Cortlandt Park,Boro Zone,1016879.869198504,265226.43863678636,72740185.01924427,508.0,22.36571653543307,20.418999999999997,7.80001968503937,28.248622047244094,31.512086614173228,0.43893700787401574,34.97118110236221,1084.0,0.003298417512235,0.007038355478863661,0.00659683502447,0.1475429421883127,0.32993914873505975,0.0005068438890889881,0.00027084459821228706
241,Bronx,Van Cortlandt Village,Boro Zone,1013115.8817520497,258631.99219990108,25660471.622431714,3616.0,20.7975594579646,19.0365,7.0923119469026545,30.370925516224187,29.644654314159293,0.06614491150442478,32.2617671460177,5684.0,0.02347849945716882,0.03690591562902311,0.04695699891433764,0.9765909768885163,0.3068056886286904,0.0036077706750901194,0.0017927281836058388
242,Bronx,Van Nest/Morris Park,Boro Zone,1025564.8278476673,247818.58816932616,36295831.64587281,3456.0,19.503002604166664,17.625999999999998,6.526655092592592,29.432634066358023,27.78204571759259,0.07938657407407408,30.855772569444444,6032.0,0.022439627799771968,0.03916546148386126,0.044879255599543935,0.8752802388309667,0.287708380225691,0.0034481348045109104,0.0016067520485443217
243,Manhattan,Washington Heights North,Boro Zone,1002830.5879831794,251552.22868853094,22663587.66791442,14303.0,19.07393260155212,18.179,6.065109417604698,21.453332634179308,26.734437530587986,0.5140376144864713,30.474922743480388,57152.0,0.09286863322341969,0.37108495602215497,0.18573726644683938,3.5427401018035423,0.2813787376593054,0.014270449105590149,0.0065034084667964865
244,Manhattan,Washington Heights South,Boro Zone,1000464.3110476533,245939.88065875435,23099933.926306713,35261.0,17.794433566830207,16.604,5.308013385893763,20.10865970902697,24.66107767788775,0.7595417032982615,28.698250758628514,92787.0,0.22894783444668965,0.6024611529680097,0.4578956688933793,8.14799406066252,0.26250356226956667,0.03518075270308427,0.014957273759524171
245,Staten Island,West Brighton,Boro Zone,955698.9158310394,168837.0586013862,47142823.45380622,38.0,31.20857894736842,30.4955,11.222894736842104,35.60964912280702,44.449473684210524,0.13421052631578947,53.89526315789474,224.0,0.00024673201863175195,0.0014544203203555905,0.0004934640372635039,0.015400311364625214,0.46038909394262617,3.7913519262562095e-05,2.8270353579992784e-05
246,Manhattan,West Chelsea/Hudson Yards,Yellow Zone,983137.466109154,213727.4000817298,12850773.462314,388668.0,13.31253701102226,11.767000000000001,2.39510268403882,14.82835076037475,16.305705820906276,2.7122041948398117,24.671427362170284,434207.0,2.523601058356994,2.819283410895714,5.047202116713988,67.19106498086485,0.19638660455890516,0.3877834659142496,0.12334264674599633
247,Bronx,West Concourse,Boro Zone,1005169.1230273262,241308.75707519878,19367747.978153605,9007.0,19.142380148773174,16.967999999999996,5.854615299211724,23.190566596350983,26.960249805706674,0.3860075496835794,30.401937382036195,10461.0,0.05848198136358394,0.06792272755017782,0.11696396272716789,2.238968638230384,0.28238847617706486,0.008986501789418335,0.004110075021124633
248,Bronx,West Farms/Bronx River,Boro Zone,1019590.3761034976,243211.97877621523,15082002.295137988,3592.0,19.604749164810688,18.1615,6.917018374164811,26.63526354862658,27.983953229398665,0.02283129175946548,31.522625278396436,3331.0,0.023322668708559292,0.02162800931743068,0.046645337417118585,0.9144701397705683,0.2892093459359747,0.0035838252945032383,0.0016786929548088744
249,Manhattan,West Village,Yellow Zone,983453.2246483457,206902.40799528995,7291594.809119437,498509.0,12.294371602117513,10.381,2.2314406159166635,13.394939910814047,15.033017297581388,2.530370705443633,23.045240988628088,393511.0,3.2367929441077905,2.555046404836825,6.473585888215581,79.58867050794632,0.18136662396703315,0.49737448879106755,0.14610093282850603
250,Bronx,Westchester Village/Unionport,Boro Zone,1026135.8006293959,242470.43505891712,23950873.703156713,3704.0,19.855679535637147,18.6375,6.794808315334773,26.758967782577393,28.28836393088553,0.07689254859611232,31.830359071274298,3934.0,0.024049878868737086,0.02554325687624506,0.04809975773747417,0.9550533753770705,0.29291107187044635,0.0036955704039086843,0.0017531916057031247
251,Staten Island,Westerleigh,Boro Zone,949450.1344788744,164047.36514970663,63293010.92007147,65.0,32.78283076923077,33.152,12.144,33.1774358974359,46.83261538461538,0.0,57.04076923076923,254.0,0.00042204161081747045,0.0016492087561175,0.0008440832216349409,0.027671437410005377,0.48361246374510963,6.485207242280358e-05,5.079646126145253e-05
252,Queens,Whitestone,Boro Zone,1035297.1584300715,226490.62684080808,69046897.85768285,1402.0,20.310704707560625,18.816,7.540299572039943,23.463670946267236,28.80485021398003,0.21044222539229673,32.08223965763196,4889.0,0.009103112897939901,0.03174402208133251,0.018206225795879803,0.36978127597928756,0.2996236052086746,0.0013988093159503173,0.000678807536528646
253,Queens,Willets Point,Boro Zone,1028229.9452522065,216434.84686612728,6405676.522680187,155.0,25.78014193548387,23.072,8.130645161290323,23.80236559139785,35.909354838709675,0.9194193548387096,40.00929032258064,352.0,0.0010064069181031988,0.002285517646273071,0.0020128138362063975,0.05189062638710671,0.38030876725934787,0.00015464724962360854,9.525562962450601e-05
254,Bronx,Williamsbridge/Olinville,Boro Zone,1023253.9608941409,260702.71418530465,36273515.16575629,5533.0,21.62860075908187,20.034,7.8165082233869505,31.215997951683836,30.87552141695283,0.022479667449846374,33.537735405747334,6571.0,0.035925480502354834,0.0426651603797169,0.07185096100470967,1.5540357497272252,0.31906521355917566,0.005520407949467265,0.002852743628395269
255,Brooklyn,Williamsburg (North Side),Boro Zone,996053.8033052003,201159.03335346075,14747138.267599918,35135.0,18.183132062046393,17.325,4.623651914045824,20.543387884825197,25.142688202646934,0.8332147431336274,29.583228120108153,58361.0,0.22812972301648962,0.3789349299833599,0.45625944603297924,8.29622576177379,0.2682376441811858,0.035055039455003136,0.015229382712581136
256,Brooklyn,Williamsburg (South Side),Boro Zone,995365.8780821689,198271.799699528,14154349.855881564,27742.0,18.461864645663614,16.884,4.662274529594117,20.925933602479994,25.6375286569101,0.7365636940379209,29.650798428375747,50524.0,0.1801273594968964,0.32804969761449043,0.3602547189937928,6.650973860024983,0.27234950848107053,0.02767886451005257,0.012209193582026745
257,Brooklyn,Windsor Terrace,Boro Zone,990359.3815942473,177405.49666927903,14042547.939992102,2497.0,21.520237084501403,20.09,6.445378454144974,27.222313442798026,30.254569483380056,0.4886263516219463,35.02680016019223,9962.0,0.016212890803249596,0.0646827465686714,0.03242578160649919,0.6978105078221274,0.3174666321549877,0.0024913173052267777,0.001280970840192227
258,Queens,Woodhaven,Boro Zone,1024249.8716237351,190229.06962103507,37001317.65598775,6932.0,19.089977495672244,17.685499999999998,6.019600403923832,24.377803423735333,27.18895412579342,0.08244229659549913,29.598189555683785,9893.0,0.04500911455671854,0.064234733166419,0.09001822911343708,1.718445967975782,0.2816154320079595,0.006916224092844222,0.003154551487470565
259,Bronx,Woodlawn/Wakefield,Boro Zone,1025106.2307871642,266453.4145522804,39741249.57591619,3219.0,22.38723081702392,20.16,8.283258776017398,29.83850056953505,31.94139484311898,0.040363466915191056,34.64428704566636,3905.0,0.020900799157252882,0.025354961388341878,0.041801598314505764,0.9358220299873585,0.33025652751174617,0.003211674171215457,0.0017178886224637755
260,Queens,Woodside,Boro Zone,1010211.9773426988,210434.8918941504,42637971.619213834,14072.0,18.87931886014781,15.708,4.844388857305288,19.021037047564903,25.791875355315522,1.178580159181353,30.156001989766914,17919.0,0.09136876226805299,0.11634713268058851,0.18273752453610598,3.4499599934312286,0.2785077948898503,0.014039974817441415,0.006333092009760412
261,Manhattan,World Trade Center,Yellow Zone,980639.5117675496,197635.1737024674,3468847.4785047784,107376.0,18.377384182685145,16.260999999999996,4.0982571524362985,19.626712518005263,22.835879060497692,3.4175269147668006,31.980980107286545,111523.0,0.6971867692790263,0.7241130240491809,1.3943735385580527,25.62493821225147,0.27110325231951626,0.10713163274570704,0.04703970241730545
262,Manhattan,Yorkville East,Yellow Zone,999064.7250824339,221974.400787808,6957825.7527914625,288680.0,12.289033632395732,10.36,2.4888636552584176,12.51583044663064,15.103973673271442,2.4517886587224607,22.51819935568796,316252.0,1.8743841878582672,2.0534077462191798,3.7487683757165344,46.06874064924201,0.18128787821421152,0.2880230194925375,0.08456839321642852
263,Manhattan,Yorkville West,Yellow Zone,997817.9196611019,223005.98840944972,6636393.989018512,394323.0,11.514751508281282,9.443,2.2857154414020995,11.759492091508738,14.090476360749944,2.3591686510804593,21.449257943361154,432855.0,2.560318678498114,2.8105049453907105,5.120637356996228,58.96286672983379,0.16986566491260002,0.3934255962150335,0.10823814214375531
