zone_id,elapsed_minutes,clock_minutes,wait_only,highest_demand,highest_income,greedy_net_earnings,finite_horizon_value_iteration,q_learning,dqn
1,0,480.0,WAIT,23,WAIT,WAIT,WAIT,WAIT,WAIT
2,0,480.0,WAIT,132,132,WAIT,132,WAIT,132
3,0,480.0,WAIT,138,138,199,WAIT,199,WAIT
4,0,480.0,WAIT,186,93,WAIT,207,WAIT,WAIT
5,0,480.0,WAIT,187,110,WAIT,204,WAIT,WAIT
6,0,480.0,WAIT,44,110,WAIT,WAIT,WAIT,WAIT
7,0,480.0,WAIT,186,93,WAIT,WAIT,WAIT,138
8,0,480.0,WAIT,186,93,WAIT,WAIT,WAIT,138
9,0,480.0,WAIT,138,93,93,93,93,192
10,0,480.0,WAIT,132,132,WAIT,WAIT,197,WAIT
11,0,480.0,WAIT,110,110,WAIT,206,WAIT,14
12,0,480.0,WAIT,186,105,195,195,195,54
13,0,480.0,WAIT,186,105,195,195,195,WAIT
14,0,480.0,WAIT,79,110,245,245,245,228
15,0,480.0,WAIT,138,93,WAIT,WAIT,WAIT,16
16,0,480.0,WAIT,138,93,93,9,93,WAIT
17,0,480.0,WAIT,186,226,WAIT,WAIT,WAIT,WAIT
18,0,480.0,WAIT,138,138,WAIT,WAIT,WAIT,174
19,0,480.0,WAIT,138,93,WAIT,WAIT,WAIT,WAIT
20,0,480.0,WAIT,138,138,199,WAIT,199,WAIT
21,0,480.0,WAIT,89,206,WAIT,WAIT,WAIT,WAIT
22,0,480.0,WAIT,89,206,WAIT,WAIT,WAIT,WAIT
23,0,480.0,WAIT,44,1,WAIT,99,WAIT,WAIT
24,0,480.0,WAIT,236,93,WAIT,WAIT,WAIT,151
25,0,480.0,WAIT,186,105,105,105,105,WAIT
26,0,480.0,WAIT,79,195,111,206,111,WAIT
27,0,480.0,WAIT,WAIT,201,WAIT,WAIT,WAIT,WAIT
28,0,480.0,WAIT,132,132,93,93,93,WAIT
29,0,480.0,WAIT,89,154,WAIT,WAIT,WAIT,WAIT
30,0,480.0,WAIT,132,132,WAIT,WAIT,WAIT,132
31,0,480.0,WAIT,138,138,WAIT,WAIT,WAIT,78
32,0,480.0,WAIT,138,138,199,WAIT,199,WAIT
33,0,480.0,WAIT,186,105,WAIT,105,WAIT,WAIT
34,0,480.0,WAIT,186,195,WAIT,WAIT,WAIT,232
35,0,480.0,WAIT,186,132,WAIT,132,WAIT,WAIT
36,0,480.0,WAIT,186,207,WAIT,198,WAIT,WAIT
37,0,480.0,WAIT,186,132,132,132,132,WAIT
38,0,480.0,WAIT,132,132,132,132,132,WAIT
39,0,480.0,WAIT,79,132,WAIT,132,WAIT,WAIT
40,0,480.0,WAIT,186,105,195,195,195,WAIT
41,0,480.0,WAIT,236,93,WAIT,8,WAIT,WAIT
42,0,480.0,WAIT,239,93,199,207,199,WAIT
43,0,480.0,WAIT,186,93,WAIT,207,WAIT,WAIT
44,0,480.0,WAIT,176,110,WAIT,204,WAIT,WAIT
45,0,480.0,WAIT,186,138,195,195,195,66
46,0,480.0,WAIT,138,138,WAIT,WAIT,WAIT,208
47,0,480.0,WAIT,138,93,199,WAIT,199,WAIT
48,0,480.0,WAIT,186,138,WAIT,207,WAIT,WAIT
49,0,480.0,WAIT,186,195,WAIT,WAIT,WAIT,WAIT
50,0,480.0,WAIT,186,138,207,207,207,WAIT
51,0,480.0,WAIT,138,138,WAIT,WAIT,WAIT,WAIT
52,0,480.0,WAIT,186,105,WAIT,54,WAIT,WAIT
53,0,480.0,WAIT,262,132,253,93,253,138
54,0,480.0,WAIT,186,105,195,195,195,WAIT
55,0,480.0,WAIT,110,110,WAIT,WAIT,WAIT,WAIT
56,0,480.0,WAIT,186,93,93,93,93,WAIT
57,0,480.0,WAIT,186,132,93,253,93,138
58,0,480.0,WAIT,138,93,WAIT,WAIT,WAIT,208
59,0,480.0,WAIT,138,93,199,199,199,60
60,0,480.0,WAIT,138,93,199,WAIT,199,WAIT
61,0,480.0,WAIT,186,34,WAIT,WAIT,WAIT,189
62,0,480.0,WAIT,186,195,WAIT,WAIT,WAIT,WAIT
63,0,480.0,WAIT,186,132,132,132,132,132
64,0,480.0,WAIT,138,93,WAIT,WAIT,WAIT,175
65,0,480.0,WAIT,186,105,105,105,105,WAIT
66,0,480.0,WAIT,186,206,WAIT,WAIT,WAIT,WAIT
67,0,480.0,WAIT,79,110,110,206,110,14
68,0,480.0,WAIT,186,138,207,207,207,WAIT
69,0,480.0,WAIT,138,93,199,207,199,247
70,0,480.0,WAIT,186,93,WAIT,93,WAIT,138
71,0,480.0,WAIT,186,111,WAIT,WAIT,WAIT,WAIT
72,0,480.0,WAIT,186,257,WAIT,WAIT,WAIT,WAIT
73,0,480.0,WAIT,262,93,93,93,93,WAIT
74,0,480.0,WAIT,239,93,199,8,199,WAIT
75,0,480.0,WAIT,186,93,8,8,8,WAIT
76,0,480.0,WAIT,79,132,132,132,132,132
77,0,480.0,WAIT,186,132,132,132,132,WAIT
78,0,480.0,WAIT,138,93,199,WAIT,199,WAIT
79,0,480.0,WAIT,186,93,WAIT,WAIT,WAIT,WAIT
80,0,480.0,WAIT,186,138,WAIT,207,WAIT,WAIT
81,0,480.0,WAIT,138,138,WAIT,WAIT,WAIT,WAIT
82,0,480.0,WAIT,186,93,93,WAIT,93,WAIT
83,0,480.0,WAIT,186,93,WAIT,WAIT,WAIT,WAIT
84,0,480.0,WAIT,187,110,WAIT,204,WAIT,WAIT
85,0,480.0,WAIT,186,111,WAIT,WAIT,WAIT,WAIT
86,0,480.0,WAIT,132,132,WAIT,WAIT,WAIT,WAIT
87,0,480.0,WAIT,186,105,195,195,195,WAIT
88,0,480.0,WAIT,186,105,195,195,195,87
89,0,480.0,WAIT,186,206,WAIT,WAIT,WAIT,WAIT
90,0,480.0,WAIT,186,138,WAIT,WAIT,WAIT,234
91,0,480.0,WAIT,79,257,WAIT,WAIT,WAIT,155
92,0,480.0,WAIT,236,93,93,93,93,WAIT
93,0,480.0,WAIT,79,132,WAIT,WAIT,WAIT,138
94,0,480.0,WAIT,138,138,199,WAIT,199,WAIT
95,0,480.0,WAIT,186,132,93,93,93,WAIT
96,0,480.0,WAIT,186,132,WAIT,132,WAIT,132
97,0,480.0,WAIT,186,206,WAIT,232,WAIT,WAIT
98,0,480.0,WAIT,138,93,93,93,93,192
99,0,480.0,WAIT,245,110,WAIT,WAIT,WAIT,WAIT
100,0,480.0,WAIT,186,93,207,207,207,WAIT
101,0,480.0,WAIT,64,93,WAIT,WAIT,WAIT,WAIT
102,0,480.0,WAIT,186,132,WAIT,132,WAIT,WAIT
103,0,480.0,WAIT,186,1,WAIT,195,WAIT,195
104,0,480.0,WAIT,186,1,WAIT,195,WAIT,195
105,0,480.0,WAIT,186,WAIT,195,195,195,WAIT
106,0,480.0,WAIT,186,105,195,195,195,WAIT
107,0,480.0,WAIT,186,93,WAIT,WAIT,WAIT,WAIT
108,0,480.0,WAIT,89,206,WAIT,WAIT,WAIT,WAIT
109,0,480.0,WAIT,187,110,WAIT,110,WAIT,WAIT
110,0,480.0,WAIT,206,WAIT,WAIT,WAIT,WAIT,176
111,0,480.0,WAIT,186,206,WAIT,WAIT,WAIT,228
112,0,480.0,WAIT,186,138,226,226,226,WAIT
113,0,480.0,WAIT,186,138,WAIT,WAIT,WAIT,114
114,0,480.0,WAIT,186,138,WAIT,WAIT,WAIT,211
115,0,480.0,WAIT,187,1,WAIT,204,WAIT,WAIT
116,0,480.0,WAIT,262,138,WAIT,WAIT,WAIT,WAIT
117,0,480.0,WAIT,2,2,WAIT,WAIT,WAIT,WAIT
118,0,480.0,WAIT,187,1,WAIT,204,WAIT,WAIT
119,0,480.0,WAIT,138,138,199,199,199,WAIT
120,0,480.0,WAIT,236,138,199,WAIT,199,WAIT
121,0,480.0,WAIT,132,132,93,93,93,28
122,0,480.0,WAIT,132,132,WAIT,WAIT,WAIT,WAIT
123,0,480.0,WAIT,89,206,WAIT,WAIT,WAIT,WAIT
124,0,480.0,WAIT,132,132,132,132,132,132
125,0,480.0,WAIT,186,138,249,195,249,WAIT
126,0,480.0,WAIT,138,93,199,199,199,WAIT
127,0,480.0,WAIT,151,138,199,128,199,243
128,0,480.0,WAIT,138,138,WAIT,WAIT,WAIT,127
129,0,480.0,WAIT,186,93,WAIT,WAIT,WAIT,138
130,0,480.0,WAIT,132,132,132,132,132,WAIT
131,0,480.0,WAIT,132,132,93,WAIT,93,28
132,0,480.0,WAIT,WAIT,WAIT,WAIT,WAIT,WAIT,WAIT
133,0,480.0,WAIT,186,195,WAIT,WAIT,WAIT,26
134,0,480.0,WAIT,262,132,93,WAIT,93,WAIT
135,0,480.0,WAIT,262,132,93,93,93,28
136,0,480.0,WAIT,138,138,199,WAIT,199,WAIT
137,0,480.0,WAIT,186,93,207,207,207,WAIT
138,0,480.0,WAIT,186,93,199,93,199,WAIT
139,0,480.0,WAIT,132,132,132,132,132,219
140,0,480.0,WAIT,186,93,207,207,207,262
141,0,480.0,WAIT,186,93,WAIT,WAIT,WAIT,WAIT
142,0,480.0,WAIT,186,93,WAIT,207,WAIT,WAIT
143,0,480.0,WAIT,186,138,WAIT,WAIT,WAIT,WAIT
144,0,480.0,WAIT,186,138,WAIT,195,WAIT,WAIT
145,0,480.0,WAIT,186,138,WAIT,WAIT,WAIT,WAIT
146,0,480.0,WAIT,186,93,WAIT,226,WAIT,226
147,0,480.0,WAIT,138,93,199,199,199,WAIT
148,0,480.0,WAIT,186,138,WAIT,WAIT,WAIT,WAIT
149,0,480.0,WAIT,89,257,154,154,154,WAIT
150,0,480.0,WAIT,89,55,154,154,154,29
151,0,480.0,WAIT,186,93,WAIT,WAIT,WAIT,WAIT
152,0,480.0,WAIT,239,138,199,207,199,WAIT
153,0,480.0,WAIT,138,138,WAIT,WAIT,WAIT,220
154,0,480.0,WAIT,89,55,WAIT,WAIT,WAIT,155
155,0,480.0,WAIT,39,154,WAIT,154,WAIT,WAIT
156,0,480.0,WAIT,44,1,WAIT,WAIT,WAIT,WAIT
157,0,480.0,WAIT,186,93,WAIT,WAIT,WAIT,WAIT
158,0,480.0,WAIT,186,138,WAIT,WAIT,WAIT,WAIT
159,0,480.0,WAIT,138,93,199,207,199,WAIT
160,0,480.0,WAIT,186,93,WAIT,WAIT,WAIT,WAIT
161,0,480.0,WAIT,186,93,207,207,207,138
162,0,480.0,WAIT,186,93,207,207,207,WAIT
163,0,480.0,WAIT,186,93,207,207,WAIT,WAIT
164,0,480.0,WAIT,186,93,207,207,207,WAIT
165,0,480.0,WAIT,79,206,WAIT,WAIT,WAIT,WAIT
166,0,480.0,WAIT,239,138,199,207,199,WAIT
167,0,480.0,WAIT,138,93,199,199,199,147
168,0,480.0,WAIT,236,93,199,8,199,WAIT
169,0,480.0,WAIT,138,138,199,WAIT,199,WAIT
170,0,480.0,WAIT,186,93,207,207,207,WAIT
171,0,480.0,WAIT,236,93,93,93,93,WAIT
172,0,480.0,WAIT,187,110,WAIT,176,WAIT,WAIT
173,0,480.0,WAIT,186,93,93,93,93,138
174,0,480.0,WAIT,138,138,199,240,199,WAIT
175,0,480.0,WAIT,138,93,WAIT,WAIT,WAIT,WAIT
176,0,480.0,WAIT,187,110,WAIT,110,WAIT,WAIT
177,0,480.0,WAIT,186,132,WAIT,132,WAIT,WAIT
178,0,480.0,WAIT,79,206,WAIT,WAIT,WAIT,165
179,0,480.0,WAIT,186,93,WAIT,8,WAIT,138
180,0,480.0,WAIT,132,132,132,132,132,132
181,0,480.0,WAIT,186,206,195,106,195,WAIT
182,0,480.0,WAIT,138,93,199,WAIT,199,WAIT
183,0,480.0,WAIT,138,93,WAIT,WAIT,WAIT,WAIT
184,0,480.0,WAIT,138,138,WAIT,WAIT,WAIT,208
185,0,480.0,WAIT,138,93,199,WAIT,199,WAIT
186,0,480.0,WAIT,WAIT,138,WAIT,WAIT,WAIT,WAIT
187,0,480.0,WAIT,44,1,WAIT,WAIT,WAIT,WAIT
188,0,480.0,WAIT,186,111,WAIT,WAIT,WAIT,WAIT
189,0,480.0,WAIT,186,206,WAIT,WAIT,WAIT,WAIT
190,0,480.0,WAIT,186,206,WAIT,WAIT,WAIT,189
191,0,480.0,WAIT,138,93,WAIT,WAIT,WAIT,122
192,0,480.0,WAIT,236,132,93,93,93,WAIT
193,0,480.0,WAIT,186,93,207,207,207,WAIT
194,0,480.0,WAIT,262,93,8,WAIT,8,WAIT
195,0,480.0,WAIT,186,105,WAIT,WAIT,WAIT,WAIT
196,0,480.0,WAIT,186,93,93,93,93,WAIT
197,0,480.0,WAIT,132,132,WAIT,WAIT,WAIT,132
198,0,480.0,WAIT,186,132,132,132,132,WAIT
199,0,480.0,WAIT,186,93,WAIT,WAIT,WAIT,138
200,0,480.0,WAIT,199,199,WAIT,WAIT,WAIT,WAIT
201,0,480.0,WAIT,2,2,WAIT,WAIT,WAIT,WAIT
202,0,480.0,WAIT,186,93,8,8,8,226
203,0,480.0,WAIT,132,132,132,132,132,219
204,0,480.0,WAIT,187,110,WAIT,WAIT,WAIT,WAIT
205,0,480.0,WAIT,132,132,132,WAIT,132,10
206,0,480.0,WAIT,231,1,WAIT,WAIT,WAIT,WAIT
207,0,480.0,WAIT,186,93,WAIT,WAIT,WAIT,138
208,0,480.0,WAIT,138,93,199,WAIT,199,WAIT
209,0,480.0,WAIT,186,105,195,195,195,33
210,0,480.0,WAIT,89,55,WAIT,154,WAIT,WAIT
211,0,480.0,WAIT,186,138,WAIT,WAIT,WAIT,WAIT
212,0,480.0,WAIT,138,93,199,WAIT,199,WAIT
213,0,480.0,WAIT,138,93,199,199,199,WAIT
214,0,480.0,WAIT,44,110,WAIT,204,WAIT,6
215,0,480.0,WAIT,132,132,132,132,132,132
216,0,480.0,WAIT,132,132,132,132,132,132
217,0,480.0,WAIT,186,226,WAIT,79,WAIT,256
218,0,480.0,WAIT,132,132,132,219,132,132
219,0,480.0,WAIT,132,132,132,132,132,132
220,0,480.0,WAIT,138,138,WAIT,WAIT,WAIT,WAIT
221,0,480.0,WAIT,231,1,WAIT,204,WAIT,WAIT
222,0,480.0,WAIT,79,132,132,132,132,WAIT
223,0,480.0,WAIT,186,93,8,8,8,138
224,0,480.0,WAIT,186,93,WAIT,207,WAIT,WAIT
225,0,480.0,WAIT,186,226,WAIT,WAIT,WAIT,WAIT
226,0,480.0,WAIT,186,93,WAIT,WAIT,WAIT,WAIT
227,0,480.0,WAIT,186,206,111,111,111,228
228,0,480.0,WAIT,186,105,111,195,111,WAIT
229,0,480.0,WAIT,186,93,WAIT,207,WAIT,WAIT
230,0,480.0,WAIT,186,93,207,207,WAIT,WAIT
231,0,480.0,WAIT,186,206,195,195,195,13
232,0,480.0,WAIT,186,93,195,195,195,WAIT
233,0,480.0,WAIT,186,93,207,207,207,WAIT
234,0,480.0,WAIT,186,93,207,207,207,WAIT
235,0,480.0,WAIT,138,138,199,WAIT,199,119
236,0,480.0,WAIT,WAIT,93,WAIT,8,WAIT,8
237,0,480.0,WAIT,186,93,WAIT,WAIT,WAIT,WAIT
238,0,480.0,WAIT,186,93,WAIT,WAIT,WAIT,WAIT
239,0,480.0,WAIT,186,93,WAIT,WAIT,WAIT,WAIT
240,0,480.0,WAIT,199,199,WAIT,WAIT,WAIT,174
241,0,480.0,WAIT,138,138,WAIT,WAIT,WAIT,174
242,0,480.0,WAIT,138,93,199,184,199,WAIT
243,0,480.0,WAIT,238,138,199,WAIT,199,WAIT
244,0,480.0,WAIT,236,138,199,199,199,WAIT
245,0,480.0,WAIT,13,1,WAIT,WAIT,WAIT,WAIT
246,0,480.0,WAIT,186,138,207,207,207,68
247,0,480.0,WAIT,138,93,199,207,199,119
248,0,480.0,WAIT,138,93,199,WAIT,199,WAIT
249,0,480.0,WAIT,186,138,WAIT,WAIT,WAIT,90
250,0,480.0,WAIT,138,93,199,WAIT,199,WAIT
251,0,480.0,WAIT,44,1,WAIT,WAIT,WAIT,WAIT
252,0,480.0,WAIT,236,93,93,93,93,WAIT
253,0,480.0,WAIT,262,132,WAIT,93,WAIT,138
254,0,480.0,WAIT,138,138,WAIT,WAIT,WAIT,WAIT
255,0,480.0,WAIT,186,145,79,226,79,WAIT
256,0,480.0,WAIT,186,207,WAIT,WAIT,WAIT,232
257,0,480.0,WAIT,186,206,WAIT,WAIT,WAIT,WAIT
258,0,480.0,WAIT,79,132,132,WAIT,132,132
259,0,480.0,WAIT,184,199,WAIT,WAIT,WAIT,WAIT
260,0,480.0,WAIT,186,93,207,WAIT,207,226
261,0,480.0,WAIT,186,105,195,195,195,WAIT
262,0,480.0,WAIT,186,93,WAIT,8,WAIT,WAIT
263,0,480.0,WAIT,186,93,WAIT,8,WAIT,262
1,15,495.0,WAIT,23,WAIT,WAIT,WAIT,WAIT,WAIT
2,15,495.0,WAIT,132,132,WAIT,WAIT,WAIT,132
3,15,495.0,WAIT,138,138,WAIT,WAIT,WAIT,WAIT
4,15,495.0,WAIT,186,138,WAIT,WAIT,WAIT,79
5,15,495.0,WAIT,176,110,WAIT,204,WAIT,WAIT
6,15,495.0,WAIT,110,110,WAIT,WAIT,WAIT,WAIT
7,15,495.0,WAIT,186,93,207,207,207,138
8,15,495.0,WAIT,186,93,WAIT,WAIT,WAIT,138
9,15,495.0,WAIT,138,93,WAIT,WAIT,WAIT,138
10,15,495.0,WAIT,132,132,132,132,WAIT,WAIT
11,15,495.0,WAIT,110,110,WAIT,221,WAIT,WAIT
12,15,495.0,WAIT,186,245,105,195,105,33
13,15,495.0,WAIT,186,245,105,105,105,WAIT
14,15,495.0,WAIT,79,110,206,206,206,WAIT
15,15,495.0,WAIT,138,93,WAIT,WAIT,WAIT,16
16,15,495.0,WAIT,138,93,93,9,93,WAIT
17,15,495.0,WAIT,186,33,WAIT,WAIT,WAIT,WAIT
18,15,495.0,WAIT,138,138,WAIT,WAIT,WAIT,174
19,15,495.0,WAIT,138,93,WAIT,WAIT,WAIT,191
20,15,495.0,WAIT,138,138,199,199,199,78
21,15,495.0,WAIT,89,245,WAIT,WAIT,WAIT,WAIT
22,15,495.0,WAIT,89,245,WAIT,245,WAIT,WAIT
23,15,495.0,WAIT,44,1,WAIT,WAIT,WAIT,WAIT
24,15,495.0,WAIT,239,138,WAIT,WAIT,WAIT,151
25,15,495.0,WAIT,186,245,105,105,105,WAIT
26,15,495.0,WAIT,79,245,111,111,111,WAIT
27,15,495.0,WAIT,WAIT,201,WAIT,WAIT,WAIT,WAIT
28,15,495.0,WAIT,132,132,93,132,93,134
29,15,495.0,WAIT,39,55,WAIT,WAIT,WAIT,WAIT
30,15,495.0,WAIT,132,132,WAIT,2,WAIT,132
31,15,495.0,WAIT,138,138,WAIT,WAIT,WAIT,78
32,15,495.0,WAIT,138,138,199,WAIT,199,WAIT
33,15,495.0,WAIT,186,245,WAIT,105,WAIT,WAIT
34,15,495.0,WAIT,186,195,WAIT,WAIT,WAIT,232
35,15,495.0,WAIT,186,96,WAIT,WAIT,WAIT,WAIT
36,15,495.0,WAIT,186,207,WAIT,WAIT,WAIT,198
37,15,495.0,WAIT,186,226,WAIT,WAIT,WAIT,WAIT
38,15,495.0,WAIT,132,132,132,132,132,WAIT
39,15,495.0,WAIT,132,132,WAIT,WAIT,WAIT,WAIT
40,15,495.0,WAIT,186,245,WAIT,195,WAIT,195
41,15,495.0,WAIT,262,138,199,WAIT,199,WAIT
42,15,495.0,WAIT,236,138,199,199,199,WAIT
43,15,495.0,WAIT,186,138,199,8,199,WAIT
44,15,495.0,WAIT,23,110,WAIT,204,WAIT,WAIT
45,15,495.0,WAIT,186,70,33,195,33,33
46,15,495.0,WAIT,138,138,WAIT,WAIT,WAIT,WAIT
47,15,495.0,WAIT,138,138,199,WAIT,199,WAIT
48,15,495.0,WAIT,186,138,WAIT,WAIT,138,WAIT
49,15,495.0,WAIT,186,195,WAIT,WAIT,WAIT,WAIT
50,15,495.0,WAIT,186,138,WAIT,WAIT,WAIT,WAIT
51,15,495.0,WAIT,138,138,WAIT,WAIT,WAIT,WAIT
52,15,495.0,WAIT,186,245,WAIT,WAIT,WAIT,54
53,15,495.0,WAIT,236,93,93,93,93,138
54,15,495.0,WAIT,186,245,195,195,195,WAIT
55,15,495.0,WAIT,245,245,WAIT,WAIT,WAIT,WAIT
56,15,495.0,WAIT,186,93,93,93,93,WAIT
57,15,495.0,WAIT,186,132,93,WAIT,93,138
58,15,495.0,WAIT,138,138,WAIT,WAIT,WAIT,208
59,15,495.0,WAIT,138,138,199,199,199,78
60,15,495.0,WAIT,138,138,199,WAIT,199,WAIT
61,15,495.0,WAIT,186,34,WAIT,WAIT,WAIT,189
62,15,495.0,WAIT,186,111,WAIT,WAIT,WAIT,WAIT
63,15,495.0,WAIT,186,132,132,132,132,132
64,15,495.0,WAIT,138,93,WAIT,WAIT,WAIT,175
65,15,495.0,WAIT,186,245,105,105,105,WAIT
66,15,495.0,WAIT,186,195,WAIT,WAIT,WAIT,WAIT
67,15,495.0,WAIT,79,245,245,221,245,WAIT
68,15,495.0,WAIT,186,138,199,186,162,249
69,15,495.0,WAIT,138,138,199,199,199,247
70,15,495.0,WAIT,186,93,WAIT,WAIT,236,138
71,15,495.0,WAIT,79,111,WAIT,WAIT,WAIT,WAIT
72,15,495.0,WAIT,186,257,WAIT,WAIT,WAIT,WAIT
73,15,495.0,WAIT,262,93,93,93,93,138
74,15,495.0,WAIT,262,138,199,8,199,138
75,15,495.0,WAIT,186,138,207,8,207,138
76,15,495.0,WAIT,132,132,132,132,132,132
77,15,495.0,WAIT,186,132,132,132,132,WAIT
78,15,495.0,WAIT,138,138,199,WAIT,199,WAIT
79,15,495.0,WAIT,186,138,WAIT,WAIT,WAIT,WAIT
80,15,495.0,WAIT,186,138,226,226,226,226
81,15,495.0,WAIT,138,138,WAIT,WAIT,WAIT,WAIT
82,15,495.0,WAIT,186,93,207,207,207,138
83,15,495.0,WAIT,186,93,WAIT,WAIT,WAIT,WAIT
84,15,495.0,WAIT,23,110,WAIT,204,WAIT,WAIT
85,15,495.0,WAIT,186,111,WAIT,WAIT,WAIT,WAIT
86,15,495.0,WAIT,132,132,WAIT,2,WAIT,WAIT
87,15,495.0,WAIT,186,245,105,195,105,WAIT
88,15,495.0,WAIT,186,245,105,195,105,33
89,15,495.0,WAIT,79,245,WAIT,WAIT,WAIT,WAIT
90,15,495.0,WAIT,186,138,WAIT,WAIT,WAIT,249
91,15,495.0,WAIT,79,154,WAIT,WAIT,WAIT,WAIT
92,15,495.0,WAIT,236,93,93,93,93,138
93,15,495.0,WAIT,132,132,WAIT,WAIT,WAIT,138
94,15,495.0,WAIT,138,138,199,WAIT,199,WAIT
95,15,495.0,WAIT,132,132,93,93,93,138
96,15,495.0,WAIT,186,132,WAIT,132,WAIT,132
97,15,495.0,WAIT,186,195,195,WAIT,195,WAIT
98,15,495.0,WAIT,138,93,93,192,93,138
99,15,495.0,WAIT,176,110,WAIT,WAIT,WAIT,WAIT
100,15,495.0,WAIT,186,138,199,207,WAIT,WAIT
101,15,495.0,WAIT,98,93,WAIT,WAIT,WAIT,19
102,15,495.0,WAIT,186,132,132,132,132,WAIT
103,15,495.0,WAIT,186,1,WAIT,195,WAIT,WAIT
104,15,495.0,WAIT,186,1,WAIT,WAIT,WAIT,WAIT
105,15,495.0,WAIT,186,245,WAIT,195,WAIT,WAIT
106,15,495.0,WAIT,186,245,195,195,195,195
107,15,495.0,WAIT,186,138,WAIT,WAIT,WAIT,WAIT
108,15,495.0,WAIT,245,245,WAIT,WAIT,WAIT,WAIT
109,15,495.0,WAIT,23,110,WAIT,110,WAIT,WAIT
110,15,495.0,WAIT,44,WAIT,WAIT,WAIT,WAIT,WAIT
111,15,495.0,WAIT,186,245,WAIT,WAIT,WAIT,257
112,15,495.0,WAIT,186,138,226,226,226,226
113,15,495.0,WAIT,186,138,WAIT,WAIT,WAIT,WAIT
114,15,495.0,WAIT,186,138,WAIT,WAIT,WAIT,WAIT
115,15,495.0,WAIT,44,1,WAIT,110,WAIT,WAIT
116,15,495.0,WAIT,236,138,WAIT,WAIT,WAIT,WAIT
117,15,495.0,WAIT,2,2,WAIT,WAIT,WAIT,WAIT
118,15,495.0,WAIT,44,1,WAIT,204,WAIT,WAIT
119,15,495.0,WAIT,138,138,199,199,199,247
120,15,495.0,WAIT,236,138,199,WAIT,199,WAIT
121,15,495.0,WAIT,132,132,93,93,93,28
122,15,495.0,WAIT,132,132,132,132,132,131
123,15,495.0,WAIT,89,245,WAIT,WAIT,WAIT,WAIT
124,15,495.0,WAIT,132,132,132,132,132,132
125,15,495.0,WAIT,186,195,249,195,249,211
126,15,495.0,WAIT,138,93,199,199,199,199
127,15,495.0,WAIT,151,138,199,128,199,243
128,15,495.0,WAIT,138,138,WAIT,WAIT,WAIT,127
129,15,495.0,WAIT,186,93,207,207,207,138
130,15,495.0,WAIT,132,132,132,132,28,132
131,15,495.0,WAIT,132,132,132,132,132,WAIT
132,15,495.0,WAIT,WAIT,WAIT,WAIT,WAIT,WAIT,WAIT
133,15,495.0,WAIT,186,245,WAIT,WAIT,WAIT,257
134,15,495.0,WAIT,132,132,WAIT,WAIT,WAIT,WAIT
135,15,495.0,WAIT,132,132,93,93,93,28
136,15,495.0,WAIT,138,138,199,WAIT,199,WAIT
137,15,495.0,WAIT,186,138,199,207,199,WAIT
138,15,495.0,WAIT,186,93,199,WAIT,WAIT,WAIT
139,15,495.0,WAIT,132,132,132,132,132,219
140,15,495.0,WAIT,186,138,207,207,207,207
141,15,495.0,WAIT,186,138,WAIT,207,WAIT,WAIT
142,15,495.0,WAIT,186,138,WAIT,WAIT,236,WAIT
143,15,495.0,WAIT,186,138,WAIT,WAIT,WAIT,WAIT
144,15,495.0,WAIT,186,138,WAIT,195,WAIT,211
145,15,495.0,WAIT,186,138,WAIT,WAIT,WAIT,WAIT
146,15,495.0,WAIT,186,138,WAIT,WAIT,WAIT,WAIT
147,15,495.0,WAIT,138,138,199,199,199,WAIT
148,15,495.0,WAIT,186,138,WAIT,WAIT,WAIT,79
149,15,495.0,WAIT,39,154,154,154,154,WAIT
150,15,495.0,WAIT,39,154,154,154,154,210
151,15,495.0,WAIT,186,138,WAIT,WAIT,WAIT,WAIT
152,15,495.0,WAIT,236,138,199,199,199,WAIT
153,15,495.0,WAIT,138,138,WAIT,WAIT,WAIT,220
154,15,495.0,WAIT,39,55,WAIT,WAIT,WAIT,155
155,15,495.0,WAIT,89,154,154,154,154,WAIT
156,15,495.0,WAIT,109,1,WAIT,WAIT,WAIT,WAIT
157,15,495.0,WAIT,186,93,207,207,207,WAIT
158,15,495.0,WAIT,186,138,WAIT,WAIT,WAIT,249
159,15,495.0,WAIT,138,138,199,199,199,199
160,15,495.0,WAIT,186,93,93,WAIT,93,WAIT
161,15,495.0,WAIT,186,138,199,207,236,199
162,15,495.0,WAIT,186,138,207,207,93,199
163,15,495.0,WAIT,186,138,199,207,WAIT,138
164,15,495.0,WAIT,186,138,WAIT,207,237,WAIT
165,15,495.0,WAIT,79,111,WAIT,WAIT,WAIT,WAIT
166,15,495.0,WAIT,236,138,199,WAIT,199,WAIT
167,15,495.0,WAIT,138,138,199,199,199,147
168,15,495.0,WAIT,236,138,199,199,199,WAIT
169,15,495.0,WAIT,138,138,199,WAIT,199,247
170,15,495.0,WAIT,186,138,WAIT,207,WAIT,WAIT
171,15,495.0,WAIT,262,93,93,93,93,138
172,15,495.0,WAIT,44,110,WAIT,110,WAIT,WAIT
173,15,495.0,WAIT,186,93,70,93,70,138
174,15,495.0,WAIT,138,138,199,WAIT,199,WAIT
175,15,495.0,WAIT,138,93,WAIT,WAIT,WAIT,WAIT
176,15,495.0,WAIT,44,110,WAIT,110,WAIT,WAIT
177,15,495.0,WAIT,186,132,WAIT,132,WAIT,WAIT
178,15,495.0,WAIT,79,245,WAIT,WAIT,WAIT,WAIT
179,15,495.0,WAIT,186,93,8,8,8,138
180,15,495.0,WAIT,132,132,132,132,132,132
181,15,495.0,WAIT,186,245,195,106,195,WAIT
182,15,495.0,WAIT,138,138,199,WAIT,199,WAIT
183,15,495.0,WAIT,138,138,WAIT,WAIT,WAIT,242
184,15,495.0,WAIT,138,138,WAIT,WAIT,WAIT,51
185,15,495.0,WAIT,138,138,199,WAIT,199,WAIT
186,15,495.0,WAIT,WAIT,138,WAIT,WAIT,WAIT,WAIT
187,15,495.0,WAIT,5,1,WAIT,WAIT,WAIT,WAIT
188,15,495.0,WAIT,186,111,WAIT,WAIT,WAIT,WAIT
189,15,495.0,WAIT,186,195,WAIT,WAIT,WAIT,WAIT
190,15,495.0,WAIT,186,245,WAIT,WAIT,WAIT,189
191,15,495.0,WAIT,138,93,93,WAIT,93,WAIT
192,15,495.0,WAIT,262,93,93,93,93,138
193,15,495.0,WAIT,186,138,207,207,207,262
194,15,495.0,WAIT,236,93,207,207,207,207
195,15,495.0,WAIT,186,245,WAIT,WAIT,WAIT,WAIT
196,15,495.0,WAIT,186,93,93,93,93,WAIT
197,15,495.0,WAIT,132,132,132,132,132,216
198,15,495.0,WAIT,186,132,132,132,132,WAIT
199,15,495.0,WAIT,186,93,WAIT,WAIT,WAIT,WAIT
200,15,495.0,WAIT,199,199,WAIT,WAIT,WAIT,220
201,15,495.0,WAIT,27,27,WAIT,WAIT,WAIT,WAIT
202,15,495.0,WAIT,186,93,207,207,207,237
203,15,495.0,WAIT,132,132,132,132,132,219
204,15,495.0,WAIT,23,110,WAIT,WAIT,WAIT,WAIT
205,15,495.0,WAIT,132,132,132,132,132,10
206,15,495.0,WAIT,231,1,WAIT,WAIT,WAIT,WAIT
207,15,495.0,WAIT,186,93,WAIT,WAIT,WAIT,138
208,15,495.0,WAIT,138,93,199,WAIT,199,WAIT
209,15,495.0,WAIT,186,245,105,195,105,33
210,15,495.0,WAIT,39,154,154,154,154,WAIT
211,15,495.0,WAIT,186,138,195,195,195,125
212,15,495.0,WAIT,138,138,199,WAIT,199,WAIT
213,15,495.0,WAIT,138,93,199,199,199,WAIT
214,15,495.0,WAIT,5,110,WAIT,WAIT,WAIT,WAIT
215,15,495.0,WAIT,132,132,132,132,216,216
216,15,495.0,WAIT,132,132,132,132,WAIT,132
217,15,495.0,WAIT,186,33,WAIT,79,WAIT,256
218,15,495.0,WAIT,132,132,132,132,197,219
219,15,495.0,WAIT,132,132,132,132,132,132
220,15,495.0,WAIT,42,199,WAIT,WAIT,WAIT,WAIT
221,15,495.0,WAIT,231,1,WAIT,115,WAIT,115
222,15,495.0,WAIT,132,132,132,WAIT,132,WAIT
223,15,495.0,WAIT,186,93,207,207,207,138
224,15,495.0,WAIT,186,138,WAIT,WAIT,WAIT,WAIT
225,15,495.0,WAIT,186,226,WAIT,WAIT,WAIT,WAIT
226,15,495.0,WAIT,186,138,WAIT,WAIT,WAIT,WAIT
227,15,495.0,WAIT,186,245,111,111,111,WAIT
228,15,495.0,WAIT,186,245,111,105,111,WAIT
229,15,495.0,WAIT,186,138,WAIT,207,WAIT,WAIT
230,15,495.0,WAIT,186,138,WAIT,WAIT,186,WAIT
231,15,495.0,WAIT,186,195,195,195,195,33
232,15,495.0,WAIT,186,138,148,WAIT,148,WAIT
233,15,495.0,WAIT,186,138,207,207,207,WAIT
234,15,495.0,WAIT,186,138,199,WAIT,199,249
235,15,495.0,WAIT,138,138,199,WAIT,199,119
236,15,495.0,WAIT,186,138,WAIT,8,WAIT,8
237,15,495.0,WAIT,186,138,207,207,162,199
238,15,495.0,WAIT,186,138,WAIT,WAIT,WAIT,WAIT
239,15,495.0,WAIT,186,138,WAIT,WAIT,WAIT,WAIT
240,15,495.0,WAIT,199,199,WAIT,WAIT,WAIT,200
241,15,495.0,WAIT,138,138,WAIT,WAIT,WAIT,WAIT
242,15,495.0,WAIT,138,138,199,184,199,WAIT
243,15,495.0,WAIT,151,138,199,WAIT,199,WAIT
244,15,495.0,WAIT,236,138,199,199,199,199
245,15,495.0,WAIT,44,1,WAIT,WAIT,WAIT,WAIT
246,15,495.0,WAIT,186,138,199,199,199,186
247,15,495.0,WAIT,138,138,199,199,199,WAIT
248,15,495.0,WAIT,138,138,199,WAIT,199,WAIT
249,15,495.0,WAIT,186,138,WAIT,WAIT,WAIT,90
250,15,495.0,WAIT,138,138,199,WAIT,199,WAIT
251,15,495.0,WAIT,44,1,WAIT,WAIT,WAIT,WAIT
252,15,495.0,WAIT,236,93,93,253,93,138
253,15,495.0,WAIT,132,132,WAIT,93,WAIT,138
254,15,495.0,WAIT,138,138,WAIT,WAIT,WAIT,WAIT
255,15,495.0,WAIT,186,207,79,79,79,4
256,15,495.0,WAIT,186,207,WAIT,WAIT,WAIT,WAIT
257,15,495.0,WAIT,186,245,WAIT,WAIT,WAIT,WAIT
258,15,495.0,WAIT,132,132,132,132,132,180
259,15,495.0,WAIT,184,199,WAIT,WAIT,WAIT,WAIT
260,15,495.0,WAIT,186,93,207,207,207,138
261,15,495.0,WAIT,186,245,105,195,105,231
262,15,495.0,WAIT,236,93,WAIT,207,WAIT,207
263,15,495.0,WAIT,186,138,WAIT,207,WAIT,WAIT
1,30,510.0,WAIT,206,WAIT,WAIT,WAIT,WAIT,WAIT
2,30,510.0,WAIT,132,132,WAIT,WAIT,WAIT,132
3,30,510.0,WAIT,138,138,184,184,184,184
4,30,510.0,WAIT,79,93,WAIT,WAIT,WAIT,79
5,30,510.0,WAIT,44,110,WAIT,204,WAIT,WAIT
6,30,510.0,WAIT,84,110,WAIT,WAIT,WAIT,WAIT
7,30,510.0,WAIT,186,138,207,207,207,138
8,30,510.0,WAIT,186,138,WAIT,WAIT,237,138
9,30,510.0,WAIT,138,93,93,192,93,138
10,30,510.0,WAIT,132,132,132,132,219,132
11,30,510.0,WAIT,206,245,WAIT,WAIT,WAIT,WAIT
12,30,510.0,WAIT,186,245,195,105,195,105
13,30,510.0,WAIT,186,245,105,105,105,105
14,30,510.0,WAIT,79,245,115,221,115,115
15,30,510.0,WAIT,138,138,WAIT,WAIT,WAIT,138
16,30,510.0,WAIT,138,138,93,93,93,138
17,30,510.0,WAIT,186,226,WAIT,WAIT,WAIT,79
18,30,510.0,WAIT,138,138,WAIT,WAIT,WAIT,WAIT
19,30,510.0,WAIT,253,93,WAIT,WAIT,WAIT,WAIT
20,30,510.0,WAIT,138,138,199,199,199,138
21,30,510.0,WAIT,206,245,WAIT,WAIT,WAIT,WAIT
22,30,510.0,WAIT,206,245,WAIT,WAIT,WAIT,WAIT
23,30,510.0,WAIT,99,110,WAIT,WAIT,WAIT,WAIT
24,30,510.0,WAIT,236,138,WAIT,WAIT,WAIT,151
25,30,510.0,WAIT,186,245,105,105,105,105
26,30,510.0,WAIT,79,245,111,111,111,111
27,30,510.0,WAIT,WAIT,WAIT,WAIT,WAIT,WAIT,WAIT
28,30,510.0,WAIT,132,132,93,93,132,93
29,30,510.0,WAIT,39,154,WAIT,WAIT,WAIT,WAIT
30,30,510.0,WAIT,132,132,WAIT,2,WAIT,WAIT
31,30,510.0,WAIT,138,138,WAIT,WAIT,WAIT,WAIT
32,30,510.0,WAIT,138,138,199,199,199,31
33,30,510.0,WAIT,186,245,WAIT,105,WAIT,87
34,30,510.0,WAIT,186,145,WAIT,WAIT,WAIT,79
35,30,510.0,WAIT,186,96,WAIT,WAIT,WAIT,WAIT
36,30,510.0,WAIT,186,207,WAIT,WAIT,WAIT,79
37,30,510.0,WAIT,186,226,WAIT,WAIT,WAIT,79
38,30,510.0,WAIT,132,132,132,WAIT,93,WAIT
39,30,510.0,WAIT,76,154,WAIT,WAIT,WAIT,WAIT
40,30,510.0,WAIT,186,245,WAIT,195,WAIT,195
41,30,510.0,WAIT,236,93,199,199,199,199
42,30,510.0,WAIT,236,93,199,199,199,199
43,30,510.0,WAIT,186,93,199,199,199,199
44,30,510.0,WAIT,5,110,WAIT,204,WAIT,WAIT
45,30,510.0,WAIT,79,206,33,33,33,79
46,30,510.0,WAIT,138,138,WAIT,WAIT,WAIT,WAIT
47,30,510.0,WAIT,138,138,199,199,199,199
48,30,510.0,WAIT,186,138,WAIT,WAIT,138,WAIT
49,30,510.0,WAIT,186,33,WAIT,WAIT,WAIT,79
50,30,510.0,WAIT,186,138,WAIT,199,WAIT,48
51,30,510.0,WAIT,138,138,WAIT,WAIT,WAIT,184
52,30,510.0,WAIT,186,245,WAIT,105,WAIT,WAIT
53,30,510.0,WAIT,236,93,253,93,253,138
54,30,510.0,WAIT,186,245,195,195,195,195
55,30,510.0,WAIT,206,245,WAIT,WAIT,WAIT,WAIT
56,30,510.0,WAIT,186,93,93,93,93,138
57,30,510.0,WAIT,186,132,93,WAIT,93,138
58,30,510.0,WAIT,138,93,WAIT,WAIT,WAIT,184
59,30,510.0,WAIT,138,93,199,199,199,WAIT
60,30,510.0,WAIT,138,93,199,199,199,199
61,30,510.0,WAIT,186,106,WAIT,WAIT,WAIT,WAIT
62,30,510.0,WAIT,186,111,WAIT,WAIT,WAIT,WAIT
63,30,510.0,WAIT,132,132,132,132,258,132
64,30,510.0,WAIT,138,138,WAIT,WAIT,WAIT,WAIT
65,30,510.0,WAIT,186,105,105,105,105,105
66,30,510.0,WAIT,186,33,WAIT,WAIT,WAIT,79
67,30,510.0,WAIT,206,245,245,245,245,WAIT
68,30,510.0,WAIT,186,138,199,249,186,249
69,30,510.0,WAIT,138,93,199,199,199,199
70,30,510.0,WAIT,186,93,WAIT,WAIT,WAIT,138
71,30,510.0,WAIT,79,111,WAIT,WAIT,WAIT,79
72,30,510.0,WAIT,79,155,WAIT,WAIT,WAIT,WAIT
73,30,510.0,WAIT,262,93,93,192,93,138
74,30,510.0,WAIT,236,93,199,199,199,138
75,30,510.0,WAIT,236,93,199,199,199,199
76,30,510.0,WAIT,132,132,132,132,WAIT,WAIT
77,30,510.0,WAIT,132,132,132,WAIT,132,WAIT
78,30,510.0,WAIT,138,138,199,199,199,199
79,30,510.0,WAIT,186,138,WAIT,WAIT,262,WAIT
80,30,510.0,WAIT,186,138,WAIT,226,WAIT,79
81,30,510.0,WAIT,184,199,WAIT,WAIT,WAIT,WAIT
82,30,510.0,WAIT,186,138,138,138,138,138
83,30,510.0,WAIT,186,138,WAIT,WAIT,WAIT,138
84,30,510.0,WAIT,99,110,WAIT,WAIT,WAIT,WAIT
85,30,510.0,WAIT,186,111,WAIT,WAIT,WAIT,WAIT
86,30,510.0,WAIT,132,132,WAIT,WAIT,WAIT,117
87,30,510.0,WAIT,186,245,105,105,105,105
88,30,510.0,WAIT,186,245,195,105,195,105
89,30,510.0,WAIT,79,245,WAIT,WAIT,WAIT,WAIT
90,30,510.0,WAIT,186,138,WAIT,WAIT,WAIT,249
91,30,510.0,WAIT,39,154,WAIT,WAIT,WAIT,WAIT
92,30,510.0,WAIT,236,93,93,93,93,138
93,30,510.0,WAIT,132,132,WAIT,WAIT,WAIT,138
94,30,510.0,WAIT,138,138,199,199,199,138
95,30,510.0,WAIT,132,132,93,93,93,138
96,30,510.0,WAIT,132,132,WAIT,WAIT,WAIT,WAIT
97,30,510.0,WAIT,186,195,WAIT,WAIT,WAIT,79
98,30,510.0,WAIT,138,93,93,93,93,138
99,30,510.0,WAIT,84,110,WAIT,WAIT,WAIT,WAIT
100,30,510.0,WAIT,186,138,199,70,138,186
101,30,510.0,WAIT,252,93,WAIT,WAIT,WAIT,WAIT
102,30,510.0,WAIT,186,132,132,WAIT,132,96
103,30,510.0,WAIT,186,1,WAIT,105,WAIT,WAIT
104,30,510.0,WAIT,186,1,WAIT,WAIT,WAIT,WAIT
105,30,510.0,WAIT,186,245,WAIT,WAIT,WAIT,WAIT
106,30,510.0,WAIT,186,245,195,195,195,105
107,30,510.0,WAIT,186,93,WAIT,WAIT,WAIT,WAIT
108,30,510.0,WAIT,206,245,WAIT,WAIT,WAIT,WAIT
109,30,510.0,WAIT,99,110,WAIT,110,WAIT,WAIT
110,30,510.0,WAIT,84,WAIT,WAIT,WAIT,WAIT,WAIT
111,30,510.0,WAIT,186,245,WAIT,WAIT,WAIT,257
112,30,510.0,WAIT,186,138,226,226,226,79
113,30,510.0,WAIT,186,138,WAIT,WAIT,WAIT,WAIT
114,30,510.0,WAIT,186,138,WAIT,WAIT,WAIT,113
115,30,510.0,WAIT,176,110,WAIT,WAIT,WAIT,WAIT
116,30,510.0,WAIT,236,138,WAIT,WAIT,WAIT,WAIT
117,30,510.0,WAIT,30,2,WAIT,WAIT,86,WAIT
118,30,510.0,WAIT,110,110,WAIT,WAIT,WAIT,WAIT
119,30,510.0,WAIT,138,138,199,199,199,199
120,30,510.0,WAIT,236,138,199,199,199,WAIT
121,30,510.0,WAIT,132,132,93,93,93,138
122,30,510.0,WAIT,132,132,132,WAIT,132,WAIT
123,30,510.0,WAIT,89,154,WAIT,WAIT,WAIT,154
124,30,510.0,WAIT,132,132,132,132,WAIT,132
125,30,510.0,WAIT,186,207,WAIT,WAIT,WAIT,249
126,30,510.0,WAIT,138,138,199,199,199,199
127,30,510.0,WAIT,138,138,199,199,199,128
128,30,510.0,WAIT,138,138,WAIT,WAIT,WAIT,WAIT
129,30,510.0,WAIT,186,138,207,WAIT,207,138
130,30,510.0,WAIT,132,132,132,132,28,132
131,30,510.0,WAIT,132,132,132,93,132,138
132,30,510.0,WAIT,WAIT,WAIT,WAIT,WAIT,WAIT,WAIT
133,30,510.0,WAIT,186,245,WAIT,WAIT,WAIT,WAIT
134,30,510.0,WAIT,132,132,WAIT,WAIT,WAIT,138
135,30,510.0,WAIT,132,132,93,93,93,138
136,30,510.0,WAIT,138,138,199,199,199,138
137,30,510.0,WAIT,186,93,70,70,70,138
138,30,510.0,WAIT,186,93,199,WAIT,WAIT,199
139,30,510.0,WAIT,132,132,132,132,WAIT,132
140,30,510.0,WAIT,236,138,199,199,199,199
141,30,510.0,WAIT,186,93,WAIT,199,162,WAIT
142,30,510.0,WAIT,186,138,WAIT,WAIT,237,WAIT
143,30,510.0,WAIT,186,138,WAIT,WAIT,WAIT,WAIT
144,30,510.0,WAIT,79,138,WAIT,WAIT,WAIT,79
145,30,510.0,WAIT,186,138,WAIT,WAIT,WAIT,WAIT
146,30,510.0,WAIT,186,93,WAIT,WAIT,WAIT,WAIT
147,30,510.0,WAIT,138,138,199,199,199,199
148,30,510.0,WAIT,79,138,WAIT,WAIT,WAIT,144
149,30,510.0,WAIT,91,154,154,154,154,154
150,30,510.0,WAIT,39,154,WAIT,154,WAIT,154
151,30,510.0,WAIT,236,138,WAIT,WAIT,236,WAIT
152,30,510.0,WAIT,236,138,199,199,199,199
153,30,510.0,WAIT,138,138,WAIT,WAIT,WAIT,WAIT
154,30,510.0,WAIT,39,WAIT,WAIT,WAIT,WAIT,WAIT
155,30,510.0,WAIT,39,154,154,154,154,154
156,30,510.0,WAIT,99,1,WAIT,WAIT,WAIT,WAIT
157,30,510.0,WAIT,186,138,WAIT,WAIT,WAIT,138
158,30,510.0,WAIT,186,207,WAIT,WAIT,WAIT,249
159,30,510.0,WAIT,138,93,199,199,199,199
160,30,510.0,WAIT,186,138,WAIT,WAIT,WAIT,138
161,30,510.0,WAIT,186,93,199,199,70,199
162,30,510.0,WAIT,186,93,199,199,93,199
163,30,510.0,WAIT,186,93,199,199,93,199
164,30,510.0,WAIT,186,138,199,70,WAIT,186
165,30,510.0,WAIT,79,111,WAIT,WAIT,WAIT,89
166,30,510.0,WAIT,236,138,199,199,199,199
167,30,510.0,WAIT,138,93,199,199,199,199
168,30,510.0,WAIT,236,138,199,199,199,199
169,30,510.0,WAIT,138,138,199,WAIT,199,199
170,30,510.0,WAIT,186,93,WAIT,70,70,WAIT
171,30,510.0,WAIT,262,138,93,93,93,138
172,30,510.0,WAIT,109,110,WAIT,WAIT,WAIT,WAIT
173,30,510.0,WAIT,186,93,70,70,70,138
174,30,510.0,WAIT,138,138,199,199,199,240
175,30,510.0,WAIT,138,138,WAIT,WAIT,WAIT,WAIT
176,30,510.0,WAIT,84,110,WAIT,110,WAIT,WAIT
177,30,510.0,WAIT,186,132,WAIT,WAIT,WAIT,WAIT
178,30,510.0,WAIT,89,245,WAIT,WAIT,WAIT,WAIT
179,30,510.0,WAIT,186,138,WAIT,138,WAIT,138
180,30,510.0,WAIT,132,132,132,132,96,132
181,30,510.0,WAIT,186,245,195,106,195,79
182,30,510.0,WAIT,138,93,199,199,199,138
183,30,510.0,WAIT,138,93,WAIT,WAIT,WAIT,184
184,30,510.0,WAIT,138,138,WAIT,WAIT,WAIT,WAIT
185,30,510.0,WAIT,138,138,199,199,199,138
186,30,510.0,WAIT,WAIT,138,WAIT,WAIT,WAIT,WAIT
187,30,510.0,WAIT,23,1,WAIT,WAIT,WAIT,WAIT
188,30,510.0,WAIT,186,111,WAIT,WAIT,WAIT,79
189,30,510.0,WAIT,186,195,WAIT,WAIT,WAIT,79
190,30,510.0,WAIT,186,195,WAIT,WAIT,WAIT,WAIT
191,30,510.0,WAIT,138,138,WAIT,WAIT,WAIT,WAIT
192,30,510.0,WAIT,262,93,93,93,93,138
193,30,510.0,WAIT,186,93,262,262,262,262
194,30,510.0,WAIT,236,138,199,199,199,199
195,30,510.0,WAIT,186,245,WAIT,WAIT,WAIT,WAIT
196,30,510.0,WAIT,186,138,93,93,93,138
197,30,510.0,WAIT,132,132,132,132,132,132
198,30,510.0,WAIT,186,132,132,WAIT,132,79
199,30,510.0,WAIT,186,138,WAIT,WAIT,262,WAIT
200,30,510.0,WAIT,128,WAIT,WAIT,WAIT,WAIT,WAIT
201,30,510.0,WAIT,27,86,WAIT,WAIT,WAIT,WAIT
202,30,510.0,WAIT,186,138,199,207,199,262
203,30,510.0,WAIT,132,132,132,219,38,132
204,30,510.0,WAIT,109,110,WAIT,WAIT,WAIT,WAIT
205,30,510.0,WAIT,132,132,132,WAIT,132,WAIT
206,30,510.0,WAIT,231,110,WAIT,WAIT,WAIT,WAIT
207,30,510.0,WAIT,186,138,WAIT,WAIT,WAIT,WAIT
208,30,510.0,WAIT,138,138,199,199,199,138
209,30,510.0,WAIT,186,105,105,105,105,105
210,30,510.0,WAIT,39,154,154,154,154,154
211,30,510.0,WAIT,186,70,WAIT,WAIT,WAIT,249
212,30,510.0,WAIT,138,138,199,199,199,199
213,30,510.0,WAIT,138,138,199,199,199,138
214,30,510.0,WAIT,176,110,WAIT,WAIT,WAIT,WAIT
215,30,510.0,WAIT,132,132,132,132,132,132
216,30,510.0,WAIT,132,132,132,132,WAIT,132
217,30,510.0,WAIT,186,226,WAIT,79,WAIT,79
218,30,510.0,WAIT,132,132,132,132,219,132
219,30,510.0,WAIT,132,132,132,132,WAIT,132
220,30,510.0,WAIT,199,199,WAIT,WAIT,WAIT,128
221,30,510.0,WAIT,84,110,WAIT,206,WAIT,115
222,30,510.0,WAIT,132,132,132,WAIT,132,WAIT
223,30,510.0,WAIT,186,138,199,138,199,138
224,30,510.0,WAIT,186,93,WAIT,WAIT,WAIT,79
225,30,510.0,WAIT,186,226,WAIT,WAIT,WAIT,79
226,30,510.0,WAIT,186,93,WAIT,WAIT,WAIT,WAIT
227,30,510.0,WAIT,186,245,111,111,111,111
228,30,510.0,WAIT,186,245,111,195,111,111
229,30,510.0,WAIT,186,93,WAIT,199,WAIT,WAIT
230,30,510.0,WAIT,186,138,WAIT,199,253,WAIT
231,30,510.0,WAIT,186,206,WAIT,WAIT,WAIT,WAIT
232,30,510.0,WAIT,79,138,148,WAIT,148,79
233,30,510.0,WAIT,186,93,199,70,199,138
234,30,510.0,WAIT,186,138,70,70,70,113
235,30,510.0,WAIT,138,138,199,199,199,138
236,30,510.0,WAIT,262,93,WAIT,199,79,199
237,30,510.0,WAIT,186,93,WAIT,199,93,199
238,30,510.0,WAIT,186,138,WAIT,WAIT,239,WAIT
239,30,510.0,WAIT,186,138,WAIT,WAIT,70,WAIT
240,30,510.0,WAIT,199,199,WAIT,WAIT,WAIT,WAIT
241,30,510.0,WAIT,138,138,199,199,199,240
242,30,510.0,WAIT,138,93,199,199,199,184
243,30,510.0,WAIT,138,138,199,199,199,138
244,30,510.0,WAIT,236,138,199,199,199,199
245,30,510.0,WAIT,84,110,WAIT,WAIT,WAIT,WAIT
246,30,510.0,WAIT,186,138,199,199,199,186
247,30,510.0,WAIT,138,93,199,199,199,199
248,30,510.0,WAIT,138,93,199,199,199,199
249,30,510.0,WAIT,186,138,WAIT,WAIT,237,WAIT
250,30,510.0,WAIT,138,138,199,199,199,138
251,30,510.0,WAIT,23,110,WAIT,WAIT,WAIT,WAIT
252,30,510.0,WAIT,236,93,93,WAIT,93,138
253,30,510.0,WAIT,132,132,WAIT,93,WAIT,138
254,30,510.0,WAIT,138,138,WAIT,WAIT,WAIT,WAIT
255,30,510.0,WAIT,186,207,79,4,79,79
256,30,510.0,WAIT,186,207,WAIT,WAIT,WAIT,79
257,30,510.0,WAIT,186,245,WAIT,WAIT,WAIT,111
258,30,510.0,WAIT,132,132,132,WAIT,WAIT,96
259,30,510.0,WAIT,184,51,WAIT,WAIT,WAIT,WAIT
260,30,510.0,WAIT,186,138,207,207,207,138
261,30,510.0,WAIT,186,245,105,105,105,105
262,30,510.0,WAIT,WAIT,138,WAIT,199,WAIT,WAIT
263,30,510.0,WAIT,262,93,WAIT,199,WAIT,WAIT
1,45,525.0,WAIT,251,WAIT,WAIT,WAIT,WAIT,WAIT
2,45,525.0,WAIT,132,132,WAIT,WAIT,WAIT,WAIT
3,45,525.0,WAIT,138,138,199,184,199,184
4,45,525.0,WAIT,79,93,WAIT,WAIT,WAIT,79
5,45,525.0,WAIT,WAIT,110,WAIT,WAIT,WAIT,WAIT
6,45,525.0,WAIT,156,110,WAIT,WAIT,WAIT,214
7,45,525.0,WAIT,186,93,WAIT,138,WAIT,262
8,45,525.0,WAIT,186,93,WAIT,138,WAIT,138
9,45,525.0,WAIT,138,138,93,93,93,138
10,45,525.0,WAIT,132,132,132,WAIT,WAIT,WAIT
11,45,525.0,WAIT,187,187,WAIT,221,WAIT,221
12,45,525.0,WAIT,186,105,195,195,195,105
13,45,525.0,WAIT,186,105,195,195,195,105
14,45,525.0,WAIT,79,195,221,221,221,221
15,45,525.0,WAIT,138,93,WAIT,WAIT,WAIT,WAIT
16,45,525.0,WAIT,138,138,93,WAIT,93,15
17,45,525.0,WAIT,186,33,WAIT,WAIT,WAIT,79
18,45,525.0,WAIT,138,138,199,199,199,59
19,45,525.0,WAIT,253,93,WAIT,WAIT,WAIT,64
20,45,525.0,WAIT,138,138,199,199,199,59
21,45,525.0,WAIT,206,206,WAIT,WAIT,WAIT,WAIT
22,45,525.0,WAIT,206,206,WAIT,WAIT,WAIT,WAIT
23,45,525.0,WAIT,WAIT,110,WAIT,WAIT,WAIT,WAIT
24,45,525.0,WAIT,236,138,WAIT,199,WAIT,151
25,45,525.0,WAIT,186,195,195,105,195,105
26,45,525.0,WAIT,79,195,111,111,111,111
27,45,525.0,WAIT,WAIT,86,WAIT,WAIT,WAIT,WAIT
28,45,525.0,WAIT,132,132,93,93,WAIT,96
29,45,525.0,WAIT,154,55,WAIT,WAIT,WAIT,154
30,45,525.0,WAIT,132,132,WAIT,WAIT,132,WAIT
31,45,525.0,WAIT,138,138,WAIT,199,WAIT,WAIT
32,45,525.0,WAIT,138,138,199,199,199,31
33,45,525.0,WAIT,186,195,105,105,105,105
34,45,525.0,WAIT,186,195,WAIT,WAIT,WAIT,79
35,45,525.0,WAIT,186,96,WAIT,WAIT,WAIT,79
36,45,525.0,WAIT,186,207,WAIT,WAIT,WAIT,79
37,45,525.0,WAIT,186,160,WAIT,WAIT,WAIT,79
38,45,525.0,WAIT,132,132,132,WAIT,WAIT,WAIT
39,45,525.0,WAIT,WAIT,154,WAIT,WAIT,WAIT,WAIT
40,45,525.0,WAIT,186,105,195,195,195,105
41,45,525.0,WAIT,236,93,199,199,199,151
42,45,525.0,WAIT,236,138,199,199,199,199
43,45,525.0,WAIT,236,93,199,199,199,239
44,45,525.0,WAIT,WAIT,110,WAIT,WAIT,WAIT,WAIT
45,45,525.0,WAIT,186,195,195,195,195,79
46,45,525.0,WAIT,138,138,WAIT,WAIT,WAIT,WAIT
47,45,525.0,WAIT,138,138,199,199,199,59
48,45,525.0,WAIT,186,138,WAIT,WAIT,237,WAIT
49,45,525.0,WAIT,186,195,WAIT,WAIT,WAIT,79
50,45,525.0,WAIT,186,138,WAIT,WAIT,WAIT,48
51,45,525.0,WAIT,138,138,WAIT,WAIT,WAIT,184
52,45,525.0,WAIT,186,105,WAIT,105,WAIT,105
53,45,525.0,WAIT,236,93,253,93,253,138
54,45,525.0,WAIT,186,105,195,195,195,105
55,45,525.0,WAIT,206,176,WAIT,WAIT,WAIT,6
56,45,525.0,WAIT,186,138,93,93,93,138
57,45,525.0,WAIT,186,132,93,70,93,138
58,45,525.0,WAIT,138,93,WAIT,199,WAIT,184
59,45,525.0,WAIT,138,93,199,199,199,WAIT
60,45,525.0,WAIT,138,93,199,199,199,138
61,45,525.0,WAIT,186,106,WAIT,WAIT,WAIT,79
62,45,525.0,WAIT,186,106,WAIT,WAIT,WAIT,79
63,45,525.0,WAIT,132,132,132,WAIT,79,96
64,45,525.0,WAIT,253,93,WAIT,WAIT,WAIT,WAIT
65,45,525.0,WAIT,186,195,105,105,105,105
66,45,525.0,WAIT,186,195,WAIT,WAIT,WAIT,79
67,45,525.0,WAIT,231,187,221,221,221,221
68,45,525.0,WAIT,186,138,195,186,WAIT,186
69,45,525.0,WAIT,138,93,199,199,199,199
70,45,525.0,WAIT,186,138,WAIT,WAIT,236,138
71,45,525.0,WAIT,79,257,WAIT,WAIT,WAIT,79
72,45,525.0,WAIT,79,190,WAIT,WAIT,WAIT,WAIT
73,45,525.0,WAIT,262,138,93,93,93,138
74,45,525.0,WAIT,236,93,199,199,199,138
75,45,525.0,WAIT,236,93,199,199,199,138
76,45,525.0,WAIT,132,132,132,WAIT,WAIT,96
77,45,525.0,WAIT,132,132,132,WAIT,96,79
78,45,525.0,WAIT,138,138,199,199,199,59
79,45,525.0,WAIT,WAIT,138,WAIT,WAIT,262,WAIT
80,45,525.0,WAIT,186,138,226,226,226,79
81,45,525.0,WAIT,199,199,WAIT,WAIT,WAIT,184
82,45,525.0,WAIT,186,138,138,70,138,138
83,45,525.0,WAIT,186,93,WAIT,138,WAIT,138
84,45,525.0,WAIT,WAIT,110,WAIT,WAIT,WAIT,WAIT
85,45,525.0,WAIT,186,111,WAIT,WAIT,WAIT,79
86,45,525.0,WAIT,132,132,WAIT,WAIT,WAIT,WAIT
87,45,525.0,WAIT,186,105,195,195,195,105
88,45,525.0,WAIT,186,105,195,195,195,105
89,45,525.0,WAIT,79,206,WAIT,WAIT,WAIT,WAIT
90,45,525.0,WAIT,186,138,WAIT,WAIT,WAIT,249
91,45,525.0,WAIT,WAIT,154,WAIT,WAIT,WAIT,WAIT
92,45,525.0,WAIT,236,138,93,93,WAIT,138
93,45,525.0,WAIT,132,132,WAIT,WAIT,199,138
94,45,525.0,WAIT,138,138,199,199,199,59
95,45,525.0,WAIT,132,132,93,93,WAIT,93
96,45,525.0,WAIT,186,132,WAIT,WAIT,WAIT,WAIT
97,45,525.0,WAIT,186,195,195,79,195,79
98,45,525.0,WAIT,138,138,93,93,WAIT,WAIT
99,45,525.0,WAIT,WAIT,110,WAIT,23,WAIT,WAIT
100,45,525.0,WAIT,186,138,199,186,199,186
101,45,525.0,WAIT,64,93,WAIT,WAIT,WAIT,WAIT
102,45,525.0,WAIT,186,132,93,96,93,96
103,45,525.0,WAIT,186,1,WAIT,195,WAIT,WAIT
104,45,525.0,WAIT,186,1,WAIT,WAIT,WAIT,WAIT
105,45,525.0,WAIT,186,WAIT,195,WAIT,195,WAIT
106,45,525.0,WAIT,186,105,195,195,195,105
107,45,525.0,WAIT,186,138,WAIT,WAIT,WAIT,WAIT
108,45,525.0,WAIT,206,206,WAIT,WAIT,WAIT,WAIT
109,45,525.0,WAIT,WAIT,110,WAIT,118,WAIT,WAIT
110,45,525.0,WAIT,WAIT,WAIT,WAIT,WAIT,WAIT,WAIT
111,45,525.0,WAIT,186,195,WAIT,WAIT,WAIT,WAIT
112,45,525.0,WAIT,186,138,226,226,226,79
113,45,525.0,WAIT,186,138,WAIT,WAIT,186,WAIT
114,45,525.0,WAIT,186,138,WAIT,195,186,79
115,45,525.0,WAIT,156,110,WAIT,WAIT,WAIT,WAIT
116,45,525.0,WAIT,236,138,WAIT,199,WAIT,WAIT
117,45,525.0,WAIT,2,2,WAIT,WAIT,WAIT,WAIT
118,45,525.0,WAIT,84,110,WAIT,WAIT,WAIT,WAIT
119,45,525.0,WAIT,138,138,199,199,199,199
120,45,525.0,WAIT,236,138,199,199,199,WAIT
121,45,525.0,WAIT,132,132,93,93,253,93
122,45,525.0,WAIT,132,132,132,WAIT,253,WAIT
123,45,525.0,WAIT,154,257,WAIT,WAIT,WAIT,154
124,45,525.0,WAIT,132,132,132,132,216,132
125,45,525.0,WAIT,186,195,195,195,195,249
126,45,525.0,WAIT,138,93,199,199,199,138
127,45,525.0,WAIT,138,138,199,128,199,128
128,45,525.0,WAIT,138,138,WAIT,WAIT,WAIT,WAIT
129,45,525.0,WAIT,186,138,138,138,138,138
130,45,525.0,WAIT,132,132,132,216,138,134
131,45,525.0,WAIT,132,132,93,93,93,98
132,45,525.0,WAIT,WAIT,WAIT,WAIT,WAIT,WAIT,WAIT
133,45,525.0,WAIT,79,195,WAIT,WAIT,WAIT,111
134,45,525.0,WAIT,132,132,WAIT,93,253,138
135,45,525.0,WAIT,132,132,93,93,57,138
136,45,525.0,WAIT,138,138,199,199,199,153
137,45,525.0,WAIT,186,93,70,WAIT,162,79
138,45,525.0,WAIT,186,WAIT,199,WAIT,WAIT,WAIT
139,45,525.0,WAIT,132,132,132,WAIT,WAIT,WAIT
140,45,525.0,WAIT,186,93,199,199,199,262
141,45,525.0,WAIT,236,93,WAIT,199,70,WAIT
142,45,525.0,WAIT,186,138,WAIT,WAIT,199,WAIT
143,45,525.0,WAIT,186,138,WAIT,WAIT,WAIT,WAIT
144,45,525.0,WAIT,79,138,195,195,WAIT,79
145,45,525.0,WAIT,186,138,WAIT,WAIT,WAIT,262
146,45,525.0,WAIT,186,93,WAIT,WAIT,WAIT,262
147,45,525.0,WAIT,138,93,199,199,199,138
148,45,525.0,WAIT,79,138,WAIT,WAIT,WAIT,79
149,45,525.0,WAIT,154,154,154,154,154,154
150,45,525.0,WAIT,154,154,WAIT,154,WAIT,154
151,45,525.0,WAIT,186,138,WAIT,WAIT,199,WAIT
152,45,525.0,WAIT,236,138,199,199,199,151
153,45,525.0,WAIT,138,138,WAIT,WAIT,WAIT,WAIT
154,45,525.0,WAIT,39,WAIT,WAIT,WAIT,WAIT,WAIT
155,45,525.0,WAIT,154,154,154,154,154,154
156,45,525.0,WAIT,44,110,187,WAIT,187,WAIT
157,45,525.0,WAIT,186,93,WAIT,WAIT,WAIT,262
158,45,525.0,WAIT,186,195,WAIT,WAIT,WAIT,249
159,45,525.0,WAIT,138,93,199,199,199,138
160,45,525.0,WAIT,186,93,WAIT,WAIT,WAIT,262
161,45,525.0,WAIT,186,93,199,199,70,WAIT
162,45,525.0,WAIT,186,93,199,199,199,262
163,45,525.0,WAIT,186,93,199,199,70,262
164,45,525.0,WAIT,186,138,199,WAIT,236,186
165,45,525.0,WAIT,111,111,WAIT,WAIT,WAIT,WAIT
166,45,525.0,WAIT,236,138,199,199,199,151
167,45,525.0,WAIT,138,93,199,199,199,138
168,45,525.0,WAIT,236,93,199,199,199,138
169,45,525.0,WAIT,138,138,199,199,199,59
170,45,525.0,WAIT,186,93,WAIT,WAIT,70,WAIT
171,45,525.0,WAIT,262,138,93,WAIT,93,253
172,45,525.0,WAIT,156,110,WAIT,WAIT,WAIT,176
173,45,525.0,WAIT,186,138,70,70,70,138
174,45,525.0,WAIT,138,138,199,240,199,240
175,45,525.0,WAIT,138,93,WAIT,WAIT,WAIT,64
176,45,525.0,WAIT,WAIT,110,WAIT,WAIT,WAIT,WAIT
177,45,525.0,WAIT,186,132,132,WAIT,262,79
178,45,525.0,WAIT,206,206,WAIT,WAIT,WAIT,WAIT
179,45,525.0,WAIT,186,93,138,138,138,262
180,45,525.0,WAIT,132,132,132,WAIT,93,96
181,45,525.0,WAIT,186,195,195,195,195,79
182,45,525.0,WAIT,138,93,199,199,199,138
183,45,525.0,WAIT,138,138,199,199,199,184
184,45,525.0,WAIT,138,138,WAIT,WAIT,WAIT,WAIT
185,45,525.0,WAIT,138,138,199,199,199,184
186,45,525.0,WAIT,WAIT,138,WAIT,WAIT,262,WAIT
187,45,525.0,WAIT,44,110,WAIT,WAIT,WAIT,WAIT
188,45,525.0,WAIT,186,111,WAIT,WAIT,WAIT,79
189,45,525.0,WAIT,186,195,195,WAIT,195,79
190,45,525.0,WAIT,186,195,WAIT,WAIT,WAIT,79
191,45,525.0,WAIT,138,93,93,WAIT,WAIT,WAIT
192,45,525.0,WAIT,262,93,93,93,93,138
193,45,525.0,WAIT,186,93,138,262,138,262
194,45,525.0,WAIT,236,93,199,199,93,199
195,45,525.0,WAIT,186,105,WAIT,WAIT,WAIT,105
196,45,525.0,WAIT,186,138,93,93,93,262
197,45,525.0,WAIT,132,132,132,WAIT,WAIT,96
198,45,525.0,WAIT,186,132,132,WAIT,79,79
199,45,525.0,WAIT,186,138,WAIT,WAIT,236,WAIT
200,45,525.0,WAIT,184,128,WAIT,WAIT,WAIT,240
201,45,525.0,WAIT,27,117,WAIT,WAIT,117,27
202,45,525.0,WAIT,186,93,199,199,199,138
203,45,525.0,WAIT,132,132,132,WAIT,WAIT,WAIT
204,45,525.0,WAIT,WAIT,110,WAIT,WAIT,WAIT,WAIT
205,45,525.0,WAIT,132,132,132,WAIT,WAIT,WAIT
206,45,525.0,WAIT,231,110,WAIT,WAIT,WAIT,WAIT
207,45,525.0,WAIT,186,93,WAIT,WAIT,236,138
208,45,525.0,WAIT,138,93,199,199,199,138
209,45,525.0,WAIT,186,105,195,195,195,105
210,45,525.0,WAIT,154,154,154,154,154,154
211,45,525.0,WAIT,186,195,195,195,195,249
212,45,525.0,WAIT,138,93,199,199,199,138
213,45,525.0,WAIT,138,93,199,199,199,138
214,45,525.0,WAIT,156,110,WAIT,WAIT,WAIT,WAIT
215,45,525.0,WAIT,132,132,132,WAIT,76,WAIT
216,45,525.0,WAIT,132,132,132,132,132,132
217,45,525.0,WAIT,186,33,WAIT,79,WAIT,79
218,45,525.0,WAIT,132,132,132,WAIT,132,WAIT
219,45,525.0,WAIT,132,132,132,WAIT,WAIT,WAIT
220,45,525.0,WAIT,199,199,WAIT,WAIT,WAIT,128
221,45,525.0,WAIT,156,110,WAIT,WAIT,WAIT,115
222,45,525.0,WAIT,132,132,132,WAIT,WAIT,WAIT
223,45,525.0,WAIT,186,138,138,138,138,138
224,45,525.0,WAIT,79,93,WAIT,WAIT,WAIT,79
225,45,525.0,WAIT,186,34,WAIT,WAIT,WAIT,79
226,45,525.0,WAIT,186,93,WAIT,WAIT,WAIT,262
227,45,525.0,WAIT,186,187,111,111,111,111
228,45,525.0,WAIT,186,187,195,195,195,111
229,45,525.0,WAIT,186,93,WAIT,199,WAIT,WAIT
230,45,525.0,WAIT,186,138,WAIT,WAIT,70,WAIT
231,45,525.0,WAIT,186,195,195,195,195,249
232,45,525.0,WAIT,79,138,195,195,195,79
233,45,525.0,WAIT,186,93,199,WAIT,199,79
234,45,525.0,WAIT,186,138,195,79,162,79
235,45,525.0,WAIT,138,138,WAIT,199,WAIT,WAIT
236,45,525.0,WAIT,WAIT,93,WAIT,199,WAIT,262
237,45,525.0,WAIT,236,93,199,199,138,WAIT
238,45,525.0,WAIT,186,138,WAIT,WAIT,WAIT,WAIT
239,45,525.0,WAIT,186,138,WAIT,WAIT,70,WAIT
240,45,525.0,WAIT,199,199,WAIT,WAIT,WAIT,WAIT
241,45,525.0,WAIT,138,138,199,WAIT,199,240
242,45,525.0,WAIT,138,93,199,199,199,184
243,45,525.0,WAIT,138,138,199,199,199,128
244,45,525.0,WAIT,236,138,199,199,199,120
245,45,525.0,WAIT,156,110,206,WAIT,206,WAIT
246,45,525.0,WAIT,186,138,195,50,WAIT,186
247,45,525.0,WAIT,138,138,199,199,199,199
248,45,525.0,WAIT,138,93,199,199,199,138
249,45,525.0,WAIT,186,138,WAIT,WAIT,79,WAIT
250,45,525.0,WAIT,138,93,199,199,199,138
251,45,525.0,WAIT,44,110,WAIT,WAIT,WAIT,WAIT
252,45,525.0,WAIT,236,138,93,93,93,138
253,45,525.0,WAIT,132,132,WAIT,93,WAIT,138
254,45,525.0,WAIT,199,199,WAIT,WAIT,WAIT,184
255,45,525.0,WAIT,186,207,79,79,79,79
256,45,525.0,WAIT,186,207,WAIT,79,WAIT,79
257,45,525.0,WAIT,186,195,WAIT,WAIT,WAIT,111
258,45,525.0,WAIT,132,132,132,WAIT,132,96
259,45,525.0,WAIT,184,183,WAIT,WAIT,WAIT,240
260,45,525.0,WAIT,186,93,207,207,207,138
261,45,525.0,WAIT,186,105,195,195,195,105
262,45,525.0,WAIT,WAIT,93,WAIT,199,236,WAIT
263,45,525.0,WAIT,236,93,WAIT,199,WAIT,WAIT
1,60,540.0,WAIT,115,WAIT,WAIT,WAIT,WAIT,WAIT
2,60,540.0,WAIT,132,132,WAIT,30,30,30
3,60,540.0,WAIT,138,138,199,WAIT,199,184
4,60,540.0,WAIT,186,93,WAIT,WAIT,WAIT,79
5,60,540.0,WAIT,206,110,WAIT,204,WAIT,99
6,60,540.0,WAIT,187,110,WAIT,WAIT,WAIT,WAIT
7,60,540.0,WAIT,186,93,138,WAIT,138,262
8,60,540.0,WAIT,186,93,WAIT,WAIT,WAIT,262
9,60,540.0,WAIT,138,93,93,93,WAIT,WAIT
10,60,540.0,WAIT,132,132,132,WAIT,WAIT,WAIT
11,60,540.0,WAIT,187,187,WAIT,6,WAIT,6
12,60,540.0,WAIT,186,195,195,195,195,105
13,60,540.0,WAIT,186,195,195,105,195,105
14,60,540.0,WAIT,79,195,221,221,221,221
15,60,540.0,WAIT,138,93,WAIT,WAIT,WAIT,WAIT
16,60,540.0,WAIT,138,93,93,WAIT,93,9
17,60,540.0,WAIT,186,33,WAIT,WAIT,WAIT,79
18,60,540.0,WAIT,138,138,199,WAIT,199,59
19,60,540.0,WAIT,253,93,WAIT,WAIT,WAIT,WAIT
20,60,540.0,WAIT,138,138,199,31,199,31
21,60,540.0,WAIT,206,245,WAIT,WAIT,WAIT,WAIT
22,60,540.0,WAIT,251,245,WAIT,WAIT,WAIT,11
23,60,540.0,WAIT,44,1,WAIT,WAIT,WAIT,WAIT
24,60,540.0,WAIT,236,138,199,WAIT,199,151
25,60,540.0,WAIT,186,195,195,105,195,79
26,60,540.0,WAIT,79,195,195,WAIT,195,111
27,60,540.0,WAIT,WAIT,201,WAIT,WAIT,201,WAIT
28,60,540.0,WAIT,132,132,93,93,WAIT,96
29,60,540.0,WAIT,39,154,WAIT,154,WAIT,154
30,60,540.0,WAIT,132,132,WAIT,WAIT,WAIT,WAIT
31,60,540.0,WAIT,138,138,WAIT,WAIT,WAIT,WAIT
32,60,540.0,WAIT,138,138,199,WAIT,199,31
33,60,540.0,WAIT,186,195,195,105,195,79
34,60,540.0,WAIT,186,195,WAIT,WAIT,WAIT,79
35,60,540.0,WAIT,186,96,WAIT,WAIT,WAIT,WAIT
36,60,540.0,WAIT,186,207,207,WAIT,WAIT,79
37,60,540.0,WAIT,186,34,WAIT,WAIT,WAIT,79
38,60,540.0,WAIT,132,132,132,WAIT,WAIT,WAIT
39,60,540.0,WAIT,WAIT,154,WAIT,WAIT,WAIT,WAIT
40,60,540.0,WAIT,186,195,195,195,195,79
41,60,540.0,WAIT,236,93,199,WAIT,199,151
42,60,540.0,WAIT,236,138,199,199,199,151
43,60,540.0,WAIT,186,93,199,WAIT,199,239
44,60,540.0,WAIT,251,110,WAIT,WAIT,WAIT,WAIT
45,60,540.0,WAIT,186,195,195,66,195,79
46,60,540.0,WAIT,138,138,WAIT,WAIT,WAIT,WAIT
47,60,540.0,WAIT,138,138,199,59,199,59
48,60,540.0,WAIT,186,138,WAIT,WAIT,262,WAIT
49,60,540.0,WAIT,186,195,195,WAIT,195,79
50,60,540.0,WAIT,186,138,199,143,WAIT,143
51,60,540.0,WAIT,138,138,WAIT,WAIT,WAIT,184
52,60,540.0,WAIT,186,195,195,WAIT,195,79
53,60,540.0,WAIT,236,138,93,93,93,138
54,60,540.0,WAIT,186,195,195,195,WAIT,105
55,60,540.0,WAIT,206,245,WAIT,WAIT,WAIT,6
56,60,540.0,WAIT,186,93,93,93,199,57
57,60,540.0,WAIT,186,132,93,70,WAIT,WAIT
58,60,540.0,WAIT,138,93,WAIT,WAIT,WAIT,184
59,60,540.0,WAIT,138,93,199,199,199,WAIT
60,60,540.0,WAIT,138,93,199,199,199,59
61,60,540.0,WAIT,186,106,WAIT,WAIT,237,79
62,60,540.0,WAIT,186,111,WAIT,WAIT,WAIT,79
63,60,540.0,WAIT,132,132,132,WAIT,132,96
64,60,540.0,WAIT,253,93,WAIT,WAIT,WAIT,WAIT
65,60,540.0,WAIT,186,195,105,WAIT,105,79
66,60,540.0,WAIT,186,195,195,79,195,79
67,60,540.0,WAIT,231,187,245,WAIT,245,WAIT
68,60,540.0,WAIT,186,138,195,186,79,186
69,60,540.0,WAIT,138,93,199,199,199,59
70,60,540.0,WAIT,186,93,WAIT,WAIT,237,WAIT
71,60,540.0,WAIT,79,257,WAIT,WAIT,WAIT,WAIT
72,60,540.0,WAIT,79,190,WAIT,WAIT,WAIT,WAIT
73,60,540.0,WAIT,262,93,93,WAIT,93,WAIT
74,60,540.0,WAIT,236,93,199,199,199,262
75,60,540.0,WAIT,236,93,199,199,199,262
76,60,540.0,WAIT,132,132,132,WAIT,WAIT,WAIT
77,60,540.0,WAIT,132,132,132,WAIT,76,79
78,60,540.0,WAIT,138,138,199,WAIT,199,59
79,60,540.0,WAIT,186,138,WAIT,WAIT,WAIT,WAIT
80,60,540.0,WAIT,186,138,138,WAIT,138,79
81,60,540.0,WAIT,199,199,WAIT,WAIT,WAIT,184
82,60,540.0,WAIT,186,93,138,WAIT,79,262
83,60,540.0,WAIT,186,93,138,WAIT,138,262
84,60,540.0,WAIT,206,110,WAIT,204,WAIT,WAIT
85,60,540.0,WAIT,186,111,WAIT,WAIT,WAIT,79
86,60,540.0,WAIT,132,132,WAIT,WAIT,30,WAIT
87,60,540.0,WAIT,186,195,195,105,207,105
88,60,540.0,WAIT,186,195,195,195,195,33
89,60,540.0,WAIT,79,206,WAIT,WAIT,WAIT,WAIT
90,60,540.0,WAIT,186,138,WAIT,WAIT,WAIT,249
91,60,540.0,WAIT,61,154,WAIT,WAIT,WAIT,WAIT
92,60,540.0,WAIT,236,93,93,93,207,253
93,60,540.0,WAIT,132,132,WAIT,WAIT,199,138
94,60,540.0,WAIT,138,138,199,WAIT,199,59
95,60,540.0,WAIT,132,132,93,93,70,93
96,60,540.0,WAIT,186,132,WAIT,WAIT,WAIT,WAIT
97,60,540.0,WAIT,186,195,195,79,195,79
98,60,540.0,WAIT,138,93,93,93,93,WAIT
99,60,540.0,WAIT,206,110,WAIT,23,WAIT,WAIT
100,60,540.0,WAIT,186,138,199,186,164,186
101,60,540.0,WAIT,9,93,WAIT,WAIT,WAIT,WAIT
102,60,540.0,WAIT,186,132,93,96,93,96
103,60,540.0,WAIT,186,1,195,WAIT,195,WAIT
104,60,540.0,WAIT,186,1,195,WAIT,WAIT,WAIT
105,60,540.0,WAIT,186,195,195,195,195,WAIT
106,60,540.0,WAIT,186,195,195,195,195,79
107,60,540.0,WAIT,186,138,WAIT,WAIT,79,79
108,60,540.0,WAIT,206,245,WAIT,WAIT,WAIT,WAIT
109,60,540.0,WAIT,187,110,WAIT,118,WAIT,118
110,60,540.0,WAIT,187,WAIT,WAIT,176,WAIT,176
111,60,540.0,WAIT,186,195,WAIT,WAIT,WAIT,WAIT
112,60,540.0,WAIT,186,138,226,79,226,79
113,60,540.0,WAIT,186,138,WAIT,WAIT,WAIT,79
114,60,540.0,WAIT,186,138,195,79,195,79
115,60,540.0,WAIT,156,1,WAIT,WAIT,WAIT,118
116,60,540.0,WAIT,236,138,199,WAIT,199,WAIT
117,60,540.0,WAIT,2,2,WAIT,WAIT,WAIT,WAIT
118,60,540.0,WAIT,156,110,WAIT,WAIT,WAIT,WAIT
119,60,540.0,WAIT,138,138,199,WAIT,199,WAIT
120,60,540.0,WAIT,236,138,199,WAIT,199,WAIT
121,60,540.0,WAIT,132,132,93,93,93,98
122,60,540.0,WAIT,132,132,93,WAIT,WAIT,WAIT
123,60,540.0,WAIT,154,154,WAIT,WAIT,WAIT,154
124,60,540.0,WAIT,132,132,132,WAIT,180,WAIT
125,60,540.0,WAIT,186,195,195,249,WAIT,249
126,60,540.0,WAIT,138,93,199,199,199,199
127,60,540.0,WAIT,138,138,199,128,199,128
128,60,540.0,WAIT,138,138,WAIT,WAIT,WAIT,WAIT
129,60,540.0,WAIT,186,93,138,138,70,138
130,60,540.0,WAIT,132,132,132,134,132,WAIT
131,60,540.0,WAIT,132,132,93,98,WAIT,98
132,60,540.0,WAIT,WAIT,WAIT,WAIT,WAIT,WAIT,WAIT
133,60,540.0,WAIT,79,195,WAIT,WAIT,WAIT,111
134,60,540.0,WAIT,132,132,93,WAIT,197,96
135,60,540.0,WAIT,132,132,93,93,93,253
136,60,540.0,WAIT,138,138,199,WAIT,199,153
137,60,540.0,WAIT,186,93,93,107,WAIT,107
138,60,540.0,WAIT,186,93,WAIT,WAIT,WAIT,WAIT
139,60,540.0,WAIT,132,132,132,WAIT,219,WAIT
140,60,540.0,WAIT,186,93,199,262,WAIT,262
141,60,540.0,WAIT,186,93,199,WAIT,79,WAIT
142,60,540.0,WAIT,186,138,WAIT,WAIT,186,WAIT
143,60,540.0,WAIT,186,138,WAIT,WAIT,WAIT,WAIT
144,60,540.0,WAIT,186,138,195,79,195,79
145,60,540.0,WAIT,186,138,WAIT,WAIT,WAIT,262
146,60,540.0,WAIT,186,93,138,WAIT,138,262
147,60,540.0,WAIT,138,93,199,199,199,59
148,60,540.0,WAIT,186,138,WAIT,WAIT,WAIT,79
149,60,540.0,WAIT,154,154,154,154,154,154
150,60,540.0,WAIT,154,154,154,154,154,154
151,60,540.0,WAIT,186,138,WAIT,WAIT,236,WAIT
152,60,540.0,WAIT,236,138,199,166,199,151
153,60,540.0,WAIT,138,138,WAIT,WAIT,WAIT,WAIT
154,60,540.0,WAIT,WAIT,WAIT,WAIT,WAIT,WAIT,WAIT
155,60,540.0,WAIT,39,154,154,154,WAIT,154
156,60,540.0,WAIT,44,110,WAIT,WAIT,WAIT,WAIT
157,60,540.0,WAIT,186,93,WAIT,WAIT,WAIT,262
158,60,540.0,WAIT,186,195,195,WAIT,186,249
159,60,540.0,WAIT,138,93,199,199,199,59
160,60,540.0,WAIT,186,93,93,WAIT,93,262
161,60,540.0,WAIT,186,93,199,202,237,202
162,60,540.0,WAIT,186,93,199,WAIT,79,262
163,60,540.0,WAIT,186,93,199,WAIT,236,WAIT
164,60,540.0,WAIT,186,138,199,186,79,186
165,60,540.0,WAIT,111,111,WAIT,WAIT,WAIT,178
166,60,540.0,WAIT,236,138,199,24,199,151
167,60,540.0,WAIT,138,93,199,199,199,59
168,60,540.0,WAIT,236,93,199,199,199,8
169,60,540.0,WAIT,138,138,199,WAIT,199,59
170,60,540.0,WAIT,186,93,199,WAIT,WAIT,79
171,60,540.0,WAIT,262,93,93,WAIT,93,WAIT
172,60,540.0,WAIT,187,110,WAIT,WAIT,WAIT,WAIT
173,60,540.0,WAIT,186,93,70,70,70,57
174,60,540.0,WAIT,138,138,199,240,199,240
175,60,540.0,WAIT,138,93,WAIT,WAIT,93,WAIT
176,60,540.0,WAIT,187,110,WAIT,118,WAIT,WAIT
177,60,540.0,WAIT,186,132,132,WAIT,96,79
178,60,540.0,WAIT,206,245,WAIT,WAIT,WAIT,WAIT
179,60,540.0,WAIT,186,93,138,WAIT,138,262
180,60,540.0,WAIT,132,132,132,WAIT,WAIT,96
181,60,540.0,WAIT,186,195,195,79,195,79
182,60,540.0,WAIT,138,93,199,WAIT,199,WAIT
183,60,540.0,WAIT,138,138,199,WAIT,199,184
184,60,540.0,WAIT,138,138,WAIT,WAIT,WAIT,WAIT
185,60,540.0,WAIT,138,138,199,WAIT,199,184
186,60,540.0,WAIT,WAIT,138,WAIT,WAIT,WAIT,WAIT
187,60,540.0,WAIT,44,110,WAIT,WAIT,WAIT,WAIT
188,60,540.0,WAIT,186,111,WAIT,WAIT,186,79
189,60,540.0,WAIT,186,195,195,WAIT,195,79
190,60,540.0,WAIT,186,195,WAIT,WAIT,WAIT,79
191,60,540.0,WAIT,138,93,93,WAIT,WAIT,122
192,60,540.0,WAIT,262,138,93,93,93,253
193,60,540.0,WAIT,186,93,138,262,138,262
194,60,540.0,WAIT,236,93,199,199,199,138
195,60,540.0,WAIT,186,245,WAIT,WAIT,WAIT,105
196,60,540.0,WAIT,186,93,93,56,138,262
197,60,540.0,WAIT,132,132,132,WAIT,WAIT,96
198,60,540.0,WAIT,186,132,93,WAIT,WAIT,79
199,60,540.0,WAIT,186,93,WAIT,WAIT,262,WAIT
200,60,540.0,WAIT,31,128,WAIT,WAIT,WAIT,240
201,60,540.0,WAIT,27,86,WAIT,WAIT,WAIT,27
202,60,540.0,WAIT,186,93,199,262,79,262
203,60,540.0,WAIT,132,132,132,WAIT,WAIT,WAIT
204,60,540.0,WAIT,206,110,WAIT,WAIT,WAIT,WAIT
205,60,540.0,WAIT,132,132,132,WAIT,219,122
206,60,540.0,WAIT,231,110,WAIT,WAIT,WAIT,WAIT
207,60,540.0,WAIT,186,93,WAIT,WAIT,199,262
208,60,540.0,WAIT,138,93,199,WAIT,199,184
209,60,540.0,WAIT,186,195,195,105,195,105
210,60,540.0,WAIT,39,154,154,154,154,154
211,60,540.0,WAIT,186,195,195,249,195,249
212,60,540.0,WAIT,138,93,199,199,199,59
213,60,540.0,WAIT,138,93,199,199,199,199
214,60,540.0,WAIT,187,110,WAIT,WAIT,WAIT,WAIT
215,60,540.0,WAIT,132,132,132,216,130,WAIT
216,60,540.0,WAIT,132,132,132,WAIT,WAIT,96
217,60,540.0,WAIT,186,33,WAIT,WAIT,WAIT,79
218,60,540.0,WAIT,132,132,132,219,WAIT,WAIT
219,60,540.0,WAIT,132,132,132,WAIT,132,WAIT
220,60,540.0,WAIT,199,199,199,WAIT,199,240
221,60,540.0,WAIT,44,1,WAIT,WAIT,WAIT,WAIT
222,60,540.0,WAIT,132,132,132,WAIT,76,WAIT
223,60,540.0,WAIT,186,93,138,138,138,138
224,60,540.0,WAIT,186,93,93,WAIT,93,79
225,60,540.0,WAIT,186,34,WAIT,WAIT,237,79
226,60,540.0,WAIT,186,93,WAIT,WAIT,WAIT,262
227,60,540.0,WAIT,186,195,195,111,195,111
228,60,540.0,WAIT,186,187,195,111,195,111
229,60,540.0,WAIT,186,93,199,WAIT,195,WAIT
230,60,540.0,WAIT,186,138,WAIT,WAIT,262,WAIT
231,60,540.0,WAIT,186,195,195,WAIT,195,249
232,60,540.0,WAIT,186,138,195,79,195,79
233,60,540.0,WAIT,186,93,199,WAIT,WAIT,229
234,60,540.0,WAIT,186,138,195,79,79,79
235,60,540.0,WAIT,138,138,199,WAIT,199,WAIT
236,60,540.0,WAIT,WAIT,93,199,WAIT,70,263
237,60,540.0,WAIT,186,93,199,WAIT,WAIT,202
238,60,540.0,WAIT,186,138,WAIT,WAIT,WAIT,WAIT
239,60,540.0,WAIT,186,138,WAIT,WAIT,262,WAIT
240,60,540.0,WAIT,199,199,WAIT,WAIT,WAIT,WAIT
241,60,540.0,WAIT,138,138,199,240,199,240
242,60,540.0,WAIT,138,93,199,184,199,184
243,60,540.0,WAIT,138,138,199,WAIT,199,120
244,60,540.0,WAIT,236,138,199,120,199,120
245,60,540.0,WAIT,44,1,WAIT,WAIT,WAIT,WAIT
246,60,540.0,WAIT,186,138,195,50,236,186
247,60,540.0,WAIT,138,138,199,199,199,59
248,60,540.0,WAIT,138,93,199,199,199,59
249,60,540.0,WAIT,186,138,WAIT,WAIT,WAIT,WAIT
250,60,540.0,WAIT,138,93,199,199,199,WAIT
251,60,540.0,WAIT,44,1,WAIT,WAIT,WAIT,WAIT
252,60,540.0,WAIT,236,93,93,WAIT,93,253
253,60,540.0,WAIT,132,132,WAIT,93,WAIT,WAIT
254,60,540.0,WAIT,199,199,WAIT,WAIT,WAIT,184
255,60,540.0,WAIT,186,207,79,79,79,79
256,60,540.0,WAIT,186,207,WAIT,79,WAIT,79
257,60,540.0,WAIT,186,195,195,WAIT,195,111
258,60,540.0,WAIT,132,132,132,96,197,96
259,60,540.0,WAIT,184,128,WAIT,WAIT,WAIT,240
260,60,540.0,WAIT,186,93,207,207,207,262
261,60,540.0,WAIT,186,195,195,105,195,105
262,60,540.0,WAIT,236,93,WAIT,WAIT,199,WAIT
263,60,540.0,WAIT,236,93,199,WAIT,WAIT,WAIT
1,75,555.0,WAIT,187,WAIT,WAIT,WAIT,WAIT,WAIT
2,75,555.0,WAIT,132,132,WAIT,30,WAIT,30
3,75,555.0,WAIT,138,138,199,184,199,184
4,75,555.0,WAIT,186,93,WAIT,WAIT,WAIT,79
5,75,555.0,WAIT,251,110,WAIT,WAIT,WAIT,WAIT
6,75,555.0,WAIT,110,110,WAIT,WAIT,WAIT,WAIT
7,75,555.0,WAIT,186,93,138,WAIT,262,262
8,75,555.0,WAIT,186,93,WAIT,WAIT,WAIT,262
9,75,555.0,WAIT,138,93,93,WAIT,WAIT,WAIT
10,75,555.0,WAIT,132,132,132,216,WAIT,WAIT
11,75,555.0,WAIT,251,251,WAIT,WAIT,WAIT,WAIT
12,75,555.0,WAIT,186,195,195,54,195,WAIT
13,75,555.0,WAIT,186,195,195,WAIT,195,12
14,75,555.0,WAIT,251,195,245,221,245,6
15,75,555.0,WAIT,138,93,93,WAIT,WAIT,WAIT
16,75,555.0,WAIT,138,93,93,WAIT,WAIT,WAIT
17,75,555.0,WAIT,186,33,WAIT,WAIT,WAIT,79
18,75,555.0,WAIT,138,138,199,WAIT,199,WAIT
19,75,555.0,WAIT,253,93,WAIT,175,WAIT,WAIT
20,75,555.0,WAIT,138,138,199,WAIT,199,31
21,75,555.0,WAIT,172,206,WAIT,WAIT,WAIT,WAIT
22,75,555.0,WAIT,251,251,WAIT,WAIT,WAIT,WAIT
23,75,555.0,WAIT,44,1,WAIT,WAIT,WAIT,WAIT
24,75,555.0,WAIT,138,138,199,WAIT,WAIT,151
25,75,555.0,WAIT,186,195,195,79,195,79
26,75,555.0,WAIT,79,195,111,WAIT,WAIT,111
27,75,555.0,WAIT,WAIT,117,WAIT,WAIT,WAIT,WAIT
28,75,555.0,WAIT,132,132,93,134,216,WAIT
29,75,555.0,WAIT,154,154,WAIT,WAIT,WAIT,WAIT
30,75,555.0,WAIT,132,132,WAIT,WAIT,WAIT,WAIT
31,75,555.0,WAIT,138,138,WAIT,WAIT,WAIT,WAIT
32,75,555.0,WAIT,138,138,199,WAIT,199,31
33,75,555.0,WAIT,186,195,195,WAIT,195,79
34,75,555.0,WAIT,186,195,WAIT,WAIT,WAIT,79
35,75,555.0,WAIT,186,96,WAIT,WAIT,WAIT,WAIT
36,75,555.0,WAIT,186,207,207,WAIT,WAIT,79
37,75,555.0,WAIT,186,34,WAIT,WAIT,79,79
38,75,555.0,WAIT,132,132,132,WAIT,WAIT,WAIT
39,75,555.0,WAIT,WAIT,154,WAIT,WAIT,WAIT,WAIT
40,75,555.0,WAIT,186,195,195,WAIT,195,79
41,75,555.0,WAIT,236,93,199,24,199,151
42,75,555.0,WAIT,236,138,199,WAIT,199,WAIT
43,75,555.0,WAIT,186,93,199,WAIT,199,239
44,75,555.0,WAIT,176,110,WAIT,204,WAIT,WAIT
45,75,555.0,WAIT,186,195,195,66,195,79
46,75,555.0,WAIT,138,138,WAIT,WAIT,WAIT,WAIT
47,75,555.0,WAIT,138,138,199,WAIT,199,59
48,75,555.0,WAIT,138,138,WAIT,WAIT,236,WAIT
49,75,555.0,WAIT,186,195,195,WAIT,195,79
50,75,555.0,WAIT,186,138,199,143,237,142
51,75,555.0,WAIT,138,138,WAIT,184,WAIT,184
52,75,555.0,WAIT,186,195,195,WAIT,195,79
53,75,555.0,WAIT,236,93,93,93,93,93
54,75,555.0,WAIT,186,195,195,WAIT,195,79
55,75,555.0,WAIT,172,206,WAIT,WAIT,WAIT,WAIT
56,75,555.0,WAIT,186,93,93,57,93,57
57,75,555.0,WAIT,132,132,93,WAIT,138,WAIT
58,75,555.0,WAIT,138,93,WAIT,WAIT,WAIT,184
59,75,555.0,WAIT,138,93,199,WAIT,199,WAIT
60,75,555.0,WAIT,138,93,199,WAIT,199,59
61,75,555.0,WAIT,186,106,WAIT,WAIT,79,79
62,75,555.0,WAIT,186,111,WAIT,WAIT,WAIT,WAIT
63,75,555.0,WAIT,132,132,132,WAIT,WAIT,96
64,75,555.0,WAIT,46,93,WAIT,WAIT,15,WAIT
65,75,555.0,WAIT,186,195,195,WAIT,WAIT,79
66,75,555.0,WAIT,186,195,195,79,195,79
67,75,555.0,WAIT,206,251,206,WAIT,206,WAIT
68,75,555.0,WAIT,138,138,195,186,186,186
69,75,555.0,WAIT,138,93,199,WAIT,199,WAIT
70,75,555.0,WAIT,186,93,WAIT,WAIT,WAIT,262
71,75,555.0,WAIT,79,189,WAIT,WAIT,WAIT,WAIT
72,75,555.0,WAIT,79,189,WAIT,WAIT,WAIT,WAIT
73,75,555.0,WAIT,138,93,93,WAIT,WAIT,WAIT
74,75,555.0,WAIT,236,93,199,194,199,262
75,75,555.0,WAIT,236,93,199,8,262,262
76,75,555.0,WAIT,132,132,132,WAIT,WAIT,WAIT
77,75,555.0,WAIT,132,132,132,WAIT,WAIT,WAIT
78,75,555.0,WAIT,138,138,199,WAIT,199,59
79,75,555.0,WAIT,138,138,WAIT,WAIT,WAIT,WAIT
80,75,555.0,WAIT,138,138,138,WAIT,138,79
81,75,555.0,WAIT,199,199,WAIT,WAIT,WAIT,184
82,75,555.0,WAIT,186,93,93,83,262,262
83,75,555.0,WAIT,186,93,138,WAIT,138,262
84,75,555.0,WAIT,251,110,WAIT,204,WAIT,WAIT
85,75,555.0,WAIT,186,111,WAIT,WAIT,WAIT,WAIT
86,75,555.0,WAIT,132,132,WAIT,WAIT,117,WAIT
87,75,555.0,WAIT,186,195,195,WAIT,195,88
88,75,555.0,WAIT,186,195,195,54,195,WAIT
89,75,555.0,WAIT,79,111,WAIT,WAIT,WAIT,WAIT
90,75,555.0,WAIT,138,138,195,WAIT,WAIT,186
91,75,555.0,WAIT,154,154,WAIT,WAIT,WAIT,WAIT
92,75,555.0,WAIT,138,93,93,253,WAIT,253
93,75,555.0,WAIT,132,132,WAIT,WAIT,WAIT,253
94,75,555.0,WAIT,138,138,199,WAIT,199,WAIT
95,75,555.0,WAIT,132,132,93,134,134,WAIT
96,75,555.0,WAIT,138,132,WAIT,WAIT,WAIT,WAIT
97,75,555.0,WAIT,186,195,195,79,WAIT,79
98,75,555.0,WAIT,138,93,93,WAIT,WAIT,WAIT
99,75,555.0,WAIT,115,110,WAIT,WAIT,WAIT,WAIT
100,75,555.0,WAIT,138,138,207,186,207,186
101,75,555.0,WAIT,WAIT,93,WAIT,WAIT,WAIT,WAIT
102,75,555.0,WAIT,138,132,93,96,WAIT,96
103,75,555.0,WAIT,186,1,195,WAIT,195,104
104,75,555.0,WAIT,186,1,195,WAIT,195,WAIT
105,75,555.0,WAIT,186,195,195,54,195,79
106,75,555.0,WAIT,186,195,195,WAIT,195,79
107,75,555.0,WAIT,138,138,WAIT,WAIT,79,WAIT
108,75,555.0,WAIT,172,206,WAIT,WAIT,WAIT,WAIT
109,75,555.0,WAIT,245,110,WAIT,176,WAIT,WAIT
110,75,555.0,WAIT,115,WAIT,WAIT,176,WAIT,176
111,75,555.0,WAIT,186,195,WAIT,WAIT,WAIT,WAIT
112,75,555.0,WAIT,138,138,138,79,138,79
113,75,555.0,WAIT,138,138,195,WAIT,186,79
114,75,555.0,WAIT,138,138,195,79,195,79
115,75,555.0,WAIT,187,1,WAIT,WAIT,WAIT,WAIT
116,75,555.0,WAIT,138,138,199,WAIT,199,WAIT
117,75,555.0,WAIT,2,2,WAIT,WAIT,201,WAIT
118,75,555.0,WAIT,187,110,WAIT,WAIT,WAIT,WAIT
119,75,555.0,WAIT,138,138,199,WAIT,199,WAIT
120,75,555.0,WAIT,138,138,199,WAIT,199,WAIT
121,75,555.0,WAIT,132,132,93,98,WAIT,WAIT
122,75,555.0,WAIT,132,132,132,WAIT,WAIT,WAIT
123,75,555.0,WAIT,154,154,WAIT,WAIT,WAIT,WAIT
124,75,555.0,WAIT,132,132,132,WAIT,197,WAIT
125,75,555.0,WAIT,186,195,195,249,195,249
126,75,555.0,WAIT,138,93,199,199,WAIT,WAIT
127,75,555.0,WAIT,138,138,199,128,199,128
128,75,555.0,WAIT,138,138,WAIT,WAIT,WAIT,WAIT
129,75,555.0,WAIT,186,93,138,207,138,262
130,75,555.0,WAIT,138,132,132,216,134,WAIT
131,75,555.0,WAIT,132,132,93,WAIT,WAIT,WAIT
132,75,555.0,WAIT,WAIT,WAIT,WAIT,216,WAIT,WAIT
133,75,555.0,WAIT,79,195,WAIT,WAIT,WAIT,111
134,75,555.0,WAIT,132,132,93,WAIT,WAIT,96
135,75,555.0,WAIT,132,132,93,93,WAIT,WAIT
136,75,555.0,WAIT,138,138,199,WAIT,199,153
137,75,555.0,WAIT,186,93,207,107,79,107
138,75,555.0,WAIT,186,93,WAIT,199,WAIT,WAIT
139,75,555.0,WAIT,132,132,132,WAIT,WAIT,WAIT
140,75,555.0,WAIT,186,93,199,262,237,262
141,75,555.0,WAIT,186,93,199,WAIT,236,WAIT
142,75,555.0,WAIT,186,138,199,WAIT,WAIT,WAIT
143,75,555.0,WAIT,186,138,WAIT,WAIT,WAIT,WAIT
144,75,555.0,WAIT,186,70,195,79,195,79
145,75,555.0,WAIT,138,138,WAIT,WAIT,WAIT,262
146,75,555.0,WAIT,186,93,WAIT,WAIT,WAIT,262
147,75,555.0,WAIT,138,93,199,WAIT,199,59
148,75,555.0,WAIT,186,138,195,WAIT,195,79
149,75,555.0,WAIT,154,154,154,154,154,154
150,75,555.0,WAIT,154,154,WAIT,WAIT,WAIT,154
151,75,555.0,WAIT,186,138,WAIT,WAIT,237,WAIT
152,75,555.0,WAIT,138,138,199,166,199,WAIT
153,75,555.0,WAIT,138,138,WAIT,WAIT,WAIT,WAIT
154,75,555.0,WAIT,39,WAIT,WAIT,WAIT,WAIT,WAIT
155,75,555.0,WAIT,154,154,154,154,WAIT,154
156,75,555.0,WAIT,84,1,WAIT,WAIT,WAIT,WAIT
157,75,555.0,WAIT,186,93,138,WAIT,138,262
158,75,555.0,WAIT,186,195,195,249,195,249
159,75,555.0,WAIT,138,93,199,207,199,WAIT
160,75,555.0,WAIT,186,93,93,WAIT,93,WAIT
161,75,555.0,WAIT,186,93,199,202,162,202
162,75,555.0,WAIT,186,93,199,202,207,202
163,75,555.0,WAIT,186,93,199,142,236,142
164,75,555.0,WAIT,138,138,195,186,170,186
165,75,555.0,WAIT,111,111,WAIT,WAIT,WAIT,WAIT
166,75,555.0,WAIT,138,138,199,24,WAIT,151
167,75,555.0,WAIT,138,93,199,WAIT,199,59
168,75,555.0,WAIT,236,93,199,8,199,8
169,75,555.0,WAIT,138,138,199,WAIT,199,WAIT
170,75,555.0,WAIT,186,93,207,WAIT,WAIT,WAIT
171,75,555.0,WAIT,138,93,93,WAIT,93,WAIT
172,75,555.0,WAIT,44,110,WAIT,WAIT,WAIT,WAIT
173,75,555.0,WAIT,186,93,70,WAIT,WAIT,57
174,75,555.0,WAIT,138,138,199,240,199,31
175,75,555.0,WAIT,138,93,WAIT,WAIT,WAIT,WAIT
176,75,555.0,WAIT,44,110,WAIT,WAIT,WAIT,WAIT
177,75,555.0,WAIT,132,132,132,WAIT,WAIT,WAIT
178,75,555.0,WAIT,206,206,WAIT,WAIT,WAIT,WAIT
179,75,555.0,WAIT,186,93,138,WAIT,WAIT,262
180,75,555.0,WAIT,132,132,132,WAIT,WAIT,WAIT
181,75,555.0,WAIT,186,195,195,79,195,79
182,75,555.0,WAIT,138,93,199,WAIT,199,184
183,75,555.0,WAIT,138,138,199,WAIT,199,184
184,75,555.0,WAIT,138,138,WAIT,WAIT,WAIT,WAIT
185,75,555.0,WAIT,138,138,199,WAIT,199,31
186,75,555.0,WAIT,138,138,WAIT,WAIT,79,WAIT
187,75,555.0,WAIT,5,1,WAIT,251,WAIT,WAIT
188,75,555.0,WAIT,186,111,WAIT,WAIT,WAIT,WAIT
189,75,555.0,WAIT,186,195,195,WAIT,195,79
190,75,555.0,WAIT,186,195,WAIT,WAIT,WAIT,WAIT
191,75,555.0,WAIT,138,93,93,WAIT,WAIT,WAIT
192,75,555.0,WAIT,138,93,93,93,253,57
193,75,555.0,WAIT,186,93,138,262,WAIT,262
194,75,555.0,WAIT,236,93,199,8,WAIT,8
195,75,555.0,WAIT,186,WAIT,WAIT,WAIT,WAIT,79
196,75,555.0,WAIT,186,93,93,WAIT,WAIT,WAIT
197,75,555.0,WAIT,138,132,132,WAIT,WAIT,96
198,75,555.0,WAIT,186,132,132,96,WAIT,96
199,75,555.0,WAIT,186,93,WAIT,WAIT,WAIT,262
200,75,555.0,WAIT,184,46,WAIT,WAIT,WAIT,240
201,75,555.0,WAIT,27,WAIT,WAIT,WAIT,WAIT,WAIT
202,75,555.0,WAIT,186,93,199,262,186,262
203,75,555.0,WAIT,132,132,132,WAIT,WAIT,WAIT
204,75,555.0,WAIT,251,110,WAIT,WAIT,WAIT,WAIT
205,75,555.0,WAIT,132,132,132,WAIT,122,WAIT
206,75,555.0,WAIT,231,1,WAIT,WAIT,WAIT,WAIT
207,75,555.0,WAIT,186,93,WAIT,WAIT,138,262
208,75,555.0,WAIT,138,93,199,WAIT,199,58
209,75,555.0,WAIT,186,195,195,66,195,66
210,75,555.0,WAIT,154,154,154,154,154,154
211,75,555.0,WAIT,186,195,195,249,195,249
212,75,555.0,WAIT,138,93,199,WAIT,199,WAIT
213,75,555.0,WAIT,138,93,199,WAIT,199,WAIT
214,75,555.0,WAIT,5,110,WAIT,WAIT,WAIT,WAIT
215,75,555.0,WAIT,132,132,132,WAIT,197,WAIT
216,75,555.0,WAIT,132,132,132,WAIT,197,WAIT
217,75,555.0,WAIT,186,33,WAIT,WAIT,WAIT,79
218,75,555.0,WAIT,132,132,132,WAIT,WAIT,WAIT
219,75,555.0,WAIT,132,132,132,WAIT,WAIT,WAIT
220,75,555.0,WAIT,199,199,199,WAIT,199,153
221,75,555.0,WAIT,187,1,WAIT,WAIT,WAIT,WAIT
222,75,555.0,WAIT,132,132,132,WAIT,WAIT,WAIT
223,75,555.0,WAIT,186,93,138,8,138,262
224,75,555.0,WAIT,186,93,207,WAIT,WAIT,79
225,75,555.0,WAIT,186,34,WAIT,WAIT,WAIT,79
226,75,555.0,WAIT,186,93,WAIT,WAIT,WAIT,262
227,75,555.0,WAIT,186,195,195,WAIT,195,111
228,75,555.0,WAIT,186,195,195,111,195,111
229,75,555.0,WAIT,186,93,199,WAIT,262,WAIT
230,75,555.0,WAIT,186,138,WAIT,WAIT,207,48
231,75,555.0,WAIT,186,195,195,WAIT,195,WAIT
232,75,555.0,WAIT,186,138,195,79,195,79
233,75,555.0,WAIT,186,93,199,229,186,229
234,75,555.0,WAIT,138,138,195,186,WAIT,186
235,75,555.0,WAIT,138,138,199,WAIT,199,WAIT
236,75,555.0,WAIT,WAIT,93,199,WAIT,WAIT,263
237,75,555.0,WAIT,186,93,199,WAIT,WAIT,141
238,75,555.0,WAIT,186,138,WAIT,WAIT,WAIT,WAIT
239,75,555.0,WAIT,186,138,WAIT,WAIT,WAIT,WAIT
240,75,555.0,WAIT,199,199,WAIT,WAIT,WAIT,WAIT
241,75,555.0,WAIT,138,138,199,WAIT,199,WAIT
242,75,555.0,WAIT,138,93,199,184,199,184
243,75,555.0,WAIT,138,138,199,WAIT,199,120
244,75,555.0,WAIT,138,138,199,116,199,120
245,75,555.0,WAIT,44,1,WAIT,206,WAIT,206
246,75,555.0,WAIT,138,138,195,48,WAIT,48
247,75,555.0,WAIT,138,138,199,WAIT,199,WAIT
248,75,555.0,WAIT,138,93,199,WAIT,199,WAIT
249,75,555.0,WAIT,138,138,WAIT,WAIT,WAIT,WAIT
250,75,555.0,WAIT,138,93,199,WAIT,199,184
251,75,555.0,WAIT,44,1,WAIT,WAIT,WAIT,WAIT
252,75,555.0,WAIT,138,93,93,WAIT,WAIT,WAIT
253,75,555.0,WAIT,132,132,93,WAIT,WAIT,WAIT
254,75,555.0,WAIT,199,199,WAIT,WAIT,WAIT,WAIT
255,75,555.0,WAIT,186,207,79,79,79,79
256,75,555.0,WAIT,186,207,WAIT,79,WAIT,79
257,75,555.0,WAIT,186,195,195,WAIT,195,111
258,75,555.0,WAIT,132,132,132,96,WAIT,96
259,75,555.0,WAIT,46,46,WAIT,WAIT,WAIT,WAIT
260,75,555.0,WAIT,186,93,207,207,207,262
261,75,555.0,WAIT,186,195,195,WAIT,195,WAIT
262,75,555.0,WAIT,236,93,WAIT,WAIT,WAIT,WAIT
263,75,555.0,WAIT,236,93,199,WAIT,237,WAIT
1,90,570.0,WAIT,187,WAIT,WAIT,WAIT,WAIT,WAIT
2,90,570.0,WAIT,132,132,WAIT,30,WAIT,WAIT
3,90,570.0,WAIT,184,46,184,184,184,184
4,90,570.0,WAIT,186,255,WAIT,WAIT,79,79
5,90,570.0,WAIT,44,110,WAIT,WAIT,WAIT,WAIT
6,90,570.0,WAIT,245,110,WAIT,WAIT,WAIT,WAIT
7,90,570.0,WAIT,186,138,207,WAIT,207,262
8,90,570.0,WAIT,186,93,WAIT,WAIT,WAIT,262
9,90,570.0,WAIT,138,93,93,WAIT,WAIT,WAIT
10,90,570.0,WAIT,132,132,132,WAIT,216,WAIT
11,90,570.0,WAIT,115,115,WAIT,WAIT,WAIT,WAIT
12,90,570.0,WAIT,195,195,195,54,WAIT,WAIT
13,90,570.0,WAIT,79,195,195,WAIT,195,12
14,90,570.0,WAIT,115,245,221,WAIT,221,WAIT
15,90,570.0,WAIT,46,93,WAIT,WAIT,WAIT,WAIT
16,90,570.0,WAIT,64,93,93,WAIT,WAIT,WAIT
17,90,570.0,WAIT,186,34,WAIT,WAIT,WAIT,WAIT
18,90,570.0,WAIT,94,241,WAIT,WAIT,WAIT,WAIT
19,90,570.0,WAIT,64,WAIT,WAIT,WAIT,WAIT,WAIT
20,90,570.0,WAIT,199,199,199,WAIT,199,WAIT
21,90,570.0,WAIT,89,108,WAIT,WAIT,WAIT,WAIT
22,90,570.0,WAIT,115,115,WAIT,WAIT,WAIT,WAIT
23,90,570.0,WAIT,251,110,WAIT,WAIT,WAIT,WAIT
24,90,570.0,WAIT,236,199,199,151,199,238
25,90,570.0,WAIT,186,195,195,WAIT,195,WAIT
26,90,570.0,WAIT,111,111,111,WAIT,WAIT,WAIT
27,90,570.0,WAIT,WAIT,117,WAIT,WAIT,WAIT,WAIT
28,90,570.0,WAIT,138,93,93,WAIT,WAIT,WAIT
29,90,570.0,WAIT,154,154,WAIT,WAIT,WAIT,WAIT
30,90,570.0,WAIT,132,132,2,WAIT,WAIT,WAIT
31,90,570.0,WAIT,199,199,WAIT,WAIT,WAIT,WAIT
32,90,570.0,WAIT,184,46,31,WAIT,31,WAIT
33,90,570.0,WAIT,186,195,195,79,195,79
34,90,570.0,WAIT,186,33,WAIT,WAIT,WAIT,79
35,90,570.0,WAIT,39,39,WAIT,WAIT,WAIT,WAIT
36,90,570.0,WAIT,79,157,WAIT,WAIT,WAIT,WAIT
37,90,570.0,WAIT,79,157,WAIT,WAIT,WAIT,WAIT
38,90,570.0,WAIT,175,218,WAIT,WAIT,WAIT,WAIT
39,90,570.0,WAIT,WAIT,154,WAIT,WAIT,WAIT,WAIT
40,90,570.0,WAIT,186,195,195,WAIT,195,WAIT
41,90,570.0,WAIT,138,138,199,WAIT,WAIT,WAIT
42,90,570.0,WAIT,138,138,199,WAIT,199,WAIT
43,90,570.0,WAIT,138,138,199,WAIT,WAIT,239
44,90,570.0,WAIT,5,110,WAIT,204,WAIT,WAIT
45,90,570.0,WAIT,79,195,195,66,195,WAIT
46,90,570.0,WAIT,WAIT,183,WAIT,WAIT,WAIT,WAIT
47,90,570.0,WAIT,199,199,199,WAIT,199,WAIT
48,90,570.0,WAIT,186,161,WAIT,WAIT,186,WAIT
49,90,570.0,WAIT,186,33,34,WAIT,WAIT,WAIT
50,90,570.0,WAIT,186,186,143,143,142,142
51,90,570.0,WAIT,46,46,WAIT,WAIT,WAIT,WAIT
52,90,570.0,WAIT,186,195,195,WAIT,195,WAIT
53,90,570.0,WAIT,138,93,93,WAIT,WAIT,253
54,90,570.0,WAIT,186,195,195,WAIT,195,WAIT
55,90,570.0,WAIT,6,6,WAIT,WAIT,WAIT,WAIT
56,90,570.0,WAIT,138,93,93,WAIT,WAIT,WAIT
57,90,570.0,WAIT,138,93,93,WAIT,173,WAIT
58,90,570.0,WAIT,199,199,WAIT,WAIT,WAIT,184
59,90,570.0,WAIT,138,138,199,WAIT,199,WAIT
60,90,570.0,WAIT,138,138,199,WAIT,199,WAIT
61,90,570.0,WAIT,79,34,WAIT,WAIT,WAIT,WAIT
62,90,570.0,WAIT,79,189,WAIT,WAIT,WAIT,WAIT
63,90,570.0,WAIT,132,132,132,WAIT,96,WAIT
64,90,570.0,WAIT,WAIT,19,WAIT,WAIT,WAIT,WAIT
65,90,570.0,WAIT,186,195,105,79,105,79
66,90,570.0,WAIT,186,195,195,79,195,79
67,90,570.0,WAIT,115,245,245,WAIT,245,WAIT
68,90,570.0,WAIT,186,161,186,186,WAIT,186
69,90,570.0,WAIT,138,138,199,WAIT,199,WAIT
70,90,570.0,WAIT,138,93,WAIT,173,WAIT,WAIT
71,90,570.0,WAIT,39,39,WAIT,WAIT,WAIT,WAIT
72,90,570.0,WAIT,39,222,WAIT,WAIT,WAIT,WAIT
73,90,570.0,WAIT,138,93,93,WAIT,WAIT,WAIT
74,90,570.0,WAIT,138,138,199,WAIT,75,WAIT
75,90,570.0,WAIT,138,138,199,236,WAIT,263
76,90,570.0,WAIT,132,132,132,WAIT,WAIT,WAIT
77,90,570.0,WAIT,96,96,WAIT,WAIT,WAIT,WAIT
78,90,570.0,WAIT,138,138,199,WAIT,199,WAIT
79,90,570.0,WAIT,186,195,WAIT,WAIT,WAIT,WAIT
80,90,570.0,WAIT,186,145,WAIT,WAIT,WAIT,WAIT
81,90,570.0,WAIT,184,46,WAIT,WAIT,WAIT,WAIT
82,90,570.0,WAIT,138,93,138,83,WAIT,WAIT
83,90,570.0,WAIT,138,138,138,WAIT,138,WAIT
84,90,570.0,WAIT,99,110,WAIT,204,WAIT,WAIT
85,90,570.0,WAIT,89,257,WAIT,WAIT,WAIT,WAIT
86,90,570.0,WAIT,2,2,WAIT,WAIT,WAIT,WAIT
87,90,570.0,WAIT,WAIT,195,195,WAIT,195,WAIT
88,90,570.0,WAIT,87,195,195,87,195,WAIT
89,90,570.0,WAIT,111,111,WAIT,WAIT,WAIT,WAIT
90,90,570.0,WAIT,186,195,195,WAIT,186,186
91,90,570.0,WAIT,39,154,WAIT,WAIT,WAIT,WAIT
92,90,570.0,WAIT,138,93,93,WAIT,WAIT,WAIT
93,90,570.0,WAIT,138,WAIT,WAIT,WAIT,WAIT,57
94,90,570.0,WAIT,199,199,199,WAIT,199,WAIT
95,90,570.0,WAIT,138,93,93,WAIT,93,WAIT
96,90,570.0,WAIT,132,132,WAIT,WAIT,WAIT,WAIT
97,90,570.0,WAIT,186,33,WAIT,WAIT,WAIT,WAIT
98,90,570.0,WAIT,138,93,93,WAIT,WAIT,WAIT
99,90,570.0,WAIT,84,110,WAIT,WAIT,WAIT,WAIT
100,90,570.0,WAIT,186,230,186,186,68,186
101,90,570.0,WAIT,64,19,WAIT,WAIT,WAIT,WAIT
102,90,570.0,WAIT,96,96,96,WAIT,96,WAIT
103,90,570.0,WAIT,186,195,195,WAIT,195,WAIT
104,90,570.0,WAIT,186,195,195,WAIT,195,WAIT
105,90,570.0,WAIT,186,195,195,54,195,WAIT
106,90,570.0,WAIT,195,195,195,40,195,WAIT
107,90,570.0,WAIT,186,195,WAIT,WAIT,234,WAIT
108,90,570.0,WAIT,6,6,WAIT,WAIT,WAIT,WAIT
109,90,570.0,WAIT,99,110,WAIT,99,WAIT,WAIT
110,90,570.0,WAIT,99,WAIT,WAIT,176,WAIT,176
111,90,570.0,WAIT,WAIT,195,WAIT,WAIT,WAIT,WAIT
112,90,570.0,WAIT,186,226,226,79,226,79
113,90,570.0,WAIT,186,195,195,WAIT,WAIT,WAIT
114,90,570.0,WAIT,186,195,195,79,79,79
115,90,570.0,WAIT,84,110,WAIT,WAIT,WAIT,WAIT
116,90,570.0,WAIT,151,199,199,WAIT,199,WAIT
117,90,570.0,WAIT,27,27,WAIT,WAIT,WAIT,WAIT
118,90,570.0,WAIT,115,110,WAIT,WAIT,WAIT,WAIT
119,90,570.0,WAIT,199,199,199,WAIT,199,WAIT
120,90,570.0,WAIT,199,199,199,WAIT,199,WAIT
121,90,570.0,WAIT,138,93,93,WAIT,WAIT,WAIT
122,90,570.0,WAIT,175,218,WAIT,WAIT,WAIT,WAIT
123,90,570.0,WAIT,154,154,WAIT,WAIT,WAIT,WAIT
124,90,570.0,WAIT,132,132,132,WAIT,180,WAIT
125,90,570.0,WAIT,186,195,195,249,WAIT,249
126,90,570.0,WAIT,138,138,199,WAIT,WAIT,WAIT
127,90,570.0,WAIT,128,200,128,WAIT,128,WAIT
128,90,570.0,WAIT,WAIT,200,WAIT,WAIT,WAIT,WAIT
129,90,570.0,WAIT,236,93,138,WAIT,WAIT,WAIT
130,90,570.0,WAIT,132,132,132,WAIT,WAIT,WAIT
131,90,570.0,WAIT,98,93,93,WAIT,WAIT,WAIT
132,90,570.0,WAIT,WAIT,WAIT,WAIT,WAIT,WAIT,WAIT
133,90,570.0,WAIT,111,111,WAIT,WAIT,WAIT,WAIT
134,90,570.0,WAIT,138,93,93,WAIT,WAIT,WAIT
135,90,570.0,WAIT,138,93,93,WAIT,WAIT,WAIT
136,90,570.0,WAIT,128,128,WAIT,WAIT,WAIT,WAIT
137,90,570.0,WAIT,186,233,107,107,233,107
138,90,570.0,WAIT,236,93,WAIT,223,WAIT,WAIT
139,90,570.0,WAIT,132,132,132,WAIT,WAIT,WAIT
140,90,570.0,WAIT,138,138,199,262,262,262
141,90,570.0,WAIT,138,138,199,WAIT,WAIT,WAIT
142,90,570.0,WAIT,186,163,WAIT,WAIT,WAIT,WAIT
143,90,570.0,WAIT,186,161,WAIT,WAIT,142,WAIT
144,90,570.0,WAIT,186,195,195,79,249,79
145,90,570.0,WAIT,186,226,WAIT,WAIT,202,262
146,90,570.0,WAIT,186,138,207,WAIT,207,262
147,90,570.0,WAIT,138,138,199,WAIT,199,WAIT
148,90,570.0,WAIT,186,195,195,WAIT,195,79
149,90,570.0,WAIT,154,154,154,WAIT,154,WAIT
150,90,570.0,WAIT,154,154,WAIT,WAIT,WAIT,WAIT
151,90,570.0,WAIT,236,199,WAIT,WAIT,WAIT,WAIT
152,90,570.0,WAIT,151,199,199,WAIT,199,WAIT
153,90,570.0,WAIT,WAIT,200,WAIT,WAIT,WAIT,WAIT
154,90,570.0,WAIT,WAIT,WAIT,WAIT,WAIT,WAIT,WAIT
155,90,570.0,WAIT,154,154,154,WAIT,WAIT,WAIT
156,90,570.0,WAIT,206,1,WAIT,WAIT,WAIT,WAIT
157,90,570.0,WAIT,138,138,138,WAIT,WAIT,WAIT
158,90,570.0,WAIT,186,195,195,249,249,249
159,90,570.0,WAIT,138,138,199,WAIT,199,WAIT
160,90,570.0,WAIT,96,96,WAIT,WAIT,WAIT,WAIT
161,90,570.0,WAIT,186,145,145,WAIT,162,202
162,90,570.0,WAIT,186,145,145,WAIT,237,202
163,90,570.0,WAIT,186,202,230,142,237,142
164,90,570.0,WAIT,186,161,186,186,234,186
165,90,570.0,WAIT,89,89,WAIT,WAIT,WAIT,WAIT
166,90,570.0,WAIT,236,199,199,24,151,WAIT
167,90,570.0,WAIT,138,138,199,WAIT,199,WAIT
168,90,570.0,WAIT,138,138,199,WAIT,199,WAIT
169,90,570.0,WAIT,199,199,199,WAIT,199,WAIT
170,90,570.0,WAIT,186,233,WAIT,WAIT,186,WAIT
171,90,570.0,WAIT,73,93,93,WAIT,WAIT,WAIT
172,90,570.0,WAIT,251,110,WAIT,WAIT,WAIT,WAIT
173,90,570.0,WAIT,138,93,93,WAIT,WAIT,WAIT
174,90,570.0,WAIT,31,200,240,WAIT,240,WAIT
175,90,570.0,WAIT,64,93,WAIT,WAIT,WAIT,WAIT
176,90,570.0,WAIT,251,110,WAIT,WAIT,WAIT,WAIT
177,90,570.0,WAIT,96,96,WAIT,WAIT,WAIT,WAIT
178,90,570.0,WAIT,89,89,WAIT,WAIT,WAIT,WAIT
179,90,570.0,WAIT,186,138,138,WAIT,WAIT,262
180,90,570.0,WAIT,132,132,132,WAIT,76,WAIT
181,90,570.0,WAIT,195,195,195,WAIT,195,WAIT
182,90,570.0,WAIT,138,138,199,WAIT,199,WAIT
183,90,570.0,WAIT,199,199,199,184,199,WAIT
184,90,570.0,WAIT,46,183,WAIT,WAIT,WAIT,WAIT
185,90,570.0,WAIT,199,199,199,WAIT,199,WAIT
186,90,570.0,WAIT,WAIT,161,WAIT,WAIT,WAIT,WAIT
187,90,570.0,WAIT,115,1,WAIT,WAIT,WAIT,WAIT
188,90,570.0,WAIT,WAIT,189,WAIT,WAIT,WAIT,WAIT
189,90,570.0,WAIT,79,WAIT,WAIT,WAIT,WAIT,WAIT
190,90,570.0,WAIT,188,189,WAIT,WAIT,WAIT,WAIT
191,90,570.0,WAIT,101,10,19,WAIT,WAIT,WAIT
192,90,570.0,WAIT,138,93,93,WAIT,WAIT,WAIT
193,90,570.0,WAIT,186,138,138,262,237,262
194,90,570.0,WAIT,138,138,199,8,199,8
195,90,570.0,WAIT,WAIT,WAIT,WAIT,WAIT,WAIT,WAIT
196,90,570.0,WAIT,96,93,93,WAIT,WAIT,WAIT
197,90,570.0,WAIT,132,132,132,WAIT,WAIT,WAIT
198,90,570.0,WAIT,96,226,96,WAIT,96,WAIT
199,90,570.0,WAIT,236,93,WAIT,WAIT,WAIT,WAIT
200,90,570.0,WAIT,31,128,WAIT,WAIT,WAIT,WAIT
201,90,570.0,WAIT,27,117,WAIT,WAIT,WAIT,WAIT
202,90,570.0,WAIT,186,138,199,262,262,262
203,90,570.0,WAIT,132,132,132,WAIT,WAIT,WAIT
204,90,570.0,WAIT,99,110,WAIT,WAIT,WAIT,WAIT
205,90,570.0,WAIT,122,218,WAIT,WAIT,WAIT,WAIT
206,90,570.0,WAIT,115,110,WAIT,WAIT,WAIT,WAIT
207,90,570.0,WAIT,138,93,WAIT,WAIT,WAIT,262
208,90,570.0,WAIT,138,138,199,WAIT,199,WAIT
209,90,570.0,WAIT,79,195,195,WAIT,195,WAIT
210,90,570.0,WAIT,154,154,154,WAIT,154,WAIT
211,90,570.0,WAIT,186,195,195,249,249,WAIT
212,90,570.0,WAIT,138,138,199,WAIT,199,WAIT
213,90,570.0,WAIT,138,138,199,WAIT,199,WAIT
214,90,570.0,WAIT,176,110,WAIT,WAIT,WAIT,WAIT
215,90,570.0,WAIT,132,132,132,WAIT,WAIT,WAIT
216,90,570.0,WAIT,132,132,132,WAIT,180,WAIT
217,90,570.0,WAIT,186,66,WAIT,WAIT,WAIT,79
218,90,570.0,WAIT,132,132,132,WAIT,WAIT,WAIT
219,90,570.0,WAIT,132,132,132,WAIT,WAIT,WAIT
220,90,570.0,WAIT,31,200,WAIT,WAIT,WAIT,WAIT
221,90,570.0,WAIT,176,110,WAIT,WAIT,WAIT,WAIT
222,90,570.0,WAIT,39,WAIT,WAIT,WAIT,WAIT,WAIT
223,90,570.0,WAIT,236,93,138,8,207,262
224,90,570.0,WAIT,186,255,WAIT,WAIT,79,107
225,90,570.0,WAIT,79,189,WAIT,WAIT,WAIT,WAIT
226,90,570.0,WAIT,138,138,WAIT,WAIT,WAIT,WAIT
227,90,570.0,WAIT,115,115,111,WAIT,111,WAIT
228,90,570.0,WAIT,115,195,195,111,195,WAIT
229,90,570.0,WAIT,236,145,WAIT,WAIT,141,WAIT
230,90,570.0,WAIT,186,WAIT,WAIT,WAIT,WAIT,48
231,90,570.0,WAIT,186,195,195,WAIT,WAIT,WAIT
232,90,570.0,WAIT,79,195,195,79,195,34
233,90,570.0,WAIT,186,145,145,229,229,229
234,90,570.0,WAIT,186,195,195,186,79,186
235,90,570.0,WAIT,199,199,199,WAIT,199,WAIT
236,90,570.0,WAIT,138,138,199,WAIT,WAIT,WAIT
237,90,570.0,WAIT,138,138,199,WAIT,WAIT,WAIT
238,90,570.0,WAIT,236,199,WAIT,WAIT,WAIT,WAIT
239,90,570.0,WAIT,236,230,WAIT,WAIT,143,WAIT
240,90,570.0,WAIT,184,200,WAIT,WAIT,WAIT,WAIT
241,90,570.0,WAIT,240,200,WAIT,WAIT,WAIT,WAIT
242,90,570.0,WAIT,199,199,199,184,199,184
243,90,570.0,WAIT,41,128,128,WAIT,128,WAIT
244,90,570.0,WAIT,199,199,199,WAIT,199,WAIT
245,90,570.0,WAIT,176,110,WAIT,206,WAIT,WAIT
246,90,570.0,WAIT,186,161,186,48,68,48
247,90,570.0,WAIT,138,138,199,WAIT,199,WAIT
248,90,570.0,WAIT,138,138,199,WAIT,199,WAIT
249,90,570.0,WAIT,186,195,WAIT,WAIT,79,WAIT
250,90,570.0,WAIT,138,138,199,WAIT,199,WAIT
251,90,570.0,WAIT,176,110,WAIT,WAIT,WAIT,WAIT
252,90,570.0,WAIT,138,93,93,WAIT,93,WAIT
253,90,570.0,WAIT,138,93,93,WAIT,WAIT,WAIT
254,90,570.0,WAIT,184,46,WAIT,WAIT,WAIT,WAIT
255,90,570.0,WAIT,186,145,4,79,145,79
256,90,570.0,WAIT,186,66,WAIT,79,WAIT,79
257,90,570.0,WAIT,190,WAIT,WAIT,WAIT,WAIT,WAIT
258,90,570.0,WAIT,96,197,96,WAIT,197,WAIT
259,90,570.0,WAIT,184,200,WAIT,WAIT,WAIT,WAIT
260,90,570.0,WAIT,186,138,207,207,WAIT,WAIT
261,90,570.0,WAIT,79,195,195,WAIT,195,WAIT
262,90,570.0,WAIT,138,138,WAIT,WAIT,WAIT,WAIT
263,90,570.0,WAIT,138,138,199,WAIT,WAIT,WAIT
1,105,585.0,WAIT,WAIT,WAIT,WAIT,WAIT,WAIT,WAIT
2,105,585.0,WAIT,WAIT,WAIT,WAIT,30,WAIT,WAIT
3,105,585.0,WAIT,184,51,184,WAIT,184,WAIT
4,105,585.0,WAIT,79,255,WAIT,WAIT,WAIT,WAIT
5,105,585.0,WAIT,WAIT,84,WAIT,204,WAIT,WAIT
6,105,585.0,WAIT,214,221,WAIT,WAIT,WAIT,WAIT
7,105,585.0,WAIT,236,202,WAIT,WAIT,WAIT,WAIT
8,105,585.0,WAIT,138,138,WAIT,WAIT,WAIT,262
9,105,585.0,WAIT,73,192,WAIT,WAIT,WAIT,WAIT
10,105,585.0,WAIT,219,218,WAIT,WAIT,WAIT,WAIT
11,105,585.0,WAIT,WAIT,WAIT,WAIT,WAIT,WAIT,WAIT
12,105,585.0,WAIT,105,195,195,WAIT,WAIT,WAIT
13,105,585.0,WAIT,231,105,105,WAIT,WAIT,WAIT
14,105,585.0,WAIT,221,221,221,WAIT,221,WAIT
15,105,585.0,WAIT,WAIT,WAIT,WAIT,WAIT,WAIT,WAIT
16,105,585.0,WAIT,175,15,WAIT,WAIT,WAIT,WAIT
17,105,585.0,WAIT,WAIT,217,WAIT,WAIT,WAIT,WAIT
18,105,585.0,WAIT,94,241,WAIT,WAIT,WAIT,WAIT
19,105,585.0,WAIT,175,WAIT,WAIT,WAIT,WAIT,WAIT
20,105,585.0,WAIT,31,31,31,WAIT,31,WAIT
21,105,585.0,WAIT,178,108,WAIT,WAIT,WAIT,WAIT
22,105,585.0,WAIT,11,11,WAIT,WAIT,WAIT,WAIT
23,105,585.0,WAIT,99,187,WAIT,WAIT,WAIT,WAIT
24,105,585.0,WAIT,238,166,WAIT,WAIT,WAIT,WAIT
25,105,585.0,WAIT,105,105,105,WAIT,105,WAIT
26,105,585.0,WAIT,133,133,133,WAIT,WAIT,WAIT
27,105,585.0,WAIT,WAIT,201,WAIT,WAIT,WAIT,WAIT
28,105,585.0,WAIT,121,134,134,WAIT,WAIT,WAIT
29,105,585.0,WAIT,150,WAIT,WAIT,WAIT,WAIT,WAIT
30,105,585.0,WAIT,WAIT,2,WAIT,WAIT,2,WAIT
31,105,585.0,WAIT,WAIT,WAIT,WAIT,WAIT,WAIT,WAIT
32,105,585.0,WAIT,31,31,31,WAIT,31,WAIT
33,105,585.0,WAIT,87,105,105,WAIT,WAIT,WAIT
34,105,585.0,WAIT,79,WAIT,WAIT,WAIT,WAIT,WAIT
35,105,585.0,WAIT,72,177,WAIT,WAIT,WAIT,WAIT
36,105,585.0,WAIT,198,WAIT,WAIT,WAIT,WAIT,WAIT
37,105,585.0,WAIT,225,36,WAIT,WAIT,WAIT,WAIT
38,105,585.0,WAIT,139,WAIT,WAIT,WAIT,WAIT,WAIT
39,105,585.0,WAIT,WAIT,222,WAIT,WAIT,WAIT,WAIT
40,105,585.0,WAIT,105,195,195,WAIT,WAIT,WAIT
41,105,585.0,WAIT,24,152,24,WAIT,WAIT,WAIT
42,105,585.0,WAIT,41,116,WAIT,WAIT,WAIT,WAIT
43,105,585.0,WAIT,236,202,WAIT,WAIT,WAIT,WAIT
44,105,585.0,WAIT,WAIT,84,WAIT,WAIT,WAIT,WAIT
45,105,585.0,WAIT,33,33,33,WAIT,33,WAIT
46,105,585.0,WAIT,WAIT,WAIT,WAIT,WAIT,WAIT,WAIT
47,105,585.0,WAIT,59,59,59,WAIT,59,WAIT
48,105,585.0,WAIT,142,68,WAIT,WAIT,WAIT,WAIT
49,105,585.0,WAIT,34,34,34,WAIT,WAIT,WAIT
50,105,585.0,WAIT,142,246,143,WAIT,WAIT,WAIT
51,105,585.0,WAIT,184,WAIT,WAIT,WAIT,WAIT,WAIT
52,105,585.0,WAIT,105,195,195,WAIT,195,WAIT
53,105,585.0,WAIT,138,93,93,WAIT,WAIT,WAIT
54,105,585.0,WAIT,105,195,195,WAIT,WAIT,WAIT
55,105,585.0,WAIT,108,WAIT,WAIT,WAIT,WAIT,WAIT
56,105,585.0,WAIT,57,93,93,WAIT,WAIT,WAIT
57,105,585.0,WAIT,138,93,93,WAIT,173,WAIT
58,105,585.0,WAIT,WAIT,46,WAIT,WAIT,WAIT,WAIT
59,105,585.0,WAIT,WAIT,WAIT,WAIT,WAIT,WAIT,WAIT
60,105,585.0,WAIT,59,59,WAIT,WAIT,WAIT,WAIT
61,105,585.0,WAIT,WAIT,189,WAIT,WAIT,WAIT,WAIT
62,105,585.0,WAIT,61,WAIT,WAIT,WAIT,WAIT,WAIT
63,105,585.0,WAIT,96,96,WAIT,WAIT,WAIT,WAIT
64,105,585.0,WAIT,175,19,WAIT,WAIT,WAIT,WAIT
65,105,585.0,WAIT,79,105,105,WAIT,WAIT,WAIT
66,105,585.0,WAIT,79,33,79,WAIT,WAIT,WAIT
67,105,585.0,WAIT,11,14,WAIT,WAIT,WAIT,WAIT
68,105,585.0,WAIT,186,186,186,WAIT,WAIT,WAIT
69,105,585.0,WAIT,167,47,WAIT,WAIT,WAIT,WAIT
70,105,585.0,WAIT,138,93,WAIT,WAIT,WAIT,WAIT
71,105,585.0,WAIT,72,WAIT,WAIT,WAIT,WAIT,WAIT
72,105,585.0,WAIT,39,35,WAIT,WAIT,WAIT,WAIT
73,105,585.0,WAIT,9,192,WAIT,WAIT,WAIT,WAIT
74,105,585.0,WAIT,75,194,8,WAIT,WAIT,WAIT
75,105,585.0,WAIT,236,8,8,WAIT,WAIT,WAIT
76,105,585.0,WAIT,WAIT,WAIT,WAIT,WAIT,WAIT,WAIT
77,105,585.0,WAIT,76,76,WAIT,WAIT,WAIT,WAIT
78,105,585.0,WAIT,59,59,WAIT,WAIT,WAIT,WAIT
79,105,585.0,WAIT,WAIT,4,WAIT,WAIT,WAIT,WAIT
80,105,585.0,WAIT,WAIT,255,WAIT,WAIT,WAIT,WAIT
81,105,585.0,WAIT,254,51,WAIT,WAIT,WAIT,WAIT
82,105,585.0,WAIT,129,83,83,WAIT,WAIT,WAIT
83,105,585.0,WAIT,129,157,WAIT,WAIT,WAIT,WAIT
84,105,585.0,WAIT,WAIT,WAIT,WAIT,204,WAIT,WAIT
85,105,585.0,WAIT,89,89,WAIT,WAIT,WAIT,WAIT
86,105,585.0,WAIT,117,WAIT,WAIT,WAIT,WAIT,WAIT
87,105,585.0,WAIT,WAIT,195,195,WAIT,WAIT,WAIT
88,105,585.0,WAIT,105,195,195,WAIT,195,WAIT
89,105,585.0,WAIT,WAIT,133,WAIT,WAIT,WAIT,WAIT
90,105,585.0,WAIT,186,186,186,WAIT,WAIT,WAIT
91,105,585.0,WAIT,WAIT,155,WAIT,WAIT,WAIT,WAIT
92,105,585.0,WAIT,253,93,93,WAIT,WAIT,WAIT
93,105,585.0,WAIT,138,WAIT,WAIT,WAIT,WAIT,WAIT
94,105,585.0,WAIT,WAIT,136,WAIT,WAIT,WAIT,WAIT
95,105,585.0,WAIT,56,196,134,WAIT,WAIT,WAIT
96,105,585.0,WAIT,WAIT,134,WAIT,WAIT,WAIT,WAIT
97,105,585.0,WAIT,232,88,WAIT,WAIT,WAIT,WAIT
98,105,585.0,WAIT,175,175,WAIT,WAIT,WAIT,WAIT
99,105,585.0,WAIT,WAIT,204,WAIT,WAIT,WAIT,WAIT
100,105,585.0,WAIT,186,230,186,WAIT,WAIT,WAIT
101,105,585.0,WAIT,WAIT,19,WAIT,WAIT,WAIT,WAIT
102,105,585.0,WAIT,96,96,96,WAIT,WAIT,WAIT
103,105,585.0,WAIT,WAIT,195,195,WAIT,WAIT,WAIT
104,105,585.0,WAIT,103,195,195,WAIT,195,WAIT
105,105,585.0,WAIT,195,195,195,WAIT,195,WAIT
106,105,585.0,WAIT,105,195,195,WAIT,WAIT,WAIT
107,105,585.0,WAIT,79,224,WAIT,WAIT,WAIT,WAIT
108,105,585.0,WAIT,WAIT,WAIT,WAIT,WAIT,WAIT,WAIT
109,105,585.0,WAIT,110,110,WAIT,WAIT,WAIT,WAIT
110,105,585.0,WAIT,WAIT,WAIT,WAIT,WAIT,WAIT,176
111,105,585.0,WAIT,WAIT,WAIT,WAIT,WAIT,WAIT,WAIT
112,105,585.0,WAIT,79,145,226,WAIT,226,WAIT
113,105,585.0,WAIT,249,114,WAIT,WAIT,WAIT,WAIT
114,105,585.0,WAIT,79,144,79,WAIT,WAIT,WAIT
115,105,585.0,WAIT,WAIT,84,WAIT,WAIT,WAIT,WAIT
116,105,585.0,WAIT,42,120,WAIT,WAIT,WAIT,WAIT
117,105,585.0,WAIT,86,WAIT,WAIT,WAIT,WAIT,WAIT
118,105,585.0,WAIT,176,110,WAIT,WAIT,WAIT,WAIT
119,105,585.0,WAIT,235,235,WAIT,WAIT,WAIT,WAIT
120,105,585.0,WAIT,42,WAIT,WAIT,WAIT,WAIT,WAIT
121,105,585.0,WAIT,98,98,WAIT,WAIT,WAIT,WAIT
122,105,585.0,WAIT,WAIT,131,WAIT,WAIT,WAIT,WAIT
123,105,585.0,WAIT,178,29,WAIT,WAIT,WAIT,WAIT
124,105,585.0,WAIT,132,132,132,WAIT,WAIT,WAIT
125,105,585.0,WAIT,249,231,249,WAIT,WAIT,WAIT
126,105,585.0,WAIT,199,199,199,WAIT,WAIT,WAIT
127,105,585.0,WAIT,128,128,128,WAIT,128,WAIT
128,105,585.0,WAIT,WAIT,WAIT,WAIT,WAIT,WAIT,WAIT
129,105,585.0,WAIT,138,138,138,WAIT,WAIT,WAIT
130,105,585.0,WAIT,197,134,134,WAIT,WAIT,WAIT
131,105,585.0,WAIT,98,98,WAIT,WAIT,WAIT,WAIT
132,105,585.0,WAIT,WAIT,WAIT,WAIT,WAIT,WAIT,WAIT
133,105,585.0,WAIT,89,257,WAIT,WAIT,WAIT,WAIT
134,105,585.0,WAIT,96,WAIT,WAIT,WAIT,95,WAIT
135,105,585.0,WAIT,192,93,93,WAIT,WAIT,WAIT
136,105,585.0,WAIT,153,WAIT,WAIT,WAIT,WAIT,WAIT
137,105,585.0,WAIT,107,233,107,WAIT,107,WAIT
138,105,585.0,WAIT,WAIT,WAIT,WAIT,WAIT,WAIT,WAIT
139,105,585.0,WAIT,203,218,WAIT,WAIT,WAIT,WAIT
140,105,585.0,WAIT,236,202,262,WAIT,262,202
141,105,585.0,WAIT,236,202,WAIT,WAIT,WAIT,WAIT
142,105,585.0,WAIT,239,163,WAIT,WAIT,239,WAIT
143,105,585.0,WAIT,239,239,WAIT,WAIT,WAIT,WAIT
144,105,585.0,WAIT,79,WAIT,79,WAIT,79,WAIT
145,105,585.0,WAIT,186,226,WAIT,WAIT,WAIT,WAIT
146,105,585.0,WAIT,236,202,WAIT,WAIT,WAIT,WAIT
147,105,585.0,WAIT,199,199,199,WAIT,WAIT,WAIT
148,105,585.0,WAIT,79,66,WAIT,WAIT,WAIT,WAIT
149,105,585.0,WAIT,154,154,154,WAIT,154,WAIT
150,105,585.0,WAIT,154,154,WAIT,WAIT,WAIT,WAIT
151,105,585.0,WAIT,238,166,WAIT,WAIT,WAIT,WAIT
152,105,585.0,WAIT,166,116,116,WAIT,WAIT,WAIT
153,105,585.0,WAIT,WAIT,220,WAIT,WAIT,WAIT,WAIT
154,105,585.0,WAIT,WAIT,WAIT,WAIT,WAIT,WAIT,WAIT
155,105,585.0,WAIT,154,154,154,WAIT,WAIT,WAIT
156,105,585.0,WAIT,251,187,WAIT,WAIT,WAIT,WAIT
157,105,585.0,WAIT,260,83,83,WAIT,WAIT,WAIT
158,105,585.0,WAIT,249,WAIT,249,WAIT,WAIT,WAIT
159,105,585.0,WAIT,167,69,147,WAIT,WAIT,WAIT
160,105,585.0,WAIT,102,196,WAIT,WAIT,WAIT,WAIT
161,105,585.0,WAIT,162,145,145,WAIT,WAIT,WAIT
162,105,585.0,WAIT,237,145,145,WAIT,WAIT,202
163,105,585.0,WAIT,237,202,WAIT,WAIT,WAIT,WAIT
164,105,585.0,WAIT,186,161,186,WAIT,WAIT,WAIT
165,105,585.0,WAIT,178,178,WAIT,WAIT,WAIT,WAIT
166,105,585.0,WAIT,151,152,24,WAIT,WAIT,WAIT
167,105,585.0,WAIT,59,59,59,WAIT,59,WAIT
168,105,585.0,WAIT,199,199,199,WAIT,199,WAIT
169,105,585.0,WAIT,94,WAIT,WAIT,WAIT,WAIT,WAIT
170,105,585.0,WAIT,WAIT,233,WAIT,WAIT,WAIT,WAIT
171,105,585.0,WAIT,9,252,WAIT,WAIT,WAIT,WAIT
172,105,585.0,WAIT,176,110,WAIT,WAIT,WAIT,WAIT
173,105,585.0,WAIT,70,93,70,WAIT,WAIT,WAIT
174,105,585.0,WAIT,31,240,240,WAIT,240,WAIT
175,105,585.0,WAIT,64,19,WAIT,WAIT,WAIT,WAIT
176,105,585.0,WAIT,WAIT,110,WAIT,WAIT,WAIT,WAIT
177,105,585.0,WAIT,35,35,WAIT,WAIT,WAIT,WAIT
178,105,585.0,WAIT,21,165,WAIT,WAIT,WAIT,WAIT
179,105,585.0,WAIT,236,8,8,WAIT,262,262
180,105,585.0,WAIT,76,216,WAIT,WAIT,WAIT,WAIT
181,105,585.0,WAIT,257,106,257,WAIT,257,WAIT
182,105,585.0,WAIT,212,WAIT,WAIT,WAIT,WAIT,WAIT
183,105,585.0,WAIT,184,WAIT,WAIT,WAIT,WAIT,WAIT
184,105,585.0,WAIT,WAIT,46,WAIT,WAIT,WAIT,WAIT
185,105,585.0,WAIT,31,31,WAIT,WAIT,WAIT,WAIT
186,105,585.0,WAIT,WAIT,68,WAIT,WAIT,WAIT,WAIT
187,105,585.0,WAIT,WAIT,WAIT,WAIT,WAIT,WAIT,WAIT
188,105,585.0,WAIT,WAIT,62,WAIT,WAIT,WAIT,WAIT
189,105,585.0,WAIT,62,WAIT,WAIT,WAIT,WAIT,WAIT
190,105,585.0,WAIT,188,189,WAIT,WAIT,WAIT,WAIT
191,105,585.0,WAIT,175,19,19,WAIT,WAIT,WAIT
192,105,585.0,WAIT,57,93,93,WAIT,WAIT,WAIT
193,105,585.0,WAIT,236,202,262,262,WAIT,262
194,105,585.0,WAIT,199,199,199,WAIT,WAIT,WAIT
195,105,585.0,WAIT,WAIT,WAIT,WAIT,WAIT,WAIT,WAIT
196,105,585.0,WAIT,160,160,160,WAIT,WAIT,WAIT
197,105,585.0,WAIT,96,134,WAIT,WAIT,WAIT,WAIT
198,105,585.0,WAIT,96,157,96,WAIT,WAIT,WAIT
199,105,585.0,WAIT,138,138,WAIT,WAIT,WAIT,WAIT
200,105,585.0,WAIT,240,WAIT,WAIT,WAIT,WAIT,WAIT
201,105,585.0,WAIT,27,27,WAIT,WAIT,WAIT,WAIT
202,105,585.0,WAIT,186,WAIT,141,141,141,141
203,105,585.0,WAIT,WAIT,219,WAIT,WAIT,WAIT,WAIT
204,105,585.0,WAIT,WAIT,84,WAIT,WAIT,WAIT,WAIT
205,105,585.0,WAIT,122,10,10,WAIT,WAIT,WAIT
206,105,585.0,WAIT,WAIT,245,WAIT,WAIT,WAIT,WAIT
207,105,585.0,WAIT,138,138,WAIT,WAIT,WAIT,WAIT
208,105,585.0,WAIT,58,58,WAIT,WAIT,WAIT,WAIT
209,105,585.0,WAIT,105,195,195,WAIT,WAIT,WAIT
210,105,585.0,WAIT,154,154,154,WAIT,WAIT,WAIT
211,105,585.0,WAIT,249,WAIT,249,WAIT,WAIT,WAIT
212,105,585.0,WAIT,WAIT,182,WAIT,WAIT,WAIT,WAIT
213,105,585.0,WAIT,199,199,199,WAIT,199,WAIT
214,105,585.0,WAIT,118,118,WAIT,WAIT,WAIT,WAIT
215,105,585.0,WAIT,10,10,10,WAIT,WAIT,WAIT
216,105,585.0,WAIT,132,132,132,WAIT,WAIT,WAIT
217,105,585.0,WAIT,79,34,WAIT,WAIT,WAIT,WAIT
218,105,585.0,WAIT,WAIT,WAIT,WAIT,WAIT,WAIT,WAIT
219,105,585.0,WAIT,203,218,WAIT,WAIT,WAIT,WAIT
220,105,585.0,WAIT,240,200,WAIT,WAIT,WAIT,WAIT
221,105,585.0,WAIT,115,245,WAIT,WAIT,WAIT,WAIT
222,105,585.0,WAIT,WAIT,WAIT,WAIT,WAIT,WAIT,WAIT
223,105,585.0,WAIT,138,138,138,WAIT,WAIT,WAIT
224,105,585.0,WAIT,79,255,WAIT,WAIT,107,WAIT
225,105,585.0,WAIT,WAIT,WAIT,WAIT,WAIT,WAIT,WAIT
226,105,585.0,WAIT,7,145,WAIT,WAIT,WAIT,WAIT
227,105,585.0,WAIT,111,111,111,WAIT,111,WAIT
228,105,585.0,WAIT,111,111,111,WAIT,WAIT,WAIT
229,105,585.0,WAIT,237,145,145,WAIT,WAIT,WAIT
230,105,585.0,WAIT,48,WAIT,WAIT,WAIT,WAIT,WAIT
231,105,585.0,WAIT,249,33,WAIT,WAIT,WAIT,WAIT
232,105,585.0,WAIT,79,34,34,WAIT,WAIT,WAIT
233,105,585.0,WAIT,170,145,145,WAIT,WAIT,WAIT
234,105,585.0,WAIT,186,186,186,WAIT,WAIT,WAIT
235,105,585.0,WAIT,94,136,WAIT,WAIT,WAIT,WAIT
236,105,585.0,WAIT,WAIT,202,WAIT,WAIT,WAIT,WAIT
237,105,585.0,WAIT,236,202,WAIT,WAIT,WAIT,WAIT
238,105,585.0,WAIT,WAIT,24,WAIT,WAIT,239,WAIT
239,105,585.0,WAIT,WAIT,43,WAIT,WAIT,WAIT,WAIT
240,105,585.0,WAIT,31,200,WAIT,WAIT,WAIT,WAIT
241,105,585.0,WAIT,240,220,WAIT,WAIT,WAIT,WAIT
242,105,585.0,WAIT,184,51,184,WAIT,184,WAIT
243,105,585.0,WAIT,128,128,WAIT,WAIT,WAIT,WAIT
244,105,585.0,WAIT,42,120,120,WAIT,WAIT,WAIT
245,105,585.0,WAIT,WAIT,WAIT,WAIT,WAIT,WAIT,WAIT
246,105,585.0,WAIT,48,68,48,WAIT,WAIT,WAIT
247,105,585.0,WAIT,235,119,WAIT,WAIT,WAIT,WAIT
248,105,585.0,WAIT,WAIT,182,WAIT,WAIT,WAIT,WAIT
249,105,585.0,WAIT,186,186,WAIT,WAIT,WAIT,WAIT
250,105,585.0,WAIT,212,182,WAIT,WAIT,WAIT,WAIT
251,105,585.0,WAIT,WAIT,245,WAIT,WAIT,WAIT,WAIT
252,105,585.0,WAIT,253,253,253,WAIT,WAIT,WAIT
253,105,585.0,WAIT,138,93,93,WAIT,WAIT,WAIT
254,105,585.0,WAIT,WAIT,WAIT,WAIT,WAIT,WAIT,WAIT
255,105,585.0,WAIT,79,WAIT,79,WAIT,WAIT,WAIT
256,105,585.0,WAIT,79,232,WAIT,WAIT,WAIT,WAIT
257,105,585.0,WAIT,111,111,WAIT,WAIT,WAIT,WAIT
258,105,585.0,WAIT,96,197,96,WAIT,WAIT,WAIT
259,105,585.0,WAIT,240,240,WAIT,WAIT,WAIT,WAIT
260,105,585.0,WAIT,226,207,207,WAIT,WAIT,WAIT
261,105,585.0,WAIT,231,195,195,WAIT,195,WAIT
262,105,585.0,WAIT,WAIT,8,WAIT,WAIT,WAIT,WAIT
263,105,585.0,WAIT,236,8,8,WAIT,WAIT,WAIT
