scenario_id,base_seed
0,711006771
1,1487150401
2,756223502
3,1035935029
4,51171075
5,1866893500
6,1100306565
7,897734981
8,788229950
9,72746164
10,695145297
11,331043524
12,729807122
13,2020492192
14,1476747661
15,1959271544
16,408043301
17,387492497
18,87645513
19,1060623272
20,788573287
21,633817833
22,15733809
23,822898081
24,1444995107
25,31716388
26,657289638
27,2054614940
28,441518113
29,556620854
30,676523026
31,1407628443
32,1508465766
33,892567289
34,918516901
35,170860427
36,1860777466
37,2013903087
38,1524164437
39,1839597811
40,1778895574
41,1031002496
42,498575364
43,1374731012
44,1822829377
45,1617599208
46,1150876772
47,746101893
48,1429544602
49,1743392034
50,1977592411
51,1337845401
52,1345563882
53,1431557493
54,1687608265
55,841641610
56,791847639
57,1722746514
58,1512680391
59,1317596554
60,257817214
61,1618211539
62,1382133769
63,332756305
64,1247062418
65,2142463297
66,384761640
67,1620069231
68,1620242954
69,527842839
70,268437618
71,687859114
72,1870170789
73,1935433384
74,1042590525
75,2019969415
76,1714213474
77,1879986072
78,1804900938
79,1083060449
80,1275644373
81,1161711107
82,274076951
83,493967913
84,600374772
85,1440659123
86,1579251762
87,302202230
88,73016684
89,921917327
90,750166238
91,1382141232
92,1955235860
93,948757220
94,469689732
95,259123284
96,1744503842
97,1991088141
98,1320591249
99,1806383829
100,307941246
101,2064991035
102,1337741337
103,410044940
104,1117999860
105,892147105
106,2075214039
107,870398271
108,419413222
109,316094334
110,634328752
111,1354097544
112,1346608590
113,679055056
114,582268546
115,12495491
116,811384340
117,67956773
118,1635412505
119,1300360584
120,541854903
121,302794345
122,1060280214
123,573029554
124,948341684
125,1967520654
126,58034465
127,1319354922
128,524630501
129,2024184369
130,815933163
131,166799281
132,1654624765
133,1506717788
134,1655936832
135,1067469317
136,1252686828
137,682641201
138,1354106641
139,1729952340
140,927650618
141,882034526
142,928421915
143,1742709796
144,856762443
145,1995552655
146,1042763863
147,17096116
148,1952567038
149,241644009
150,370520999
151,1444440548
152,1872900934
153,191338764
154,500875534
155,900349213
156,1283650606
157,1240344094
158,1122163285
159,93556040
160,2015657442
161,185919425
162,2146111637
163,1364194330
164,2120377289
165,631797198
166,568642069
167,1962248489
168,1374817112
169,1159822449
170,48172336
171,118163194
172,278160933
173,1215881524
174,564935878
175,1928279606
176,1852799399
177,466900299
178,1231960971
179,558875728
180,321936465
181,995862564
182,1663750471
183,704297035
184,115842690
185,1797241484
186,168889370
187,2053119224
188,360965668
189,1894975371
190,1221024166
191,1527414574
192,800153403
193,411697540
194,1871909100
195,1480407158
196,733895179
197,365522234
198,2099219519
199,501895613
200,1900465539
201,571405258
202,703559503
203,1014119268
204,1786741977
205,46512853
206,345074308
207,1239009941
208,946983404
209,1084485082
210,849083164
211,1812314664
212,1862692794
213,1132882431
214,1899440143
215,1254594478
216,1766450345
217,69173723
218,814524832
219,835148379
220,85220900
221,105078897
222,1183207271
223,1381511446
224,33445482
225,1508713718
226,1470932330
227,1642276549
228,1435654595
229,1866767472
230,75269410
231,744044992
232,1597668509
233,1463985530
234,1505806143
235,930550295
236,756967330
237,447648214
238,1811811261
239,1217087807
240,778333768
241,445509559
242,204917083
243,2024844509
244,875006967
245,1599757056
246,906467169
247,1100724856
248,42985247
249,1614925947
250,894250716
251,694808399
252,791657112
253,746474992
254,553360639
255,1032225125
256,30565876
257,1367751583
258,1095214987
259,1835911638
260,1050163238
261,462099579
262,740097331
263,787315352
264,1513780438
265,2013681211
266,204458926
267,469274858
268,297265917
269,677027577
270,692938583
271,453080186
272,165494410
273,1993082617
274,1652552567
275,1127489967
276,940731855
277,1151355042
278,593454387
279,821337234
280,988332771
281,1899022791
282,123184565
283,1239685611
284,189358498
285,1515152212
286,650023931
287,212978962
288,24560258
289,606670730
290,1204815071
291,446313578
292,1312108458
293,1967366392
294,660537108
295,150755678
296,1572920801
297,1436100960
298,730854409
299,1819947386
