zone_id,zone_name,borough,state_coverage_count,discovery_sources,singleton_value,singleton_gain_over_wait_only,reposition_time_from_start,reposition_distance_from_start,pair_synergy_with_best_anchor,rank_singleton,rank_coverage,rank_synergy,selection_rank_sum,selected_as_shapley_player,selection_reason,selected_player_order
186,Penn Station/Madison Sq West,Manhattan,61,dynamic_depth_1|dynamic_depth_2|passenger_reachable,102.55766596258488,0.5721296149268653,73.29275659246943,12.8840465449518,0.0,1.0,13.0,3.0,17.0,True,singleton_gain,1.0
93,Flushing Meadows-Corona Park,Queens,87,dynamic_depth_1|dynamic_depth_2|passenger_reachable,102.34118811690489,0.3556517692468759,54.114669931501425,11.298168045517139,-3.8789938798799994e-06,2.0,4.0,22.0,28.0,True,singleton_gain|multi_state_coverage,2.0
134,Kew Gardens,Queens,60,dynamic_depth_0|dynamic_depth_1|dynamic_depth_2|passenger_reachable,102.2651368948796,0.279600547221591,37.74232414147284,7.600310902659997,-1.6172592751217962e-05,3.0,14.0,30.0,47.0,True,singleton_gain,3.0
216,South Ozone Park,Queens,95,dynamic_depth_0|dynamic_depth_1|dynamic_depth_2|passenger_reachable,102.26032612997857,0.2747897823205534,14.6548408162175,4.269912524182017,-1.9352933321670207e-05,4.0,2.0,33.0,39.0,True,singleton_gain|multi_state_coverage,4.0
138,LaGuardia Airport,Queens,106,dynamic_depth_1|dynamic_depth_2|passenger_reachable,102.06552345760568,0.07998710994766611,63.33903051058565,14.051968045517139,-1.7655538584904207e-05,12.0,1.0,32.0,45.0,True,multi_state_coverage,5.0
237,Upper East Side South,Manhattan,94,dynamic_depth_1|dynamic_depth_2|passenger_reachable,101.98563690724333,0.00010055958532007025,71.70506358081963,12.604947878013506,-3.172878342638796e-05,21.0,3.0,37.0,61.0,True,multi_state_coverage,6.0
28,Briarwood/Jamaica Hills,Queens,22,dynamic_depth_1|dynamic_depth_2|passenger_reachable,102.05750583133171,0.07196948367369771,39.24797531603665,7.9228949672616125,8.946692005906698e-06,13.0,29.0,1.0,43.0,True,pair_synergy,7.0
219,Springfield Gardens South,Queens,48,dynamic_depth_0|dynamic_depth_1|dynamic_depth_2|passenger_reachable,101.98782373594494,0.002287388286930536,12.652363432177212,4.224411148703077,4.263256414560601e-14,20.0,17.0,2.0,39.0,True,pair_synergy,8.0
130,Jamaica,Queens,68,dynamic_depth_1|dynamic_depth_2|passenger_reachable,101.98553634765801,0.0,30.352181780981482,6.691632954289544,0.0,26.0,10.0,3.0,39.0,True,pair_synergy,9.0
161,Midtown Center,Manhattan,68,dynamic_depth_1|dynamic_depth_2|passenger_reachable,101.98553634765801,0.0,71.84101445555841,12.628846520654292,0.0,26.0,10.0,3.0,39.0,True,pair_synergy,10.0
76,East New York,Brooklyn,63,dynamic_depth_0|dynamic_depth_1|dynamic_depth_2|passenger_reachable,101.98553634765801,0.0,30.365072204256254,8.169350176566283,0.0,26.0,12.0,3.0,41.0,False,,
197,Richmond Hill,Queens,71,dynamic_depth_0|dynamic_depth_1|dynamic_depth_2|passenger_reachable,102.21331652622628,0.22778017856826693,25.725876174073072,5.943196474799301,-1.1191457318204812e-05,5.0,9.0,28.0,42.0,False,,
70,East Elmhurst,Queens,85,dynamic_depth_1|dynamic_depth_2,102.16348468720858,0.17794833955056788,64.01400176501926,13.68296804551714,-2.1958719386816483e-05,6.0,5.0,35.0,46.0,False,,
203,Rosedale,Queens,45,dynamic_depth_0|dynamic_depth_1|dynamic_depth_2|passenger_reachable,101.98553634765801,0.0,17.273013361565027,6.110273873873873,0.0,26.0,18.0,3.0,47.0,False,,
199,Rikers Island,Bronx,75,dynamic_depth_1|dynamic_depth_2,102.03624245377829,0.050706106120273375,68.88459277547541,15.30148436034109,-1.050419560044702e-05,15.0,7.0,26.0,48.0,False,,
96,Forest Park/Highland Park,Queens,49,dynamic_depth_1|dynamic_depth_2|passenger_reachable,102.15018438831423,0.16464804065621763,37.5344560595602,8.0331964747993,-1.1057277916393105e-05,7.0,16.0,27.0,50.0,False,,
218,Springfield Gardens North,Queens,40,dynamic_depth_0|dynamic_depth_1|dynamic_depth_2|passenger_reachable,101.98553634765801,0.0,21.120443258611957,5.585308584600513,0.0,26.0,21.0,3.0,50.0,False,,
2,Jamaica Bay,Queens,38,dynamic_depth_0|dynamic_depth_1|dynamic_depth_2,101.98553634765801,0.0,25.787281558143825,8.659310344827587,0.0,26.0,22.0,3.0,51.0,False,,
30,Broad Channel,Queens,28,dynamic_depth_0|dynamic_depth_1|dynamic_depth_2|passenger_reachable,101.98553634765801,0.0,30.345626202809992,9.686388525549084,0.0,26.0,25.0,3.0,54.0,False,,
124,Howard Beach,Queens,26,dynamic_depth_0|dynamic_depth_1|dynamic_depth_2|passenger_reachable,101.98553634765801,0.0,17.353308627293693,5.708274907749078,0.0,26.0,26.0,3.0,55.0,False,,
180,Ozone Park,Queens,23,dynamic_depth_1|dynamic_depth_2|passenger_reachable,101.98553634765801,0.0,25.605200222631503,6.132311278076098,0.0,26.0,28.0,3.0,57.0,False,,
162,Midtown East,Manhattan,81,dynamic_depth_1|dynamic_depth_2|passenger_reachable,101.98555570455474,1.9356896729050277e-05,70.25586732213625,12.350195390622892,-1.6991752346484645e-05,22.0,6.0,31.0,59.0,False,,
139,Laurelton,Queens,21,dynamic_depth_1|dynamic_depth_2|passenger_reachable,101.98553634765801,0.0,22.75175115845477,5.973028169979673,0.0,26.0,30.0,3.0,59.0,False,,
39,Canarsie,Brooklyn,20,dynamic_depth_1|dynamic_depth_2|passenger_reachable,101.98553634765801,0.0,47.00308454369493,11.006454298041337,0.0,26.0,31.0,3.0,60.0,False,,
86,Far Rockaway,Queens,19,dynamic_depth_0|dynamic_depth_1|dynamic_depth_2|passenger_reachable,101.98553634765801,0.0,44.071141669392325,12.778997477655766,0.0,26.0,33.0,3.0,62.0,False,,
95,Forest Hills,Queens,19,passenger_reachable,101.98553634765801,0.0,50.894060217542,9.448857158166605,0.0,26.0,33.0,3.0,62.0,False,,
236,Upper East Side North,Manhattan,75,dynamic_depth_1|dynamic_depth_2|passenger_reachable,102.01168250390073,0.02614615624271721,73.05340871732639,12.841971866536783,-7.04901928969548e-05,18.0,7.0,38.0,63.0,False,,
10,Baisley Park,Queens,45,dynamic_depth_0|dynamic_depth_1|dynamic_depth_2|passenger_reachable,102.02795031434154,0.04241396668352593,23.310259870590304,6.44292178700095,-1.613245557052778e-05,16.0,18.0,29.0,63.0,False,,
79,East Village,Manhattan,50,dynamic_depth_1|dynamic_depth_2|passenger_reachable,102.06981798105812,0.08428163340010997,67.46767183253365,11.860061820341057,-0.06880861077223699,10.0,15.0,40.0,65.0,False,,
230,Times Sq/Theatre District,Manhattan,38,passenger_reachable,101.98553711345907,7.658010616751199e-07,73.81234973180005,12.975385205179803,-7.658010616751199e-07,25.0,22.0,19.0,66.0,False,,
253,Willets Point,Queens,35,dynamic_depth_1|dynamic_depth_2,102.14144071667512,0.15590436901710802,60.22697263141152,12.675381316213677,-2.084401585022988e-05,8.0,24.0,34.0,66.0,False,,
61,Crown Heights North,Brooklyn,16,dynamic_depth_1|dynamic_depth_2|passenger_reachable,101.98553634765801,0.0,56.7206146671667,11.888277389462768,0.0,26.0,39.0,3.0,68.0,False,,
63,Cypress Hills,Brooklyn,16,dynamic_depth_1|dynamic_depth_2|passenger_reachable,101.98553634765801,0.0,28.564365419199397,8.028941574415745,0.0,26.0,39.0,3.0,68.0,False,,
205,Saint Albans,Queens,25,dynamic_depth_1|dynamic_depth_2|passenger_reachable,102.00039467813396,0.014858330475945536,31.974986255797926,7.246334225626154,-1.0048657713923603e-05,19.0,27.0,23.0,69.0,False,,
215,South Jamaica,Queens,17,dynamic_depth_1|dynamic_depth_2|passenger_reachable,102.07864584177838,0.09310949412036962,26.93502130088759,6.3446869602722415,-1.0201098746165371e-05,9.0,36.0,24.0,69.0,False,,
122,Hollis,Queens,17,dynamic_depth_0|dynamic_depth_1|dynamic_depth_2,102.06560023453497,0.08006388687695676,40.9255183139984,8.844358916984179,-1.0387080465079634e-05,11.0,36.0,25.0,72.0,False,,
207,Saint Michaels Cemetery/Woodside,Queens,41,dynamic_depth_1|dynamic_depth_2,102.01169171354515,0.026155365887134963,81.96301238392147,15.717364734291124,-3.166862639147894e-05,17.0,20.0,36.0,73.0,False,,
163,Midtown North,Manhattan,20,dynamic_depth_1|dynamic_depth_2|passenger_reachable,101.98553770712914,1.3594711276709859e-06,73.35855173155545,12.895612594229075,-1.3594711276709859e-06,24.0,31.0,20.0,75.0,False,,
164,Midtown South,Manhattan,17,passenger_reachable,101.9855381225206,1.7748625822378017e-06,71.49375930300249,12.567802950231886,-1.7748625822378017e-06,23.0,36.0,21.0,80.0,False,,
262,Yorkville East,Manhattan,18,dynamic_depth_1|dynamic_depth_2|passenger_reachable,102.03803828824527,0.05250194058726265,69.6079860087744,12.236305104801438,-0.00023571231527341752,14.0,35.0,39.0,88.0,False,,
