coalition_mask,coalition_size,coalition_zone_ids,coalition_value,base_allowed_zone_ids
0,0,,101.98553634765801,
1,1,186,102.55766596258488,
2,1,93,102.34118811690489,
3,2,186|93,102.91331385283787,
4,1,134,102.2651368948796,
5,2,186|134,102.83725033721372,
6,2,93|134,102.39561306948849,
7,3,186|93|134,102.96773880542148,
8,1,216,102.26032612997857,
9,2,186|216,102.83243639197211,
10,2,93|216,102.40608417990755,
11,3,186|93|216,102.9782099130553,
12,2,134|216,102.29850534856688,
13,3,186|134|216,102.87061097905652,
14,3,93|134|216,102.40693189487584,
15,4,186|93|134|216,102.97905763080884,
16,1,138,102.06552345760568,
17,2,186|138,102.63763541699396,
18,2,93|138,102.34593428514789,
19,3,186|93|138,102.918059982869,
20,2,134|138,102.2934570522391,
21,3,186|134|138,102.86556664941673,
22,3,93|134|138,102.40037417761829,
23,4,186|93|134|138,102.9724977157926,
24,2,216|138,102.30583667945486,
25,3,186|216|138,102.87793840277902,
26,3,93|216|138,102.41083023620072,
27,4,186|93|216|138,102.98295593113654,
28,3,134|216|138,102.32612406303024,
29,4,186|134|216|138,102.89822587971629,
30,4,93|134|216|138,102.41168361434615,
31,5,186|93|134|216|138,102.98380715252044,
32,1,237,101.98563690724333,
33,2,186|237,102.55773479338677,
34,2,93|237,102.34122268533447,
35,3,186|93|237,102.91333842613025,
36,2,134|237,102.26518984152834,
37,3,186|134|237,102.83728770672127,
38,3,93|134|237,102.3956472957858,
39,4,186|93|134|237,102.96776303658159,
40,2,216|237,102.26037526417235,
41,3,186|216|237,102.83247277967246,
42,3,93|216|237,102.40611805133034,
43,4,186|93|216|237,102.97823379212612,
44,3,134|216|237,102.29853556896748,
45,4,186|134|216|237,102.87063315361848,
46,4,93|134|216|237,102.40696593267919,
47,5,186|93|134|216|237,102.979081673475,
48,2,138|237,102.06557051193627,
49,3,186|138|237,102.63766836113032,
50,3,93|138|237,102.34596845803019,
51,4,186|93|138|237,102.91808420023908,
52,3,134|138|237,102.29349263527503,
53,4,186|134|138|237,102.8655904851378,
54,4,93|134|138|237,102.40040714802124,
55,5,186|93|134|138|237,102.97252047671698,
56,3,216|138|237,102.30585200224232,
57,4,186|216|138|237,102.87794957089606,
58,4,93|216|138|237,102.41086371207622,
59,5,186|93|216|138|237,102.98297945428509,
60,4,134|216|138|237,102.32613706749176,
61,5,186|134|216|138|237,102.89823463681427,
62,5,93|134|216|138|237,102.41171639624912,
63,6,186|93|134|216|138|237,102.98382972494485,
64,1,28,102.05750583133171,
65,2,186|28,102.62964439295058,
66,2,93|28,102.35226847706878,
67,3,186|93|28,102.92439421300178,
68,2,134|28,102.2651368948796,
69,3,186|134|28,102.83725033721372,
70,3,93|134|28,102.39561306948849,
71,4,186|93|134|28,102.96773880542148,
72,2,216|28,102.26032612997857,
73,3,186|216|28,102.83243639197211,
74,3,93|216|28,102.40608417990755,
75,4,186|93|216|28,102.9782099130553,
76,3,134|216|28,102.29850534856688,
77,4,186|134|216|28,102.87061097905652,
78,4,93|134|216|28,102.40693189487584,
79,5,186|93|134|216|28,102.97905763080884,
80,2,138|28,102.12037374226459,
81,3,186|138|28,102.69248834699033,
82,3,93|138|28,102.35701464389459,
83,4,186|93|138|28,102.92914034161568,
84,3,134|138|28,102.2934570522391,
85,4,186|134|138|28,102.86556664941673,
86,4,93|134|138|28,102.40037417761829,
87,5,186|93|134|138|28,102.9724977157926,
88,3,216|138|28,102.30583667945486,
89,4,186|216|138|28,102.87793840277902,
90,4,93|216|138|28,102.41083023620072,
91,5,186|93|216|138|28,102.98295593113654,
92,4,134|216|138|28,102.32612406303024,
93,5,186|134|216|138|28,102.89822587971629,
94,5,93|134|216|138|28,102.41168361434615,
95,6,186|93|134|216|138|28,102.98380715252044,
96,2,237|28,102.05765646199794,
97,3,186|237|28,102.62975434614997,
98,3,93|237|28,102.35230257750166,
99,4,186|93|237|28,102.92441831829744,
100,3,134|237|28,102.26518984152834,
101,4,186|134|237|28,102.83728770672127,
102,4,93|134|237|28,102.3956472957858,
103,5,186|93|134|237|28,102.96776303658159,
104,3,216|237|28,102.26037526417235,
105,4,186|216|237|28,102.83247277967246,
106,4,93|216|237|28,102.40611805133034,
107,5,186|93|216|237|28,102.97823379212612,
108,4,134|216|237|28,102.29853556896748,
109,5,186|134|216|237|28,102.87063315361848,
110,5,93|134|216|237|28,102.40696593267919,
111,6,186|93|134|216|237|28,102.979081673475,
112,3,138|237|28,102.12044803184394,
113,4,186|138|237|28,102.69254588103799,
114,4,93|138|237|28,102.3570483487802,
115,5,186|93|138|237|28,102.92916409098909,
116,4,134|138|237|28,102.29349263527503,
117,5,186|134|138|237|28,102.8655904851378,
118,5,93|134|138|237|28,102.40040714802124,
119,6,186|93|134|138|237|28,102.97252047671698,
120,4,216|138|237|28,102.30585200224232,
121,5,186|216|138|237|28,102.87794957089606,
122,5,93|216|138|237|28,102.41086371207622,
123,6,186|93|216|138|237|28,102.98297945428509,
124,5,134|216|138|237|28,102.32613706749176,
125,6,186|134|216|138|237|28,102.89823463681427,
126,6,93|134|216|138|237|28,102.41171639624912,
127,7,186|93|134|216|138|237|28,102.98382972494485,
128,1,219,101.98782373594494,
129,2,186|219,102.55995335087185,
130,2,93|219,102.34297159713017,
131,3,186|93|219,102.91509733306317,
132,2,134|219,102.26809554553309,
133,3,186|134|219,102.8402089878672,
134,3,93|134|219,102.39731959129469,
135,4,186|93|134|219,102.96944532722769,
136,2,216|219,102.26139782892176,
137,3,186|216|219,102.83350809091532,
138,3,93|216|219,102.40720224285839,
139,4,186|93|216|219,102.97932797879137,
140,3,134|216|219,102.29957647779379,
141,4,186|134|216|219,102.87168210828347,
142,4,93|134|216|219,102.40805176130544,
143,5,186|93|134|216|219,102.98017749723842,
144,2,138|219,102.06768073896944,
145,3,186|138|219,102.63979269835768,
146,3,93|138|219,102.34771776537319,
147,4,186|93|138|219,102.91984346309428,
148,3,134|138|219,102.29629430517775,
149,4,186|134|138|219,102.86840390235537,
150,4,93|134|138|219,102.4020850955069,
151,5,186|93|134|138|219,102.9742086336812,
152,3,216|138|219,102.30690864682553,
153,4,186|216|138|219,102.8790103701497,
154,4,93|216|138|219,102.41194829915155,
155,5,186|93|216|138|219,102.98407399687265,
156,4,134|216|138|219,102.32719519224113,
157,5,186|134|216|138|219,102.89929700892719,
158,5,93|134|216|138|219,102.41280348084132,
159,6,186|93|134|216|138|219,102.98492701901557,
160,2,237|219,101.98792429553032,
161,3,186|237|219,102.56002218167374,
162,3,93|237|219,102.34300616555974,
163,4,186|93|237|219,102.91512190635554,
164,3,134|237|219,102.26814849218181,
165,4,186|134|237|219,102.84024635737475,
166,4,93|134|237|219,102.397353817592,
167,5,186|93|134|237|219,102.96946955838779,
168,3,216|237|219,102.26144696311555,
169,4,186|216|237|219,102.83354447861566,
170,4,93|216|237|219,102.40723628066173,
171,5,186|93|216|237|219,102.97935202145753,
172,4,134|216|237|219,102.29960669819442,
173,5,186|134|216|237|219,102.8717042828454,
174,5,93|134|216|237|219,102.40808579910879,
175,6,186|93|134|216|237|219,102.98020153990457,
176,3,138|237|219,102.06772779330002,
177,4,186|138|237|219,102.63982564249407,
178,4,93|138|237|219,102.34775193825547,
179,5,186|93|138|237|219,102.91986768046435,
180,4,134|138|237|219,102.29632988821366,
181,5,186|134|138|237|219,102.86842773807646,
182,5,93|134|138|237|219,102.40211806590987,
183,6,186|93|134|138|237|219,102.97423139460562,
184,4,216|138|237|219,102.30692396961301,
185,5,186|216|138|237|219,102.87902153826674,
186,5,93|216|138|237|219,102.41198194140762,
187,6,186|93|216|138|237|219,102.9840976836165,
188,5,134|216|138|237|219,102.32720819670264,
189,6,186|134|216|138|237|219,102.89930576602512,
190,6,93|134|216|138|237|219,102.41283626274426,
191,7,186|93|134|216|138|237|219,102.98494959144001,
192,2,28|219,102.0597182609755,
193,3,186|28|219,102.6318568225944,
194,3,93|28|219,102.35403313396858,
195,4,186|93|28|219,102.9261588699016,
196,3,134|28|219,102.26809554553309,
197,4,186|134|28|219,102.8402089878672,
198,4,93|134|28|219,102.39731959129469,
199,5,186|93|134|28|219,102.96944532722769,
200,3,216|28|219,102.26139782892176,
201,4,186|216|28|219,102.83350809091532,
202,4,93|216|28|219,102.40720224285839,
203,5,186|93|216|28|219,102.97932797879137,
204,4,134|216|28|219,102.29957647779379,
205,5,186|134|216|28|219,102.87168210828347,
206,5,93|134|216|28|219,102.40805176130544,
207,6,186|93|134|216|28|219,102.98017749723842,
208,3,138|28|219,102.12251000125013,
209,4,186|138|28|219,102.69462460597587,
210,4,93|138|28|219,102.35877930079442,
211,5,186|93|138|28|219,102.93090499851552,
212,4,134|138|28|219,102.29629430517775,
213,5,186|134|138|28|219,102.86840390235537,
214,5,93|134|138|28|219,102.4020850955069,
215,6,186|93|134|138|28|219,102.9742086336812,
216,4,216|138|28|219,102.30690864682553,
217,5,186|216|138|28|219,102.8790103701497,
218,5,93|216|138|28|219,102.41194829915155,
219,6,186|93|216|138|28|219,102.98407399687265,
220,5,134|216|138|28|219,102.32719519224113,
221,6,186|134|216|138|28|219,102.89929700892719,
222,6,93|134|216|138|28|219,102.41280348084132,
223,7,186|93|134|216|138|28|219,102.98492701901557,
224,3,237|28|219,102.05986889164173,
225,4,186|237|28|219,102.63196677579376,
226,4,93|237|28|219,102.35406723440147,
227,5,186|93|237|28|219,102.92618297519726,
228,4,134|237|28|219,102.26814849218181,
229,5,186|134|237|28|219,102.84024635737475,
230,5,93|134|237|28|219,102.397353817592,
231,6,186|93|134|237|28|219,102.96946955838779,
232,4,216|237|28|219,102.26144696311555,
233,5,186|216|237|28|219,102.83354447861566,
234,5,93|216|237|28|219,102.40723628066173,
235,6,186|93|216|237|28|219,102.97935202145753,
236,5,134|216|237|28|219,102.29960669819442,
237,6,186|134|216|237|28|219,102.8717042828454,
238,6,93|134|216|237|28|219,102.40808579910879,
239,7,186|93|134|216|237|28|219,102.98020153990457,
240,4,138|237|28|219,102.12258429082948,
241,5,186|138|237|28|219,102.6946821400235,
242,5,93|138|237|28|219,102.35881300568003,
243,6,186|93|138|237|28|219,102.93092874788891,
244,5,134|138|237|28|219,102.29632988821366,
245,6,186|134|138|237|28|219,102.86842773807646,
246,6,93|134|138|237|28|219,102.40211806590987,
247,7,186|93|134|138|237|28|219,102.97423139460562,
248,5,216|138|237|28|219,102.30692396961301,
249,6,186|216|138|237|28|219,102.87902153826674,
250,6,93|216|138|237|28|219,102.41198194140762,
251,7,186|93|216|138|237|28|219,102.9840976836165,
252,6,134|216|138|237|28|219,102.32720819670264,
253,7,186|134|216|138|237|28|219,102.89930576602512,
254,7,93|134|216|138|237|28|219,102.41283626274426,
255,8,186|93|134|216|138|237|28|219,102.98494959144001,
256,1,130,101.98553634765801,
257,2,186|130,102.55766596258488,
258,2,93|130,102.34118811690489,
259,3,186|93|130,102.91331385283787,
260,2,134|130,102.2651368948796,
261,3,186|134|130,102.83725033721372,
262,3,93|134|130,102.39561306948849,
263,4,186|93|134|130,102.96773880542148,
264,2,216|130,102.26032612997857,
265,3,186|216|130,102.83243639197211,
266,3,93|216|130,102.40608417990755,
267,4,186|93|216|130,102.9782099130553,
268,3,134|216|130,102.29850534856688,
269,4,186|134|216|130,102.87061097905652,
270,4,93|134|216|130,102.40693189487584,
271,5,186|93|134|216|130,102.97905763080884,
272,2,138|130,102.06552345760568,
273,3,186|138|130,102.63763541699396,
274,3,93|138|130,102.34593428514789,
275,4,186|93|138|130,102.918059982869,
276,3,134|138|130,102.2934570522391,
277,4,186|134|138|130,102.86556664941673,
278,4,93|134|138|130,102.40037417761829,
279,5,186|93|134|138|130,102.9724977157926,
280,3,216|138|130,102.30583667945486,
281,4,186|216|138|130,102.87793840277902,
282,4,93|216|138|130,102.41083023620072,
283,5,186|93|216|138|130,102.98295593113654,
284,4,134|216|138|130,102.32612406303024,
285,5,186|134|216|138|130,102.89822587971629,
286,5,93|134|216|138|130,102.41168361434615,
287,6,186|93|134|216|138|130,102.98380715252044,
288,2,237|130,101.98563690724333,
289,3,186|237|130,102.55773479338677,
290,3,93|237|130,102.34122268533447,
291,4,186|93|237|130,102.91333842613025,
292,3,134|237|130,102.26518984152834,
293,4,186|134|237|130,102.83728770672127,
294,4,93|134|237|130,102.3956472957858,
295,5,186|93|134|237|130,102.96776303658159,
296,3,216|237|130,102.26037526417235,
297,4,186|216|237|130,102.83247277967246,
298,4,93|216|237|130,102.40611805133034,
299,5,186|93|216|237|130,102.97823379212612,
300,4,134|216|237|130,102.29853556896748,
301,5,186|134|216|237|130,102.87063315361848,
302,5,93|134|216|237|130,102.40696593267919,
303,6,186|93|134|216|237|130,102.979081673475,
304,3,138|237|130,102.06557051193627,
305,4,186|138|237|130,102.63766836113032,
306,4,93|138|237|130,102.34596845803019,
307,5,186|93|138|237|130,102.91808420023908,
308,4,134|138|237|130,102.29349263527503,
309,5,186|134|138|237|130,102.8655904851378,
310,5,93|134|138|237|130,102.40040714802124,
311,6,186|93|134|138|237|130,102.97252047671698,
312,4,216|138|237|130,102.30585200224232,
313,5,186|216|138|237|130,102.87794957089606,
314,5,93|216|138|237|130,102.41086371207622,
315,6,186|93|216|138|237|130,102.98297945428509,
316,5,134|216|138|237|130,102.32613706749176,
317,6,186|134|216|138|237|130,102.89823463681427,
318,6,93|134|216|138|237|130,102.41171639624912,
319,7,186|93|134|216|138|237|130,102.98382972494485,
320,2,28|130,102.05750583133171,
321,3,186|28|130,102.62964439295058,
322,3,93|28|130,102.35226847706878,
323,4,186|93|28|130,102.92439421300178,
324,3,134|28|130,102.2651368948796,
325,4,186|134|28|130,102.83725033721372,
326,4,93|134|28|130,102.39561306948849,
327,5,186|93|134|28|130,102.96773880542148,
328,3,216|28|130,102.26032612997857,
329,4,186|216|28|130,102.83243639197211,
330,4,93|216|28|130,102.40608417990755,
331,5,186|93|216|28|130,102.9782099130553,
332,4,134|216|28|130,102.29850534856688,
333,5,186|134|216|28|130,102.87061097905652,
334,5,93|134|216|28|130,102.40693189487584,
335,6,186|93|134|216|28|130,102.97905763080884,
336,3,138|28|130,102.12037374226459,
337,4,186|138|28|130,102.69248834699033,
338,4,93|138|28|130,102.35701464389459,
339,5,186|93|138|28|130,102.92914034161568,
340,4,134|138|28|130,102.2934570522391,
341,5,186|134|138|28|130,102.86556664941673,
342,5,93|134|138|28|130,102.40037417761829,
343,6,186|93|134|138|28|130,102.9724977157926,
344,4,216|138|28|130,102.30583667945486,
345,5,186|216|138|28|130,102.87793840277902,
346,5,93|216|138|28|130,102.41083023620072,
347,6,186|93|216|138|28|130,102.98295593113654,
348,5,134|216|138|28|130,102.32612406303024,
349,6,186|134|216|138|28|130,102.89822587971629,
350,6,93|134|216|138|28|130,102.41168361434615,
351,7,186|93|134|216|138|28|130,102.98380715252044,
352,3,237|28|130,102.05765646199794,
353,4,186|237|28|130,102.62975434614997,
354,4,93|237|28|130,102.35230257750166,
355,5,186|93|237|28|130,102.92441831829744,
356,4,134|237|28|130,102.26518984152834,
357,5,186|134|237|28|130,102.83728770672127,
358,5,93|134|237|28|130,102.3956472957858,
359,6,186|93|134|237|28|130,102.96776303658159,
360,4,216|237|28|130,102.26037526417235,
361,5,186|216|237|28|130,102.83247277967246,
362,5,93|216|237|28|130,102.40611805133034,
363,6,186|93|216|237|28|130,102.97823379212612,
364,5,134|216|237|28|130,102.29853556896748,
365,6,186|134|216|237|28|130,102.87063315361848,
366,6,93|134|216|237|28|130,102.40696593267919,
367,7,186|93|134|216|237|28|130,102.979081673475,
368,4,138|237|28|130,102.12044803184394,
369,5,186|138|237|28|130,102.69254588103799,
370,5,93|138|237|28|130,102.3570483487802,
371,6,186|93|138|237|28|130,102.92916409098909,
372,5,134|138|237|28|130,102.29349263527503,
373,6,186|134|138|237|28|130,102.8655904851378,
374,6,93|134|138|237|28|130,102.40040714802124,
375,7,186|93|134|138|237|28|130,102.97252047671698,
376,5,216|138|237|28|130,102.30585200224232,
377,6,186|216|138|237|28|130,102.87794957089606,
378,6,93|216|138|237|28|130,102.41086371207622,
379,7,186|93|216|138|237|28|130,102.98297945428509,
380,6,134|216|138|237|28|130,102.32613706749176,
381,7,186|134|216|138|237|28|130,102.89823463681427,
382,7,93|134|216|138|237|28|130,102.41171639624912,
383,8,186|93|134|216|138|237|28|130,102.98382972494485,
384,2,219|130,101.98782373594494,
385,3,186|219|130,102.55995335087185,
386,3,93|219|130,102.34297159713017,
387,4,186|93|219|130,102.91509733306317,
388,3,134|219|130,102.26809554553309,
389,4,186|134|219|130,102.8402089878672,
390,4,93|134|219|130,102.39731959129469,
391,5,186|93|134|219|130,102.96944532722769,
392,3,216|219|130,102.26139782892176,
393,4,186|216|219|130,102.83350809091532,
394,4,93|216|219|130,102.40720224285839,
395,5,186|93|216|219|130,102.97932797879137,
396,4,134|216|219|130,102.29957647779379,
397,5,186|134|216|219|130,102.87168210828347,
398,5,93|134|216|219|130,102.40805176130544,
399,6,186|93|134|216|219|130,102.98017749723842,
400,3,138|219|130,102.06768073896944,
401,4,186|138|219|130,102.63979269835768,
402,4,93|138|219|130,102.34771776537319,
403,5,186|93|138|219|130,102.91984346309428,
404,4,134|138|219|130,102.29629430517775,
405,5,186|134|138|219|130,102.86840390235537,
406,5,93|134|138|219|130,102.4020850955069,
407,6,186|93|134|138|219|130,102.9742086336812,
408,4,216|138|219|130,102.30690864682553,
409,5,186|216|138|219|130,102.8790103701497,
410,5,93|216|138|219|130,102.41194829915155,
411,6,186|93|216|138|219|130,102.98407399687265,
412,5,134|216|138|219|130,102.32719519224113,
413,6,186|134|216|138|219|130,102.89929700892719,
414,6,93|134|216|138|219|130,102.41280348084132,
415,7,186|93|134|216|138|219|130,102.98492701901557,
416,3,237|219|130,101.98792429553032,
417,4,186|237|219|130,102.56002218167374,
418,4,93|237|219|130,102.34300616555974,
419,5,186|93|237|219|130,102.91512190635554,
420,4,134|237|219|130,102.26814849218181,
421,5,186|134|237|219|130,102.84024635737475,
422,5,93|134|237|219|130,102.397353817592,
423,6,186|93|134|237|219|130,102.96946955838779,
424,4,216|237|219|130,102.26144696311555,
425,5,186|216|237|219|130,102.83354447861566,
426,5,93|216|237|219|130,102.40723628066173,
427,6,186|93|216|237|219|130,102.97935202145753,
428,5,134|216|237|219|130,102.29960669819442,
429,6,186|134|216|237|219|130,102.8717042828454,
430,6,93|134|216|237|219|130,102.40808579910879,
431,7,186|93|134|216|237|219|130,102.98020153990457,
432,4,138|237|219|130,102.06772779330002,
433,5,186|138|237|219|130,102.63982564249407,
434,5,93|138|237|219|130,102.34775193825547,
435,6,186|93|138|237|219|130,102.91986768046435,
436,5,134|138|237|219|130,102.29632988821366,
437,6,186|134|138|237|219|130,102.86842773807646,
438,6,93|134|138|237|219|130,102.40211806590987,
439,7,186|93|134|138|237|219|130,102.97423139460562,
440,5,216|138|237|219|130,102.30692396961301,
441,6,186|216|138|237|219|130,102.87902153826674,
442,6,93|216|138|237|219|130,102.41198194140762,
443,7,186|93|216|138|237|219|130,102.9840976836165,
444,6,134|216|138|237|219|130,102.32720819670264,
445,7,186|134|216|138|237|219|130,102.89930576602512,
446,7,93|134|216|138|237|219|130,102.41283626274426,
447,8,186|93|134|216|138|237|219|130,102.98494959144001,
448,3,28|219|130,102.0597182609755,
449,4,186|28|219|130,102.6318568225944,
450,4,93|28|219|130,102.35403313396858,
451,5,186|93|28|219|130,102.9261588699016,
452,4,134|28|219|130,102.26809554553309,
453,5,186|134|28|219|130,102.8402089878672,
454,5,93|134|28|219|130,102.39731959129469,
455,6,186|93|134|28|219|130,102.96944532722769,
456,4,216|28|219|130,102.26139782892176,
457,5,186|216|28|219|130,102.83350809091532,
458,5,93|216|28|219|130,102.40720224285839,
459,6,186|93|216|28|219|130,102.97932797879137,
460,5,134|216|28|219|130,102.29957647779379,
461,6,186|134|216|28|219|130,102.87168210828347,
462,6,93|134|216|28|219|130,102.40805176130544,
463,7,186|93|134|216|28|219|130,102.98017749723842,
464,4,138|28|219|130,102.12251000125013,
465,5,186|138|28|219|130,102.69462460597587,
466,5,93|138|28|219|130,102.35877930079442,
467,6,186|93|138|28|219|130,102.93090499851552,
468,5,134|138|28|219|130,102.29629430517775,
469,6,186|134|138|28|219|130,102.86840390235537,
470,6,93|134|138|28|219|130,102.4020850955069,
471,7,186|93|134|138|28|219|130,102.9742086336812,
472,5,216|138|28|219|130,102.30690864682553,
473,6,186|216|138|28|219|130,102.8790103701497,
474,6,93|216|138|28|219|130,102.41194829915155,
475,7,186|93|216|138|28|219|130,102.98407399687265,
476,6,134|216|138|28|219|130,102.32719519224113,
477,7,186|134|216|138|28|219|130,102.89929700892719,
478,7,93|134|216|138|28|219|130,102.41280348084132,
479,8,186|93|134|216|138|28|219|130,102.98492701901557,
480,4,237|28|219|130,102.05986889164173,
481,5,186|237|28|219|130,102.63196677579376,
482,5,93|237|28|219|130,102.35406723440147,
483,6,186|93|237|28|219|130,102.92618297519726,
484,5,134|237|28|219|130,102.26814849218181,
485,6,186|134|237|28|219|130,102.84024635737475,
486,6,93|134|237|28|219|130,102.397353817592,
487,7,186|93|134|237|28|219|130,102.96946955838779,
488,5,216|237|28|219|130,102.26144696311555,
489,6,186|216|237|28|219|130,102.83354447861566,
490,6,93|216|237|28|219|130,102.40723628066173,
491,7,186|93|216|237|28|219|130,102.97935202145753,
492,6,134|216|237|28|219|130,102.29960669819442,
493,7,186|134|216|237|28|219|130,102.8717042828454,
494,7,93|134|216|237|28|219|130,102.40808579910879,
495,8,186|93|134|216|237|28|219|130,102.98020153990457,
496,5,138|237|28|219|130,102.12258429082948,
497,6,186|138|237|28|219|130,102.6946821400235,
498,6,93|138|237|28|219|130,102.35881300568003,
499,7,186|93|138|237|28|219|130,102.93092874788891,
500,6,134|138|237|28|219|130,102.29632988821366,
501,7,186|134|138|237|28|219|130,102.86842773807646,
502,7,93|134|138|237|28|219|130,102.40211806590987,
503,8,186|93|134|138|237|28|219|130,102.97423139460562,
504,6,216|138|237|28|219|130,102.30692396961301,
505,7,186|216|138|237|28|219|130,102.87902153826674,
506,7,93|216|138|237|28|219|130,102.41198194140762,
507,8,186|93|216|138|237|28|219|130,102.9840976836165,
508,7,134|216|138|237|28|219|130,102.32720819670264,
509,8,186|134|216|138|237|28|219|130,102.89930576602512,
510,8,93|134|216|138|237|28|219|130,102.41283626274426,
511,9,186|93|134|216|138|237|28|219|130,102.98494959144001,
512,1,161,101.98553634765801,
513,2,186|161,102.55766596258488,
514,2,93|161,102.34118811690489,
515,3,186|93|161,102.91331385283787,
516,2,134|161,102.2651368948796,
517,3,186|134|161,102.83725033721372,
518,3,93|134|161,102.39561306948849,
519,4,186|93|134|161,102.96773880542148,
520,2,216|161,102.26032612997857,
521,3,186|216|161,102.83243639197211,
522,3,93|216|161,102.40608417990755,
523,4,186|93|216|161,102.9782099130553,
524,3,134|216|161,102.29850534856688,
525,4,186|134|216|161,102.87061097905652,
526,4,93|134|216|161,102.40693189487584,
527,5,186|93|134|216|161,102.97905763080884,
528,2,138|161,102.06552345760568,
529,3,186|138|161,102.63763541699396,
530,3,93|138|161,102.34593428514789,
531,4,186|93|138|161,102.918059982869,
532,3,134|138|161,102.2934570522391,
533,4,186|134|138|161,102.86556664941673,
534,4,93|134|138|161,102.40037417761829,
535,5,186|93|134|138|161,102.9724977157926,
536,3,216|138|161,102.30583667945486,
537,4,186|216|138|161,102.87793840277902,
538,4,93|216|138|161,102.41083023620072,
539,5,186|93|216|138|161,102.98295593113654,
540,4,134|216|138|161,102.32612406303024,
541,5,186|134|216|138|161,102.89822587971629,
542,5,93|134|216|138|161,102.41168361434615,
543,6,186|93|134|216|138|161,102.98380715252044,
544,2,237|161,101.98563690724333,
545,3,186|237|161,102.55773479338677,
546,3,93|237|161,102.34122268533447,
547,4,186|93|237|161,102.91333842613025,
548,3,134|237|161,102.26518984152834,
549,4,186|134|237|161,102.83728770672127,
550,4,93|134|237|161,102.3956472957858,
551,5,186|93|134|237|161,102.96776303658159,
552,3,216|237|161,102.26037526417235,
553,4,186|216|237|161,102.83247277967246,
554,4,93|216|237|161,102.40611805133034,
555,5,186|93|216|237|161,102.97823379212612,
556,4,134|216|237|161,102.29853556896748,
557,5,186|134|216|237|161,102.87063315361848,
558,5,93|134|216|237|161,102.40696593267919,
559,6,186|93|134|216|237|161,102.979081673475,
560,3,138|237|161,102.06557051193627,
561,4,186|138|237|161,102.63766836113032,
562,4,93|138|237|161,102.34596845803019,
563,5,186|93|138|237|161,102.91808420023908,
564,4,134|138|237|161,102.29349263527503,
565,5,186|134|138|237|161,102.8655904851378,
566,5,93|134|138|237|161,102.40040714802124,
567,6,186|93|134|138|237|161,102.97252047671698,
568,4,216|138|237|161,102.30585200224232,
569,5,186|216|138|237|161,102.87794957089606,
570,5,93|216|138|237|161,102.41086371207622,
571,6,186|93|216|138|237|161,102.98297945428509,
572,5,134|216|138|237|161,102.32613706749176,
573,6,186|134|216|138|237|161,102.89823463681427,
574,6,93|134|216|138|237|161,102.41171639624912,
575,7,186|93|134|216|138|237|161,102.98382972494485,
576,2,28|161,102.05750583133171,
577,3,186|28|161,102.62964439295058,
578,3,93|28|161,102.35226847706878,
579,4,186|93|28|161,102.92439421300178,
580,3,134|28|161,102.2651368948796,
581,4,186|134|28|161,102.83725033721372,
582,4,93|134|28|161,102.39561306948849,
583,5,186|93|134|28|161,102.96773880542148,
584,3,216|28|161,102.26032612997857,
585,4,186|216|28|161,102.83243639197211,
586,4,93|216|28|161,102.40608417990755,
587,5,186|93|216|28|161,102.9782099130553,
588,4,134|216|28|161,102.29850534856688,
589,5,186|134|216|28|161,102.87061097905652,
590,5,93|134|216|28|161,102.40693189487584,
591,6,186|93|134|216|28|161,102.97905763080884,
592,3,138|28|161,102.12037374226459,
593,4,186|138|28|161,102.69248834699033,
594,4,93|138|28|161,102.35701464389459,
595,5,186|93|138|28|161,102.92914034161568,
596,4,134|138|28|161,102.2934570522391,
597,5,186|134|138|28|161,102.86556664941673,
598,5,93|134|138|28|161,102.40037417761829,
599,6,186|93|134|138|28|161,102.9724977157926,
600,4,216|138|28|161,102.30583667945486,
601,5,186|216|138|28|161,102.87793840277902,
602,5,93|216|138|28|161,102.41083023620072,
603,6,186|93|216|138|28|161,102.98295593113654,
604,5,134|216|138|28|161,102.32612406303024,
605,6,186|134|216|138|28|161,102.89822587971629,
606,6,93|134|216|138|28|161,102.41168361434615,
607,7,186|93|134|216|138|28|161,102.98380715252044,
608,3,237|28|161,102.05765646199794,
609,4,186|237|28|161,102.62975434614997,
610,4,93|237|28|161,102.35230257750166,
611,5,186|93|237|28|161,102.92441831829744,
612,4,134|237|28|161,102.26518984152834,
613,5,186|134|237|28|161,102.83728770672127,
614,5,93|134|237|28|161,102.3956472957858,
615,6,186|93|134|237|28|161,102.96776303658159,
616,4,216|237|28|161,102.26037526417235,
617,5,186|216|237|28|161,102.83247277967246,
618,5,93|216|237|28|161,102.40611805133034,
619,6,186|93|216|237|28|161,102.97823379212612,
620,5,134|216|237|28|161,102.29853556896748,
621,6,186|134|216|237|28|161,102.87063315361848,
622,6,93|134|216|237|28|161,102.40696593267919,
623,7,186|93|134|216|237|28|161,102.979081673475,
624,4,138|237|28|161,102.12044803184394,
625,5,186|138|237|28|161,102.69254588103799,
626,5,93|138|237|28|161,102.3570483487802,
627,6,186|93|138|237|28|161,102.92916409098909,
628,5,134|138|237|28|161,102.29349263527503,
629,6,186|134|138|237|28|161,102.8655904851378,
630,6,93|134|138|237|28|161,102.40040714802124,
631,7,186|93|134|138|237|28|161,102.97252047671698,
632,5,216|138|237|28|161,102.30585200224232,
633,6,186|216|138|237|28|161,102.87794957089606,
634,6,93|216|138|237|28|161,102.41086371207622,
635,7,186|93|216|138|237|28|161,102.98297945428509,
636,6,134|216|138|237|28|161,102.32613706749176,
637,7,186|134|216|138|237|28|161,102.89823463681427,
638,7,93|134|216|138|237|28|161,102.41171639624912,
639,8,186|93|134|216|138|237|28|161,102.98382972494485,
640,2,219|161,101.98782373594494,
641,3,186|219|161,102.55995335087185,
642,3,93|219|161,102.34297159713017,
643,4,186|93|219|161,102.91509733306317,
644,3,134|219|161,102.26809554553309,
645,4,186|134|219|161,102.8402089878672,
646,4,93|134|219|161,102.39731959129469,
647,5,186|93|134|219|161,102.96944532722769,
648,3,216|219|161,102.26139782892176,
649,4,186|216|219|161,102.83350809091532,
650,4,93|216|219|161,102.40720224285839,
651,5,186|93|216|219|161,102.97932797879137,
652,4,134|216|219|161,102.29957647779379,
653,5,186|134|216|219|161,102.87168210828347,
654,5,93|134|216|219|161,102.40805176130544,
655,6,186|93|134|216|219|161,102.98017749723842,
656,3,138|219|161,102.06768073896944,
657,4,186|138|219|161,102.63979269835768,
658,4,93|138|219|161,102.34771776537319,
659,5,186|93|138|219|161,102.91984346309428,
660,4,134|138|219|161,102.29629430517775,
661,5,186|134|138|219|161,102.86840390235537,
662,5,93|134|138|219|161,102.4020850955069,
663,6,186|93|134|138|219|161,102.9742086336812,
664,4,216|138|219|161,102.30690864682553,
665,5,186|216|138|219|161,102.8790103701497,
666,5,93|216|138|219|161,102.41194829915155,
667,6,186|93|216|138|219|161,102.98407399687265,
668,5,134|216|138|219|161,102.32719519224113,
669,6,186|134|216|138|219|161,102.89929700892719,
670,6,93|134|216|138|219|161,102.41280348084132,
671,7,186|93|134|216|138|219|161,102.98492701901557,
672,3,237|219|161,101.98792429553032,
673,4,186|237|219|161,102.56002218167374,
674,4,93|237|219|161,102.34300616555974,
675,5,186|93|237|219|161,102.91512190635554,
676,4,134|237|219|161,102.26814849218181,
677,5,186|134|237|219|161,102.84024635737475,
678,5,93|134|237|219|161,102.397353817592,
679,6,186|93|134|237|219|161,102.96946955838779,
680,4,216|237|219|161,102.26144696311555,
681,5,186|216|237|219|161,102.83354447861566,
682,5,93|216|237|219|161,102.40723628066173,
683,6,186|93|216|237|219|161,102.97935202145753,
684,5,134|216|237|219|161,102.29960669819442,
685,6,186|134|216|237|219|161,102.8717042828454,
686,6,93|134|216|237|219|161,102.40808579910879,
687,7,186|93|134|216|237|219|161,102.98020153990457,
688,4,138|237|219|161,102.06772779330002,
689,5,186|138|237|219|161,102.63982564249407,
690,5,93|138|237|219|161,102.34775193825547,
691,6,186|93|138|237|219|161,102.91986768046435,
692,5,134|138|237|219|161,102.29632988821366,
693,6,186|134|138|237|219|161,102.86842773807646,
694,6,93|134|138|237|219|161,102.40211806590987,
695,7,186|93|134|138|237|219|161,102.97423139460562,
696,5,216|138|237|219|161,102.30692396961301,
697,6,186|216|138|237|219|161,102.87902153826674,
698,6,93|216|138|237|219|161,102.41198194140762,
699,7,186|93|216|138|237|219|161,102.9840976836165,
700,6,134|216|138|237|219|161,102.32720819670264,
701,7,186|134|216|138|237|219|161,102.89930576602512,
702,7,93|134|216|138|237|219|161,102.41283626274426,
703,8,186|93|134|216|138|237|219|161,102.98494959144001,
704,3,28|219|161,102.0597182609755,
705,4,186|28|219|161,102.6318568225944,
706,4,93|28|219|161,102.35403313396858,
707,5,186|93|28|219|161,102.9261588699016,
708,4,134|28|219|161,102.26809554553309,
709,5,186|134|28|219|161,102.8402089878672,
710,5,93|134|28|219|161,102.39731959129469,
711,6,186|93|134|28|219|161,102.96944532722769,
712,4,216|28|219|161,102.26139782892176,
713,5,186|216|28|219|161,102.83350809091532,
714,5,93|216|28|219|161,102.40720224285839,
715,6,186|93|216|28|219|161,102.97932797879137,
716,5,134|216|28|219|161,102.29957647779379,
717,6,186|134|216|28|219|161,102.87168210828347,
718,6,93|134|216|28|219|161,102.40805176130544,
719,7,186|93|134|216|28|219|161,102.98017749723842,
720,4,138|28|219|161,102.12251000125013,
721,5,186|138|28|219|161,102.69462460597587,
722,5,93|138|28|219|161,102.35877930079442,
723,6,186|93|138|28|219|161,102.93090499851552,
724,5,134|138|28|219|161,102.29629430517775,
725,6,186|134|138|28|219|161,102.86840390235537,
726,6,93|134|138|28|219|161,102.4020850955069,
727,7,186|93|134|138|28|219|161,102.9742086336812,
728,5,216|138|28|219|161,102.30690864682553,
729,6,186|216|138|28|219|161,102.8790103701497,
730,6,93|216|138|28|219|161,102.41194829915155,
731,7,186|93|216|138|28|219|161,102.98407399687265,
732,6,134|216|138|28|219|161,102.32719519224113,
733,7,186|134|216|138|28|219|161,102.89929700892719,
734,7,93|134|216|138|28|219|161,102.41280348084132,
735,8,186|93|134|216|138|28|219|161,102.98492701901557,
736,4,237|28|219|161,102.05986889164173,
737,5,186|237|28|219|161,102.63196677579376,
738,5,93|237|28|219|161,102.35406723440147,
739,6,186|93|237|28|219|161,102.92618297519726,
740,5,134|237|28|219|161,102.26814849218181,
741,6,186|134|237|28|219|161,102.84024635737475,
742,6,93|134|237|28|219|161,102.397353817592,
743,7,186|93|134|237|28|219|161,102.96946955838779,
744,5,216|237|28|219|161,102.26144696311555,
745,6,186|216|237|28|219|161,102.83354447861566,
746,6,93|216|237|28|219|161,102.40723628066173,
747,7,186|93|216|237|28|219|161,102.97935202145753,
748,6,134|216|237|28|219|161,102.29960669819442,
749,7,186|134|216|237|28|219|161,102.8717042828454,
750,7,93|134|216|237|28|219|161,102.40808579910879,
751,8,186|93|134|216|237|28|219|161,102.98020153990457,
752,5,138|237|28|219|161,102.12258429082948,
753,6,186|138|237|28|219|161,102.6946821400235,
754,6,93|138|237|28|219|161,102.35881300568003,
755,7,186|93|138|237|28|219|161,102.93092874788891,
756,6,134|138|237|28|219|161,102.29632988821366,
757,7,186|134|138|237|28|219|161,102.86842773807646,
758,7,93|134|138|237|28|219|161,102.40211806590987,
759,8,186|93|134|138|237|28|219|161,102.97423139460562,
760,6,216|138|237|28|219|161,102.30692396961301,
761,7,186|216|138|237|28|219|161,102.87902153826674,
762,7,93|216|138|237|28|219|161,102.41198194140762,
763,8,186|93|216|138|237|28|219|161,102.9840976836165,
764,7,134|216|138|237|28|219|161,102.32720819670264,
765,8,186|134|216|138|237|28|219|161,102.89930576602512,
766,8,93|134|216|138|237|28|219|161,102.41283626274426,
767,9,186|93|134|216|138|237|28|219|161,102.98494959144001,
768,2,130|161,101.98553634765801,
769,3,186|130|161,102.55766596258488,
770,3,93|130|161,102.34118811690489,
771,4,186|93|130|161,102.91331385283787,
772,3,134|130|161,102.2651368948796,
773,4,186|134|130|161,102.83725033721372,
774,4,93|134|130|161,102.39561306948849,
775,5,186|93|134|130|161,102.96773880542148,
776,3,216|130|161,102.26032612997857,
777,4,186|216|130|161,102.83243639197211,
778,4,93|216|130|161,102.40608417990755,
779,5,186|93|216|130|161,102.9782099130553,
780,4,134|216|130|161,102.29850534856688,
781,5,186|134|216|130|161,102.87061097905652,
782,5,93|134|216|130|161,102.40693189487584,
783,6,186|93|134|216|130|161,102.97905763080884,
784,3,138|130|161,102.06552345760568,
785,4,186|138|130|161,102.63763541699396,
786,4,93|138|130|161,102.34593428514789,
787,5,186|93|138|130|161,102.918059982869,
788,4,134|138|130|161,102.2934570522391,
789,5,186|134|138|130|161,102.86556664941673,
790,5,93|134|138|130|161,102.40037417761829,
791,6,186|93|134|138|130|161,102.9724977157926,
792,4,216|138|130|161,102.30583667945486,
793,5,186|216|138|130|161,102.87793840277902,
794,5,93|216|138|130|161,102.41083023620072,
795,6,186|93|216|138|130|161,102.98295593113654,
796,5,134|216|138|130|161,102.32612406303024,
797,6,186|134|216|138|130|161,102.89822587971629,
798,6,93|134|216|138|130|161,102.41168361434615,
799,7,186|93|134|216|138|130|161,102.98380715252044,
800,3,237|130|161,101.98563690724333,
801,4,186|237|130|161,102.55773479338677,
802,4,93|237|130|161,102.34122268533447,
803,5,186|93|237|130|161,102.91333842613025,
804,4,134|237|130|161,102.26518984152834,
805,5,186|134|237|130|161,102.83728770672127,
806,5,93|134|237|130|161,102.3956472957858,
807,6,186|93|134|237|130|161,102.96776303658159,
808,4,216|237|130|161,102.26037526417235,
809,5,186|216|237|130|161,102.83247277967246,
810,5,93|216|237|130|161,102.40611805133034,
811,6,186|93|216|237|130|161,102.97823379212612,
812,5,134|216|237|130|161,102.29853556896748,
813,6,186|134|216|237|130|161,102.87063315361848,
814,6,93|134|216|237|130|161,102.40696593267919,
815,7,186|93|134|216|237|130|161,102.979081673475,
816,4,138|237|130|161,102.06557051193627,
817,5,186|138|237|130|161,102.63766836113032,
818,5,93|138|237|130|161,102.34596845803019,
819,6,186|93|138|237|130|161,102.91808420023908,
820,5,134|138|237|130|161,102.29349263527503,
821,6,186|134|138|237|130|161,102.8655904851378,
822,6,93|134|138|237|130|161,102.40040714802124,
823,7,186|93|134|138|237|130|161,102.97252047671698,
824,5,216|138|237|130|161,102.30585200224232,
825,6,186|216|138|237|130|161,102.87794957089606,
826,6,93|216|138|237|130|161,102.41086371207622,
827,7,186|93|216|138|237|130|161,102.98297945428509,
828,6,134|216|138|237|130|161,102.32613706749176,
829,7,186|134|216|138|237|130|161,102.89823463681427,
830,7,93|134|216|138|237|130|161,102.41171639624912,
831,8,186|93|134|216|138|237|130|161,102.98382972494485,
832,3,28|130|161,102.05750583133171,
833,4,186|28|130|161,102.62964439295058,
834,4,93|28|130|161,102.35226847706878,
835,5,186|93|28|130|161,102.92439421300178,
836,4,134|28|130|161,102.2651368948796,
837,5,186|134|28|130|161,102.83725033721372,
838,5,93|134|28|130|161,102.39561306948849,
839,6,186|93|134|28|130|161,102.96773880542148,
840,4,216|28|130|161,102.26032612997857,
841,5,186|216|28|130|161,102.83243639197211,
842,5,93|216|28|130|161,102.40608417990755,
843,6,186|93|216|28|130|161,102.9782099130553,
844,5,134|216|28|130|161,102.29850534856688,
845,6,186|134|216|28|130|161,102.87061097905652,
846,6,93|134|216|28|130|161,102.40693189487584,
847,7,186|93|134|216|28|130|161,102.97905763080884,
848,4,138|28|130|161,102.12037374226459,
849,5,186|138|28|130|161,102.69248834699033,
850,5,93|138|28|130|161,102.35701464389459,
851,6,186|93|138|28|130|161,102.92914034161568,
852,5,134|138|28|130|161,102.2934570522391,
853,6,186|134|138|28|130|161,102.86556664941673,
854,6,93|134|138|28|130|161,102.40037417761829,
855,7,186|93|134|138|28|130|161,102.9724977157926,
856,5,216|138|28|130|161,102.30583667945486,
857,6,186|216|138|28|130|161,102.87793840277902,
858,6,93|216|138|28|130|161,102.41083023620072,
859,7,186|93|216|138|28|130|161,102.98295593113654,
860,6,134|216|138|28|130|161,102.32612406303024,
861,7,186|134|216|138|28|130|161,102.89822587971629,
862,7,93|134|216|138|28|130|161,102.41168361434615,
863,8,186|93|134|216|138|28|130|161,102.98380715252044,
864,4,237|28|130|161,102.05765646199794,
865,5,186|237|28|130|161,102.62975434614997,
866,5,93|237|28|130|161,102.35230257750166,
867,6,186|93|237|28|130|161,102.92441831829744,
868,5,134|237|28|130|161,102.26518984152834,
869,6,186|134|237|28|130|161,102.83728770672127,
870,6,93|134|237|28|130|161,102.3956472957858,
871,7,186|93|134|237|28|130|161,102.96776303658159,
872,5,216|237|28|130|161,102.26037526417235,
873,6,186|216|237|28|130|161,102.83247277967246,
874,6,93|216|237|28|130|161,102.40611805133034,
875,7,186|93|216|237|28|130|161,102.97823379212612,
876,6,134|216|237|28|130|161,102.29853556896748,
877,7,186|134|216|237|28|130|161,102.87063315361848,
878,7,93|134|216|237|28|130|161,102.40696593267919,
879,8,186|93|134|216|237|28|130|161,102.979081673475,
880,5,138|237|28|130|161,102.12044803184394,
881,6,186|138|237|28|130|161,102.69254588103799,
882,6,93|138|237|28|130|161,102.3570483487802,
883,7,186|93|138|237|28|130|161,102.92916409098909,
884,6,134|138|237|28|130|161,102.29349263527503,
885,7,186|134|138|237|28|130|161,102.8655904851378,
886,7,93|134|138|237|28|130|161,102.40040714802124,
887,8,186|93|134|138|237|28|130|161,102.97252047671698,
888,6,216|138|237|28|130|161,102.30585200224232,
889,7,186|216|138|237|28|130|161,102.87794957089606,
890,7,93|216|138|237|28|130|161,102.41086371207622,
891,8,186|93|216|138|237|28|130|161,102.98297945428509,
892,7,134|216|138|237|28|130|161,102.32613706749176,
893,8,186|134|216|138|237|28|130|161,102.89823463681427,
894,8,93|134|216|138|237|28|130|161,102.41171639624912,
895,9,186|93|134|216|138|237|28|130|161,102.98382972494485,
896,3,219|130|161,101.98782373594494,
897,4,186|219|130|161,102.55995335087185,
898,4,93|219|130|161,102.34297159713017,
899,5,186|93|219|130|161,102.91509733306317,
900,4,134|219|130|161,102.26809554553309,
901,5,186|134|219|130|161,102.8402089878672,
902,5,93|134|219|130|161,102.39731959129469,
903,6,186|93|134|219|130|161,102.96944532722769,
904,4,216|219|130|161,102.26139782892176,
905,5,186|216|219|130|161,102.83350809091532,
906,5,93|216|219|130|161,102.40720224285839,
907,6,186|93|216|219|130|161,102.97932797879137,
908,5,134|216|219|130|161,102.29957647779379,
909,6,186|134|216|219|130|161,102.87168210828347,
910,6,93|134|216|219|130|161,102.40805176130544,
911,7,186|93|134|216|219|130|161,102.98017749723842,
912,4,138|219|130|161,102.06768073896944,
913,5,186|138|219|130|161,102.63979269835768,
914,5,93|138|219|130|161,102.34771776537319,
915,6,186|93|138|219|130|161,102.91984346309428,
916,5,134|138|219|130|161,102.29629430517775,
917,6,186|134|138|219|130|161,102.86840390235537,
918,6,93|134|138|219|130|161,102.4020850955069,
919,7,186|93|134|138|219|130|161,102.9742086336812,
920,5,216|138|219|130|161,102.30690864682553,
921,6,186|216|138|219|130|161,102.8790103701497,
922,6,93|216|138|219|130|161,102.41194829915155,
923,7,186|93|216|138|219|130|161,102.98407399687265,
924,6,134|216|138|219|130|161,102.32719519224113,
925,7,186|134|216|138|219|130|161,102.89929700892719,
926,7,93|134|216|138|219|130|161,102.41280348084132,
927,8,186|93|134|216|138|219|130|161,102.98492701901557,
928,4,237|219|130|161,101.98792429553032,
929,5,186|237|219|130|161,102.56002218167374,
930,5,93|237|219|130|161,102.34300616555974,
931,6,186|93|237|219|130|161,102.91512190635554,
932,5,134|237|219|130|161,102.26814849218181,
933,6,186|134|237|219|130|161,102.84024635737475,
934,6,93|134|237|219|130|161,102.397353817592,
935,7,186|93|134|237|219|130|161,102.96946955838779,
936,5,216|237|219|130|161,102.26144696311555,
937,6,186|216|237|219|130|161,102.83354447861566,
938,6,93|216|237|219|130|161,102.40723628066173,
939,7,186|93|216|237|219|130|161,102.97935202145753,
940,6,134|216|237|219|130|161,102.29960669819442,
941,7,186|134|216|237|219|130|161,102.8717042828454,
942,7,93|134|216|237|219|130|161,102.40808579910879,
943,8,186|93|134|216|237|219|130|161,102.98020153990457,
944,5,138|237|219|130|161,102.06772779330002,
945,6,186|138|237|219|130|161,102.63982564249407,
946,6,93|138|237|219|130|161,102.34775193825547,
947,7,186|93|138|237|219|130|161,102.91986768046435,
948,6,134|138|237|219|130|161,102.29632988821366,
949,7,186|134|138|237|219|130|161,102.86842773807646,
950,7,93|134|138|237|219|130|161,102.40211806590987,
951,8,186|93|134|138|237|219|130|161,102.97423139460562,
952,6,216|138|237|219|130|161,102.30692396961301,
953,7,186|216|138|237|219|130|161,102.87902153826674,
954,7,93|216|138|237|219|130|161,102.41198194140762,
955,8,186|93|216|138|237|219|130|161,102.9840976836165,
956,7,134|216|138|237|219|130|161,102.32720819670264,
957,8,186|134|216|138|237|219|130|161,102.89930576602512,
958,8,93|134|216|138|237|219|130|161,102.41283626274426,
959,9,186|93|134|216|138|237|219|130|161,102.98494959144001,
960,4,28|219|130|161,102.0597182609755,
961,5,186|28|219|130|161,102.6318568225944,
962,5,93|28|219|130|161,102.35403313396858,
963,6,186|93|28|219|130|161,102.9261588699016,
964,5,134|28|219|130|161,102.26809554553309,
965,6,186|134|28|219|130|161,102.8402089878672,
966,6,93|134|28|219|130|161,102.39731959129469,
967,7,186|93|134|28|219|130|161,102.96944532722769,
968,5,216|28|219|130|161,102.26139782892176,
969,6,186|216|28|219|130|161,102.83350809091532,
970,6,93|216|28|219|130|161,102.40720224285839,
971,7,186|93|216|28|219|130|161,102.97932797879137,
972,6,134|216|28|219|130|161,102.29957647779379,
973,7,186|134|216|28|219|130|161,102.87168210828347,
974,7,93|134|216|28|219|130|161,102.40805176130544,
975,8,186|93|134|216|28|219|130|161,102.98017749723842,
976,5,138|28|219|130|161,102.12251000125013,
977,6,186|138|28|219|130|161,102.69462460597587,
978,6,93|138|28|219|130|161,102.35877930079442,
979,7,186|93|138|28|219|130|161,102.93090499851552,
980,6,134|138|28|219|130|161,102.29629430517775,
981,7,186|134|138|28|219|130|161,102.86840390235537,
982,7,93|134|138|28|219|130|161,102.4020850955069,
983,8,186|93|134|138|28|219|130|161,102.9742086336812,
984,6,216|138|28|219|130|161,102.30690864682553,
985,7,186|216|138|28|219|130|161,102.8790103701497,
986,7,93|216|138|28|219|130|161,102.41194829915155,
987,8,186|93|216|138|28|219|130|161,102.98407399687265,
988,7,134|216|138|28|219|130|161,102.32719519224113,
989,8,186|134|216|138|28|219|130|161,102.89929700892719,
990,8,93|134|216|138|28|219|130|161,102.41280348084132,
991,9,186|93|134|216|138|28|219|130|161,102.98492701901557,
992,5,237|28|219|130|161,102.05986889164173,
993,6,186|237|28|219|130|161,102.63196677579376,
994,6,93|237|28|219|130|161,102.35406723440147,
995,7,186|93|237|28|219|130|161,102.92618297519726,
996,6,134|237|28|219|130|161,102.26814849218181,
997,7,186|134|237|28|219|130|161,102.84024635737475,
998,7,93|134|237|28|219|130|161,102.397353817592,
999,8,186|93|134|237|28|219|130|161,102.96946955838779,
1000,6,216|237|28|219|130|161,102.26144696311555,
1001,7,186|216|237|28|219|130|161,102.83354447861566,
1002,7,93|216|237|28|219|130|161,102.40723628066173,
1003,8,186|93|216|237|28|219|130|161,102.97935202145753,
1004,7,134|216|237|28|219|130|161,102.29960669819442,
1005,8,186|134|216|237|28|219|130|161,102.8717042828454,
1006,8,93|134|216|237|28|219|130|161,102.40808579910879,
1007,9,186|93|134|216|237|28|219|130|161,102.98020153990457,
1008,6,138|237|28|219|130|161,102.12258429082948,
1009,7,186|138|237|28|219|130|161,102.6946821400235,
1010,7,93|138|237|28|219|130|161,102.35881300568003,
1011,8,186|93|138|237|28|219|130|161,102.93092874788891,
1012,7,134|138|237|28|219|130|161,102.29632988821366,
1013,8,186|134|138|237|28|219|130|161,102.86842773807646,
1014,8,93|134|138|237|28|219|130|161,102.40211806590987,
1015,9,186|93|134|138|237|28|219|130|161,102.97423139460562,
1016,7,216|138|237|28|219|130|161,102.30692396961301,
1017,8,186|216|138|237|28|219|130|161,102.87902153826674,
1018,8,93|216|138|237|28|219|130|161,102.41198194140762,
1019,9,186|93|216|138|237|28|219|130|161,102.9840976836165,
1020,8,134|216|138|237|28|219|130|161,102.32720819670264,
1021,9,186|134|216|138|237|28|219|130|161,102.89930576602512,
1022,9,93|134|216|138|237|28|219|130|161,102.41283626274426,
1023,10,186|93|134|216|138|237|28|219|130|161,102.98494959144001,
