from_zone,to_zone,edge_source,polygon_distance_feet,centroid_distance_miles,fallback_travel_time_min
2,30,spatial_adjacency,0.0,1.0270781807213507,5.135390903606754
2,132,spatial_adjacency,0.0,3.1452480969111383,15.726240484555692
3,242,spatial_adjacency,0.0,1.2325248625004617,6.162624312502309
3,185,spatial_adjacency,0.0,0.784947091670741,3.9247354583537044
3,32,spatial_adjacency,0.0,0.9162387627103086,4.581193813551543
3,184,spatial_adjacency,0.0,2.089039247740358,10.44519623870179
3,51,spatial_adjacency,0.0,1.1986370017720918,5.993185008860459
3,81,spatial_adjacency,0.0,1.2684377338047903,6.342188669023951
3,254,spatial_adjacency,0.0,1.3613907396205454,6.806953698102727
4,232,spatial_adjacency,0.0,0.6988896594302756,3.494448297151378
4,148,spatial_adjacency,0.0,0.8031126353026996,4.015563176513498
4,79,spatial_adjacency,0.0,0.5412258121103908,2.706129060551954
4,224,spatial_adjacency,0.0,0.5570838671393881,2.7854193356969406
5,84,spatial_adjacency,0.0,1.654710613937032,8.273553069685159
5,204,spatial_adjacency,0.0,1.3265504608011773,6.632752304005887
5,99,spatial_adjacency,0.0,1.6674107090559187,8.337053545279593
6,118,spatial_adjacency,0.0,3.357080222197707,16.785401110988538
6,214,spatial_adjacency,0.0,1.1811420033665534,5.905710016832767
6,115,spatial_adjacency,0.0,1.4821122678655678,7.410561339327839
6,221,spatial_adjacency,0.0,1.2766920917263442,6.3834604586317205
7,193,spatial_adjacency,0.0,1.1730047853204995,5.865023926602497
7,226,spatial_adjacency,0.0,1.6625426048940781,8.31271302447039
7,260,spatial_adjacency,0.0,1.3826561480480757,6.913280740240379
7,146,spatial_adjacency,0.0,0.9385517436761515,4.692758718380758
7,207,spatial_adjacency,0.0,1.0810227351360169,5.405113675680084
7,179,spatial_adjacency,0.0,0.830030302651122,4.150151513255611
7,223,spatial_adjacency,0.0,1.3306509217180358,6.653254608590179
8,179,spatial_adjacency,0.0,0.5552317442814487,2.7761587214072434
8,223,spatial_adjacency,0.0,0.9306087436719422,4.6530437183597115
9,121,spatial_adjacency,0.0,1.741414403526769,8.707072017633845
9,98,spatial_adjacency,0.0,1.2738235216746985,6.369117608373492
9,192,spatial_adjacency,0.0,1.5172552612245507,7.586276306122754
9,73,spatial_adjacency,0.0,1.037057928905174,5.18528964452587
9,16,spatial_adjacency,0.0,1.1104910361383529,5.552455180691764
9,171,spatial_adjacency,0.0,1.646772335022918,8.23386167511459
10,219,spatial_adjacency,0.0,1.8095206001962738,9.047603000981368
10,218,spatial_adjacency,0.0,1.0552869479604758,5.276434739802379
10,216,spatial_adjacency,0.0,1.5081772864921292,7.540886432460646
10,205,spatial_adjacency,0.0,1.689023175573288,8.44511587786644
10,215,spatial_adjacency,0.0,1.0677630992232343,5.338815496116172
11,67,spatial_adjacency,0.0,1.109750852161534,5.54875426080767
11,14,spatial_adjacency,0.0,1.844101779748589,9.220508898742944
11,22,spatial_adjacency,0.0,0.8450564000439835,4.225282000219917
12,88,spatial_adjacency,0.0,0.21448958187684167,1.0724479093842083
12,261,spatial_adjacency,0.0,0.44767370494061914,2.238368524703096
12,13,spatial_adjacency,0.0,0.6279567991442221,3.1397839957211104
13,12,spatial_adjacency,0.0,0.6279567991442221,3.1397839957211104
13,261,spatial_adjacency,0.0,0.2564588495798985,1.2822942478994925
13,231,spatial_adjacency,0.0,0.584739683764877,2.923698418824385
14,11,spatial_adjacency,0.0,1.844101779748589,9.220508898742944
14,67,spatial_adjacency,0.0,0.9193118768313339,4.596559384156669
14,227,spatial_adjacency,0.0,1.7733865558755835,8.866932779377917
14,228,spatial_adjacency,0.0,2.136327052381702,10.68163526190851
15,16,spatial_adjacency,0.0,1.5662620439178399,7.831310219589199
15,171,spatial_adjacency,0.0,1.611706162607209,8.058530813036045
15,252,spatial_adjacency,0.0,1.5925701905957559,7.962850952978779
16,98,spatial_adjacency,0.0,1.9613702832274122,9.80685141613706
16,175,spatial_adjacency,0.0,1.7000956986138775,8.500478493069389
16,9,spatial_adjacency,0.0,1.1104910361383529,5.552455180691764
16,64,spatial_adjacency,0.0,1.794298970084395,8.971494850421976
16,171,spatial_adjacency,0.0,1.934394179173777,9.671970895868885
16,15,spatial_adjacency,0.0,1.5662620439178399,7.831310219589199
17,61,spatial_adjacency,0.0,1.301199405324907,6.505997026624534
17,49,spatial_adjacency,0.0,0.6984660776696711,3.492330388348355
17,217,spatial_adjacency,0.0,0.9703504685066388,4.851752342533193
17,80,spatial_adjacency,0.0,1.784717801778617,8.923589008893083
17,225,spatial_adjacency,0.0,0.9739567403006242,4.8697837015031205
17,37,spatial_adjacency,0.0,1.4729213964901062,7.364606982450531
18,20,spatial_adjacency,0.0,0.7197688321507472,3.598844160753736
18,47,spatial_adjacency,107.69818774089309,1.800570558080004,9.00285279040002
18,94,spatial_adjacency,0.0,0.8198811647959854,4.099405823979927
18,136,spatial_adjacency,0.0,0.840598067894007,4.202990339470035
18,174,spatial_adjacency,0.0,0.8760623540683716,4.380311770341858
18,241,spatial_adjacency,0.0,0.6725545158271687,3.362772579135844
19,191,spatial_adjacency,0.0,1.5876384996350013,7.938192498175007
19,175,spatial_adjacency,0.0,1.5492627976479993,7.746313988239996
19,101,spatial_adjacency,0.0,1.0947630290684907,5.473815145342453
19,64,spatial_adjacency,0.0,1.8572086073002325,9.286043036501162
20,78,spatial_adjacency,0.0,0.8847428752003568,4.423714376001784
20,31,spatial_adjacency,0.0,0.5444226182281604,2.722113091140802
20,18,spatial_adjacency,0.0,0.7197688321507472,3.598844160753736
20,47,spatial_adjacency,0.0,1.284128573185435,6.420642865927175
20,94,spatial_adjacency,0.0,0.7165736568028802,3.5828682840144013
20,174,spatial_adjacency,0.0,1.3830614962894858,6.915307481447429
21,123,spatial_adjacency,0.0,1.0151377436405151,5.075688718202576
21,178,spatial_adjacency,0.0,1.2977738593528554,6.4888692967642765
21,108,spatial_adjacency,0.0,0.9055735534200229,4.527867767100115
21,22,spatial_adjacency,0.0,0.9664863627107443,4.832431813553722
21,26,spatial_adjacency,0.0,2.054659896833016,10.27329948416508
22,11,spatial_adjacency,0.0,0.8450564000439835,4.225282000219917
22,67,spatial_adjacency,0.0,1.1007004762288408,5.503502381144204
22,21,spatial_adjacency,0.0,0.9664863627107443,4.832431813553722
22,26,spatial_adjacency,0.0,1.3382474558731965,6.691237279365982
23,99,spatial_adjacency,0.0,2.204695282112288,11.02347641056144
23,118,spatial_adjacency,0.0,2.420342257316217,12.101711286581086
23,251,spatial_adjacency,0.0,2.5004226442880366,12.502113221440183
23,187,spatial_adjacency,0.0,2.179425246788081,10.897126233940405
23,156,spatial_adjacency,0.0,1.7260378233747515,8.630189116873758
24,43,spatial_adjacency,0.0,1.3451112354123318,6.725556177061659
24,151,spatial_adjacency,0.0,0.31046258359052825,1.5523129179526411
24,41,spatial_adjacency,0.0,0.7615634776465132,3.807817388232566
24,166,spatial_adjacency,0.0,0.5520923953160725,2.7604619765803626
25,181,spatial_adjacency,0.0,1.081499877937999,5.4074993896899946
25,106,spatial_adjacency,0.0,0.869620408328655,4.348102041643275
25,40,spatial_adjacency,0.0,0.6815047025538931,3.4075235127694654
25,52,spatial_adjacency,0.0,0.5617249697937157,2.8086248489685786
25,97,spatial_adjacency,0.0,0.688805648157967,3.444028240789835
25,65,spatial_adjacency,0.0,0.6695788729782902,3.347894364891451
25,33,spatial_adjacency,0.0,0.8498099469376138,4.249049734688069
26,67,spatial_adjacency,0.0,1.535702660802628,7.67851330401314
26,178,spatial_adjacency,0.0,1.3469697132626268,6.7348485663131346
26,89,spatial_adjacency,0.0,1.5326766582933702,7.663383291466851
26,21,spatial_adjacency,0.0,2.054659896833016,10.27329948416508
26,22,spatial_adjacency,0.0,1.3382474558731965,6.691237279365982
26,133,spatial_adjacency,0.0,0.933611238834247,4.6680561941712355
26,111,spatial_adjacency,0.0,1.4643360375193222,7.321680187596611
26,227,spatial_adjacency,0.0,1.1296740297407353,5.648370148703676
27,201,spatial_adjacency,0.0,3.583403496919904,17.91701748459952
28,197,spatial_adjacency,0.0,1.656270552446112,8.281352762230561
28,130,spatial_adjacency,0.0,0.9210955635236194,4.605477817618097
28,134,spatial_adjacency,0.0,1.07741122680029,5.38705613400145
28,93,spatial_adjacency,0.0,2.6213537059542187,13.106768529771093
28,131,spatial_adjacency,0.0,1.8235454873663899,9.117727436831949
28,121,spatial_adjacency,0.0,1.2010655437451778,6.005327718725889
28,135,spatial_adjacency,0.0,1.3300556030802602,6.650278015401301
29,150,spatial_adjacency,0.0,0.9258061076738231,4.629030538369116
29,210,spatial_adjacency,0.0,1.331777515280346,6.658887576401729
29,123,spatial_adjacency,0.0,1.3234299233376912,6.617149616688456
29,55,spatial_adjacency,0.0,1.4324332543108869,7.162166271554435
29,108,spatial_adjacency,0.0,1.1821120382848127,5.9105601914240635
30,2,spatial_adjacency,0.0,1.0270781807213507,5.135390903606754
31,78,spatial_adjacency,0.0,1.027309020746194,5.1365451037309695
31,242,spatial_adjacency,0.0,1.5037708506243537,7.518854253121768
31,185,spatial_adjacency,0.0,1.1283411201238336,5.641705600619168
31,20,spatial_adjacency,0.0,0.5444226182281604,2.722113091140802
31,32,spatial_adjacency,0.0,0.7023586299568239,3.5117931497841193
31,174,spatial_adjacency,0.0,1.3509330038195468,6.754665019097734
31,254,spatial_adjacency,0.0,1.8938978238038076,9.469489119019038
31,240,spatial_adjacency,0.0,2.5656949193210656,12.828474596605329
32,185,spatial_adjacency,0.0,0.8611392762129997,4.305696381064998
32,31,spatial_adjacency,0.0,0.7023586299568239,3.5117931497841193
32,3,spatial_adjacency,0.0,0.9162387627103086,4.581193813551543
32,254,spatial_adjacency,0.0,1.2909491596431537,6.454745798215769
33,54,spatial_adjacency,0.0,0.716831493767957,3.5841574688397846
33,25,spatial_adjacency,0.0,0.8498099469376138,4.249049734688069
33,52,spatial_adjacency,0.0,0.6358828940299788,3.1794144701498936
33,65,spatial_adjacency,0.0,0.4823398468965514,2.4116992344827572
33,66,spatial_adjacency,0.0,0.6709701943854801,3.3548509719274007
34,49,spatial_adjacency,0.0,1.0028673585600796,5.014336792800398
34,217,spatial_adjacency,0.0,0.6941457370249443,3.470728685124721
34,256,spatial_adjacency,0.0,0.9107880186439643,4.553940093219822
34,97,spatial_adjacency,0.0,0.7213590805524306,3.606795402762153
34,66,spatial_adjacency,0.0,0.7682608045580485,3.841304022790242
35,61,spatial_adjacency,0.0,1.687536361724285,8.437681808621424
35,72,spatial_adjacency,0.0,1.0208373931954893,5.104186965977447
35,177,spatial_adjacency,0.0,0.8900882572540282,4.450441286270141
35,76,spatial_adjacency,0.0,1.7696861160591146,8.848430580295574
35,77,spatial_adjacency,0.0,0.8021877457984555,4.0109387289922775
36,80,spatial_adjacency,0.0,1.4331067671814082,7.16553383590704
36,96,spatial_adjacency,0.0,2.435680306721177,12.178401533605884
36,37,spatial_adjacency,0.0,0.4494810787626688,2.247405393813344
36,198,spatial_adjacency,0.0,0.9368283928356129,4.684141964178064
37,17,spatial_adjacency,0.0,1.4729213964901062,7.364606982450531
37,80,spatial_adjacency,0.0,1.6003166962740831,8.001583481370416
37,177,spatial_adjacency,0.0,1.3444299365270473,6.722149682635236
37,225,spatial_adjacency,0.0,0.6919330199607565,3.4596650998037823
37,63,spatial_adjacency,0.0,2.43902170555275,12.19510852776375
37,96,spatial_adjacency,0.0,2.6650066487648805,13.325033243824404
37,36,spatial_adjacency,0.0,0.4494810787626688,2.247405393813344
38,203,spatial_adjacency,0.0,2.526196817265129,12.630984086325645
38,139,spatial_adjacency,0.0,1.2742203741922289,6.371101870961144
38,205,spatial_adjacency,0.0,1.4652698446367298,7.32634922318365
38,191,spatial_adjacency,0.0,1.4902378010076136,7.451189005038068
39,155,spatial_adjacency,0.0,1.8124271537111774,9.062135768555887
39,91,spatial_adjacency,0.0,1.7906844922718468,8.953422461359233
39,72,spatial_adjacency,0.0,1.542032195930676,7.710160979653379
39,222,spatial_adjacency,0.0,1.121477522999763,5.6073876149988156
39,76,spatial_adjacency,0.0,1.986578334870948,9.932891674354739
40,106,spatial_adjacency,0.0,0.4813800339251366,2.406900169625683
40,228,spatial_adjacency,0.0,2.01960502575887,10.098025128794351
40,195,spatial_adjacency,0.0,0.7388621790562543,3.6943108952812715
40,54,spatial_adjacency,0.0,0.6620566717929222,3.310283358964611
40,25,spatial_adjacency,0.0,0.6815047025538931,3.4075235127694654
40,52,spatial_adjacency,0.0,0.5157938094338267,2.5789690471691338
41,43,spatial_adjacency,0.0,1.6834821555770145,8.417410777885072
41,75,spatial_adjacency,0.0,1.0301782297999298,5.150891148999649
41,24,spatial_adjacency,0.0,0.7615634776465132,3.807817388232566
41,74,spatial_adjacency,0.0,0.7631797967363677,3.8158989836818384
41,166,spatial_adjacency,0.0,0.652998245860126,3.2649912293006302
41,152,spatial_adjacency,0.0,0.9502966607207842,4.751483303603921
41,42,spatial_adjacency,0.0,1.1078101085211902,5.539050542605951
42,41,spatial_adjacency,0.0,1.1078101085211902,5.539050542605951
42,74,spatial_adjacency,0.0,1.1927367461011844,5.963683730505922
42,166,spatial_adjacency,0.0,1.2569232250474216,6.2846161252371076
42,152,spatial_adjacency,0.0,0.6822978979722981,3.411489489861491
42,116,spatial_adjacency,0.0,0.7280228372501384,3.640114186250692
42,244,spatial_adjacency,55.46052885270426,1.618539904510989,8.092699522554945
42,120,spatial_adjacency,0.0,2.037401568978609,10.187007844893046
43,237,spatial_adjacency,0.0,0.9565196839786961,4.78259841989348
43,163,spatial_adjacency,0.0,1.3961895904641168,6.980947952320584
43,142,spatial_adjacency,0.0,1.0366926900776088,5.183463450388044
43,239,spatial_adjacency,0.0,0.6934657923117047,3.467328961558523
43,238,spatial_adjacency,0.0,0.7482659823178355,3.7413299115891774
43,236,spatial_adjacency,0.0,0.4697193164879869,2.3485965824399346
43,75,spatial_adjacency,0.0,1.1615488902200426,5.807744451100213
43,151,spatial_adjacency,0.0,1.0772553909229994,5.386276954614997
43,24,spatial_adjacency,0.0,1.3451112354123318,6.725556177061659
43,41,spatial_adjacency,0.0,1.6834821555770145,8.417410777885072
44,84,spatial_adjacency,0.0,2.4244381005763818,12.122190502881908
44,204,spatial_adjacency,0.0,1.6973084485012229,8.486542242506115
44,99,spatial_adjacency,0.0,4.320870693632888,21.60435346816444
45,232,spatial_adjacency,0.0,0.8095655463266653,4.047827731633326
45,148,spatial_adjacency,0.0,0.5873349483760116,2.9366747418800583
45,209,spatial_adjacency,0.0,0.37202157233151173,1.8601078616575588
45,231,spatial_adjacency,0.0,0.6287274806903564,3.143637403451782
45,144,spatial_adjacency,0.0,0.585246658381158,2.9262332919057896
47,167,spatial_adjacency,0.0,1.0567153166519196,5.283576583259598
47,69,spatial_adjacency,0.0,1.098184702909257,5.490923514546285
47,78,spatial_adjacency,0.0,0.7901906710674083,3.9509533553370417
47,20,spatial_adjacency,0.0,1.284128573185435,6.420642865927175
47,18,spatial_adjacency,107.69818774089309,1.800570558080004,9.00285279040002
47,59,spatial_adjacency,0.0,0.4024472722751975,2.0122363613759875
47,169,spatial_adjacency,0.0,0.502976694088443,2.514883470442215
47,94,spatial_adjacency,0.0,1.0639093206362582,5.319546603181291
48,68,spatial_adjacency,0.0,1.0906086602298914,5.4530433011494575
48,246,spatial_adjacency,0.0,0.9662841699490843,4.831420849745421
48,100,spatial_adjacency,0.0,0.6056221077774927,3.0281105388874634
48,230,spatial_adjacency,0.0,0.34067105588810054,1.7033552794405027
48,163,spatial_adjacency,0.0,0.6612406933165276,3.306203466582638
48,50,spatial_adjacency,0.0,0.3907079254145644,1.953539627072822
48,142,spatial_adjacency,0.0,0.8982511351251501,4.49125567562575
48,143,spatial_adjacency,0.0,0.9532080866082387,4.766040433041194
49,61,spatial_adjacency,0.0,1.5286789066789042,7.64339453339452
49,189,spatial_adjacency,0.0,0.7638913116258191,3.819456558129096
49,17,spatial_adjacency,0.0,0.6984660776696711,3.492330388348355
49,34,spatial_adjacency,0.0,1.0028673585600796,5.014336792800398
49,217,spatial_adjacency,0.0,1.118164473116692,5.590822365583461
49,97,spatial_adjacency,0.0,0.6857010666725445,3.4285053333627222
50,246,spatial_adjacency,0.0,1.0064643144764582,5.032321572382291
50,48,spatial_adjacency,0.0,0.3907079254145644,1.953539627072822
50,142,spatial_adjacency,0.0,0.8773069061259484,4.386534530629742
50,143,spatial_adjacency,0.0,0.7777618197614249,3.8888090988071244
51,242,spatial_adjacency,67.17637083571465,2.2131543527050392,11.065771763525195
51,3,spatial_adjacency,0.0,1.1986370017720918,5.993185008860459
51,184,spatial_adjacency,0.0,1.1388398160445696,5.694199080222848
51,81,spatial_adjacency,0.0,0.6507828368464127,3.2539141842320634
52,54,spatial_adjacency,0.0,0.3271945336673903,1.6359726683369518
52,40,spatial_adjacency,0.0,0.5157938094338267,2.5789690471691338
52,25,spatial_adjacency,0.0,0.5617249697937157,2.8086248489685786
52,33,spatial_adjacency,0.0,0.6358828940299788,3.1794144701498936
53,138,spatial_adjacency,0.0,1.6781348559490552,8.390674279745275
53,92,spatial_adjacency,0.0,1.5506288807874733,7.753144403937366
53,252,spatial_adjacency,0.0,1.510326109849334,7.551630549246669
54,195,spatial_adjacency,0.0,0.8687944381046128,4.343972190523064
54,40,spatial_adjacency,0.0,0.6620566717929222,3.310283358964611
54,52,spatial_adjacency,0.0,0.3271945336673903,1.6359726683369518
54,33,spatial_adjacency,0.0,0.716831493767957,3.5841574688397846
55,29,spatial_adjacency,0.0,1.4324332543108869,7.162166271554435
55,108,spatial_adjacency,0.0,0.8606539415089274,4.3032697075446364
56,95,spatial_adjacency,0.0,1.4979786524010024,7.489893262005012
56,196,spatial_adjacency,0.0,1.0784860407128523,5.3924302035642615
56,82,spatial_adjacency,0.0,0.9680593024195442,4.840296512097721
56,93,spatial_adjacency,0.0,0.9450013904434358,4.7250069522171785
56,173,spatial_adjacency,0.0,0.8017035488900609,4.008517744450304
56,57,spatial_adjacency,0.0,0.7697655862811424,3.848827931405712
57,93,spatial_adjacency,0.0,1.0182353181088815,5.091176590544407
57,56,spatial_adjacency,0.0,0.7697655862811424,3.848827931405712
57,173,spatial_adjacency,0.0,0.4989598263827246,2.494799131913623
58,208,spatial_adjacency,0.0,1.262127790509176,6.3106389525458795
58,184,spatial_adjacency,0.0,1.9639560804760932,9.819780402380466
59,60,spatial_adjacency,0.0,0.5707283408830752,2.853641704415376
59,167,spatial_adjacency,0.0,0.8538931656589036,4.269465828294519
59,78,spatial_adjacency,0.0,0.6645537746744891,3.3227688733724454
59,47,spatial_adjacency,0.0,0.4024472722751975,2.0122363613759875
60,126,spatial_adjacency,0.0,1.512405620724121,7.562028103620605
60,213,spatial_adjacency,0.0,1.8322441777936027,9.161220888968014
60,212,spatial_adjacency,0.0,0.9482717208570304,4.741358604285152
60,167,spatial_adjacency,0.0,0.9712477274147375,4.856238637073687
60,248,spatial_adjacency,0.0,0.7134346486980814,3.567173243490407
60,78,spatial_adjacency,0.0,0.7572258909078502,3.786129454539251
60,242,spatial_adjacency,0.0,2.046356723299594,10.23178361649797
60,59,spatial_adjacency,0.0,0.5707283408830752,2.853641704415376
61,62,spatial_adjacency,0.0,0.740624936081853,3.7031246804092652
61,189,spatial_adjacency,0.0,1.5026631077279304,7.513315538639652
61,49,spatial_adjacency,0.0,1.5286789066789042,7.64339453339452
61,17,spatial_adjacency,0.0,1.301199405324907,6.505997026624534
61,72,spatial_adjacency,0.0,1.7685597619012126,8.842798809506062
61,35,spatial_adjacency,0.0,1.687536361724285,8.437681808621424
61,177,spatial_adjacency,0.0,1.3560783600202095,6.780391800101048
61,225,spatial_adjacency,0.0,1.022004764214188,5.11002382107094
62,188,spatial_adjacency,0.0,0.5425663083278361,2.7128315416391806
62,190,spatial_adjacency,0.0,1.1106023589306493,5.553011794653246
62,61,spatial_adjacency,0.0,0.740624936081853,3.7031246804092652
62,189,spatial_adjacency,0.0,1.2495795671187233,6.2478978355936166
62,72,spatial_adjacency,0.0,1.7033380762926333,8.516690381463167
63,177,spatial_adjacency,0.0,1.9277591295165022,9.638795647582512
63,76,spatial_adjacency,0.0,1.5821290748785435,7.9106453743927165
63,124,spatial_adjacency,0.0,2.4841412404162106,12.420706202081053
63,77,spatial_adjacency,0.0001622713932069353,1.495837391057955,7.479186955289775
63,180,spatial_adjacency,0.0,1.731432084046783,8.657160420233915
63,258,spatial_adjacency,0.0,1.2241560685230741,6.120780342615371
63,96,spatial_adjacency,0.0,0.9723014133311901,4.861507066655951
63,37,spatial_adjacency,0.0,2.43902170555275,12.19510852776375
64,19,spatial_adjacency,0.0,1.8572086073002325,9.286043036501162
64,175,spatial_adjacency,0.0,1.475236448101567,7.376182240507835
64,101,spatial_adjacency,0.0,1.7957822793896547,8.978911396948273
64,16,spatial_adjacency,0.0,1.794298970084395,8.971494850421976
65,25,spatial_adjacency,0.0,0.6695788729782902,3.347894364891451
65,97,spatial_adjacency,0.0,0.6669838043794919,3.334919021897459
65,33,spatial_adjacency,0.0,0.4823398468965514,2.4116992344827572
65,66,spatial_adjacency,0.0,0.47802067219292677,2.390103360964634
66,34,spatial_adjacency,0.0,0.7682608045580485,3.841304022790242
66,97,spatial_adjacency,0.0,0.9744375383469055,4.872187691734528
66,65,spatial_adjacency,0.0,0.47802067219292677,2.390103360964634
66,33,spatial_adjacency,0.0,0.6709701943854801,3.3548509719274007
67,11,spatial_adjacency,0.0,1.109750852161534,5.54875426080767
67,14,spatial_adjacency,0.0,0.9193118768313339,4.596559384156669
67,22,spatial_adjacency,0.0,1.1007004762288408,5.503502381144204
67,26,spatial_adjacency,0.0,1.535702660802628,7.67851330401314
67,227,spatial_adjacency,0.0,1.6099913226303548,8.049956613151773
68,90,spatial_adjacency,0.0,0.4515740318567587,2.2578701592837938
68,249,spatial_adjacency,0.0,0.968299097512579,4.841495487562895
68,158,spatial_adjacency,0.0,1.0393989772283594,5.1969948861417965
68,246,spatial_adjacency,0.0,0.39961461288701255,1.9980730644350628
68,186,spatial_adjacency,0.0,0.39257144789900156,1.962857239495008
68,100,spatial_adjacency,0.0,0.6814098925942789,3.4070494629713943
68,48,spatial_adjacency,0.0,1.0906086602298914,5.4530433011494575
69,168,spatial_adjacency,0.0,1.663496700045627,8.317483500228136
69,159,spatial_adjacency,0.0,0.9150029624332943,4.575014812166471
69,167,spatial_adjacency,0.0,0.7170158401693594,3.585079200846797
69,247,spatial_adjacency,0.0,0.5194056814582725,2.5970284072913628
69,47,spatial_adjacency,0.0,1.098184702909257,5.490923514546285
69,169,spatial_adjacency,0.0,1.3234564172603076,6.617282086301538
70,93,spatial_adjacency,0.0,2.1297210388611956,10.648605194305977
70,173,spatial_adjacency,0.0,0.7947372433713948,3.973686216856974
70,129,spatial_adjacency,0.0,0.980818306192632,4.90409153096316
70,138,spatial_adjacency,0.0,0.8086898536362613,4.043449268181306
71,89,spatial_adjacency,0.0,1.28686114755211,6.43430573776055
71,85,spatial_adjacency,0.0,0.7287987332273231,3.6439936661366157
71,188,spatial_adjacency,0.0,1.1149446134046368,5.574723067023184
71,91,spatial_adjacency,0.0,1.3100887535925418,6.550443767962709
71,72,spatial_adjacency,0.0,0.99636821253588,4.9818410626794005
72,188,spatial_adjacency,0.0,1.3950733920069163,6.975366960034581
72,62,spatial_adjacency,0.0,1.7033380762926333,8.516690381463167
72,61,spatial_adjacency,0.0,1.7685597619012126,8.842798809506062
72,91,spatial_adjacency,0.0,1.8470151615674926,9.235075807837463
72,39,spatial_adjacency,0.0,1.542032195930676,7.710160979653379
72,71,spatial_adjacency,0.0,0.99636821253588,4.9818410626794005
72,35,spatial_adjacency,0.0,1.0208373931954893,5.104186965977447
72,76,spatial_adjacency,0.0,2.4595057646176643,12.297528823088323
73,192,spatial_adjacency,0.0,0.8271243526805451,4.1356217634027255
73,9,spatial_adjacency,0.0,1.037057928905174,5.18528964452587
73,92,spatial_adjacency,0.0,1.2300671680705113,6.1503358403525565
73,171,spatial_adjacency,0.0,0.9898541059297796,4.9492705296488975
74,194,spatial_adjacency,0.0,0.9691707762487426,4.845853881243713
74,75,spatial_adjacency,0.0,0.8871825872077221,4.43591293603861
74,41,spatial_adjacency,0.0,0.7631797967363677,3.8158989836818384
74,42,spatial_adjacency,0.0,1.1927367461011844,5.963683730505922
75,262,spatial_adjacency,0.0,0.9722631755118202,4.861315877559101
75,263,spatial_adjacency,0.0,0.8235131285004765,4.117565642502383
75,236,spatial_adjacency,0.0,0.8861959696368944,4.430979848184472
75,43,spatial_adjacency,0.0,1.1615488902200426,5.807744451100213
75,41,spatial_adjacency,0.0,1.0301782297999298,5.150891148999649
75,74,spatial_adjacency,0.0,0.8871825872077221,4.43591293603861
76,39,spatial_adjacency,0.0,1.986578334870948,9.932891674354739
76,72,spatial_adjacency,0.0,2.4595057646176643,12.297528823088323
76,35,spatial_adjacency,0.0,1.7696861160591146,8.848430580295574
76,177,spatial_adjacency,0.0,2.217165064465445,11.085825322327224
76,222,spatial_adjacency,0.0,0.9706789283342311,4.853394641671155
76,124,spatial_adjacency,0.0,1.6865830048483117,8.43291502424156
76,77,spatial_adjacency,0.0,1.048807078020745,5.2440353901037255
76,63,spatial_adjacency,0.0,1.5821290748785435,7.9106453743927165
77,35,spatial_adjacency,0.0,0.8021877457984555,4.0109387289922775
77,177,spatial_adjacency,0.0,1.18551841289514,5.9275920644757
77,76,spatial_adjacency,0.0,1.048807078020745,5.2440353901037255
77,63,spatial_adjacency,0.0001622713932069353,1.495837391057955,7.479186955289775
78,60,spatial_adjacency,0.0,0.7572258909078502,3.786129454539251
78,242,spatial_adjacency,0.0,1.830498201257184,9.152491006285919
78,20,spatial_adjacency,0.0,0.8847428752003568,4.423714376001784
78,31,spatial_adjacency,0.0,1.027309020746194,5.1365451037309695
78,59,spatial_adjacency,0.0,0.6645537746744891,3.3227688733724454
78,47,spatial_adjacency,0.0,0.7901906710674083,3.9509533553370417
79,232,spatial_adjacency,0.0,0.9023259056254083,4.511629528127041
79,148,spatial_adjacency,0.0,0.653182649809291,3.265913249046455
79,144,spatial_adjacency,0.0002771615982055664,0.7403036755616997,3.701518377808499
79,4,spatial_adjacency,0.0,0.5412258121103908,2.706129060551954
79,114,spatial_adjacency,0.0,0.6027175131305165,3.0135875656525823
79,224,spatial_adjacency,0.0,0.5695346302917543,2.8476731514587716
79,113,spatial_adjacency,0.0,0.5567672647525451,2.783836323762726
79,107,spatial_adjacency,0.0,0.6427498642976861,3.2137493214884305
79,234,spatial_adjacency,0.0,0.9090299397148159,4.54514969857408
80,17,spatial_adjacency,0.0,1.784717801778617,8.923589008893083
80,217,spatial_adjacency,0.0,1.3911203092179012,6.955601546089507
80,256,spatial_adjacency,0.0,1.252362782158882,6.261813910794411
80,255,spatial_adjacency,0.0,1.1084533784452704,5.542266892226352
80,112,spatial_adjacency,0.0,1.1829081247575448,5.914540623787724
80,37,spatial_adjacency,0.0,1.6003166962740831,8.001583481370416
80,36,spatial_adjacency,0.0,1.4331067671814082,7.16553383590704
80,198,spatial_adjacency,0.0,1.940589110405683,9.702945552028414
80,157,spatial_adjacency,0.0,1.9046649858457603,9.523324929228801
80,226,spatial_adjacency,151.74835108055558,1.666912382190004,8.33456191095002
81,242,spatial_adjacency,68.70087842315095,2.4685104090176764,12.342552045088382
81,3,spatial_adjacency,0.0,1.2684377338047903,6.342188669023951
81,184,spatial_adjacency,0.0,1.7425480390072872,8.712740195036435
81,51,spatial_adjacency,0.0,0.6507828368464127,3.2539141842320634
81,254,spatial_adjacency,0.0,1.1711613214467,5.8558066072335
81,259,spatial_adjacency,0.0,1.4284395085790702,7.142197542895351
82,157,spatial_adjacency,0.0,1.701582128158112,8.507910640790561
82,160,spatial_adjacency,0.0,1.4680800894738344,7.340400447369172
82,196,spatial_adjacency,0.0,1.170674455559928,5.8533722777996395
82,83,spatial_adjacency,0.0,0.7942848809379702,3.9714244046898513
82,56,spatial_adjacency,0.0,0.9680593024195442,4.840296512097721
82,173,spatial_adjacency,0.0,1.1666678167930509,5.833339083965254
82,129,spatial_adjacency,0.0,1.3024916453261437,6.512458226630718
83,157,spatial_adjacency,0.0,1.1233285388600673,5.616642694300337
83,260,spatial_adjacency,0.0,0.8464766473220611,4.232383236610306
83,82,spatial_adjacency,0.0,0.7942848809379702,3.9714244046898513
83,129,spatial_adjacency,0.0,1.3587082892124982,6.79354144606249
84,44,spatial_adjacency,0.0,2.4244381005763818,12.122190502881908
84,204,spatial_adjacency,0.0,1.3307292455486008,6.653646227743004
84,109,spatial_adjacency,0.0,2.511550071250201,12.557750356251004
84,5,spatial_adjacency,0.0,1.654710613937032,8.273553069685159
84,99,spatial_adjacency,0.0,3.318698840818073,16.593494204090366
84,118,spatial_adjacency,0.0,4.922366758720819,24.611833793604095
85,89,spatial_adjacency,0.0,0.7501218894057019,3.750609447028509
85,188,spatial_adjacency,0.0,0.898668165621984,4.49334082810992
85,71,spatial_adjacency,0.0,0.7287987332273231,3.6439936661366157
86,117,spatial_adjacency,0.0,1.898299690379662,9.49149845189831
87,88,spatial_adjacency,0.0,0.3181659473764718,1.590829736882359
87,209,spatial_adjacency,0.0,0.254729616901724,1.2736480845086202
87,261,spatial_adjacency,0.0,0.3317845982777609,1.6589229913888044
88,12,spatial_adjacency,0.0,0.21448958187684167,1.0724479093842083
88,87,spatial_adjacency,0.0,0.3181659473764718,1.590829736882359
88,261,spatial_adjacency,0.0,0.4066813868316725,2.0334069341583625
89,178,spatial_adjacency,0.0,1.503168571733684,7.515842858668419
89,165,spatial_adjacency,0.0,1.191435581034504,5.957177905172521
89,85,spatial_adjacency,0.0,0.7501218894057019,3.750609447028509
89,188,spatial_adjacency,0.0,1.6044230780918964,8.022115390459481
89,26,spatial_adjacency,0.0,1.5326766582933702,7.663383291466851
89,133,spatial_adjacency,0.0,0.8218143116602797,4.109071558301399
89,257,spatial_adjacency,0.0,1.4053549243797365,7.026774621898683
89,190,spatial_adjacency,0.0,1.689283986453422,8.44641993226711
89,91,spatial_adjacency,0.0,1.8103301082237246,9.051650541118622
89,71,spatial_adjacency,0.0,1.28686114755211,6.43430573776055
90,113,spatial_adjacency,0.0,0.6837695732290685,3.4188478661453425
90,234,spatial_adjacency,0.0,0.36715579172435026,1.8357789586217514
90,249,spatial_adjacency,0.0,0.615223877274879,3.0761193863743954
90,68,spatial_adjacency,0.0,0.4515740318567587,2.2578701592837938
90,186,spatial_adjacency,0.0,0.4906511034914033,2.4532555174570163
91,149,spatial_adjacency,0.0,1.7526304414010414,8.763152207005207
91,165,spatial_adjacency,0.0,1.4528533513857762,7.2642667569288815
91,89,spatial_adjacency,0.0,1.8103301082237246,9.051650541118622
91,155,spatial_adjacency,0.0,1.1210755262427392,5.605377631213695
91,39,spatial_adjacency,0.0,1.7906844922718468,8.953422461359233
91,71,spatial_adjacency,0.0,1.3100887535925418,6.550443767962709
91,72,spatial_adjacency,0.0,1.8470151615674926,9.235075807837463
92,93,spatial_adjacency,0.0,1.5439573489267677,7.719786744633838
92,192,spatial_adjacency,0.0,1.394518475305601,6.972592376528005
92,73,spatial_adjacency,0.0,1.2300671680705113,6.1503358403525565
92,253,spatial_adjacency,0.0,0.6506417667092093,3.2532088335460463
92,53,spatial_adjacency,0.0,1.5506288807874733,7.753144403937366
92,171,spatial_adjacency,0.0,1.1300295881362277,5.650147940681139
92,252,spatial_adjacency,0.0,1.9935439633641856,9.967719816820928
93,134,spatial_adjacency,0.0,2.339703960739427,11.698519803697137
93,28,spatial_adjacency,0.0,2.6213537059542187,13.106768529771093
93,95,spatial_adjacency,0.0,1.3749504381827937,6.874752190913968
93,56,spatial_adjacency,0.0,0.9450013904434358,4.7250069522171785
93,173,spatial_adjacency,0.0,1.4243460482543995,7.121730241271997
93,57,spatial_adjacency,0.0,1.0182353181088815,5.091176590544407
93,135,spatial_adjacency,0.0,1.33637426683881,6.68187133419405
93,192,spatial_adjacency,0.0,1.3620896072069901,6.810448036034951
93,253,spatial_adjacency,0.0,1.3772132706965374,6.886066353482687
93,70,spatial_adjacency,0.0,2.1297210388611956,10.648605194305977
93,138,spatial_adjacency,0.0,2.891935278278213,14.459676391391065
93,92,spatial_adjacency,0.0,1.5439573489267677,7.719786744633838
94,20,spatial_adjacency,0.0,0.7165736568028802,3.5828682840144013
94,18,spatial_adjacency,0.0,0.8198811647959854,4.099405823979927
94,47,spatial_adjacency,0.0,1.0639093206362582,5.319546603181291
94,169,spatial_adjacency,0.0,0.6926066133907398,3.463033066953699
94,235,spatial_adjacency,0.0,0.9450104299005371,4.725052149502686
94,136,spatial_adjacency,0.0,0.5934449272094177,2.967224636047088
95,96,spatial_adjacency,0.0,2.1013112195031107,10.506556097515553
95,102,spatial_adjacency,0.0,1.9222217636478618,9.611108818239309
95,134,spatial_adjacency,0.0,1.3575987439551402,6.787993719775701
95,196,spatial_adjacency,0.0,0.8848065298934146,4.424032649467073
95,93,spatial_adjacency,0.0,1.3749504381827937,6.874752190913968
95,56,spatial_adjacency,0.0,1.4979786524010024,7.489893262005012
96,63,spatial_adjacency,0.0,0.9723014133311901,4.861507066655951
96,258,spatial_adjacency,0.0,1.0072704552019558,5.0363522760097785
96,102,spatial_adjacency,0.0,0.5020154714094109,2.510077357047055
96,197,spatial_adjacency,0.0,2.1409331803546747,10.704665901773375
96,134,spatial_adjacency,0.0,2.375799613058646,11.87899806529323
96,37,spatial_adjacency,0.0,2.6650066487648805,13.325033243824404
96,36,spatial_adjacency,0.0,2.435680306721177,12.178401533605884
96,198,spatial_adjacency,0.0,1.714195717457402,8.57097858728701
96,95,spatial_adjacency,0.0,2.1013112195031107,10.506556097515553
97,181,spatial_adjacency,0.0,1.4497005769310967,7.248502884655483
97,189,spatial_adjacency,0.0,0.9850529938365624,4.9252649691828125
97,49,spatial_adjacency,0.0,0.6857010666725445,3.4285053333627222
97,34,spatial_adjacency,0.0,0.7213590805524306,3.606795402762153
97,25,spatial_adjacency,0.0,0.688805648157967,3.444028240789835
97,65,spatial_adjacency,0.0,0.6669838043794919,3.334919021897459
97,66,spatial_adjacency,0.0,0.9744375383469055,4.872187691734528
98,191,spatial_adjacency,0.0,2.2884407644421594,11.442203822210796
98,131,spatial_adjacency,0.0,0.9546416994747322,4.773208497373661
98,121,spatial_adjacency,0.0,1.3882625498284704,6.941312749142352
98,175,spatial_adjacency,0.0,1.3159531639139694,6.579765819569847
98,192,spatial_adjacency,0.0,2.093672702934643,10.468363514673216
98,9,spatial_adjacency,0.0,1.2738235216746985,6.369117608373492
98,16,spatial_adjacency,0.0,1.9613702832274122,9.80685141613706
99,44,spatial_adjacency,0.0,4.320870693632888,21.60435346816444
99,84,spatial_adjacency,0.0,3.318698840818073,16.593494204090366
99,204,spatial_adjacency,0.0,2.755159071811803,13.775795359059016
99,109,spatial_adjacency,0.0,2.539722583104646,12.69861291552323
99,5,spatial_adjacency,0.0,1.6674107090559187,8.337053545279593
99,118,spatial_adjacency,0.0,2.8911034500904726,14.455517250452363
99,23,spatial_adjacency,0.0,2.204695282112288,11.02347641056144
100,68,spatial_adjacency,0.0,0.6814098925942789,3.4070494629713943
100,186,spatial_adjacency,0.0,0.39557538094138817,1.9778769047069409
100,164,spatial_adjacency,0.0,0.3903799258971319,1.9518996294856596
100,161,spatial_adjacency,0.0,0.6600005777748373,3.3000028888741864
100,230,spatial_adjacency,0.0,0.49726469493771347,2.486323474688567
100,48,spatial_adjacency,0.0,0.6056221077774927,3.0281105388874634
101,19,spatial_adjacency,0.0,1.0947630290684907,5.473815145342453
101,64,spatial_adjacency,0.0,1.7957822793896547,8.978911396948273
102,96,spatial_adjacency,0.0,0.5020154714094109,2.510077357047055
102,198,spatial_adjacency,0.0,1.379253985523321,6.896269927616605
102,160,spatial_adjacency,0.0,1.0454238859057285,5.227119429528643
102,95,spatial_adjacency,0.0,1.9222217636478618,9.611108818239309
102,196,spatial_adjacency,0.0,1.6904457995427165,8.452228997713581
106,181,spatial_adjacency,0.0,0.5312416877137839,2.6562084385689193
106,228,spatial_adjacency,0.0,1.818248397619016,9.09124198809508
106,195,spatial_adjacency,0.0,0.9836107129287055,4.918053564643528
106,40,spatial_adjacency,0.0,0.4813800339251366,2.406900169625683
106,25,spatial_adjacency,0.0,0.869620408328655,4.348102041643275
107,79,spatial_adjacency,0.0,0.6427498642976861,3.2137493214884305
107,224,spatial_adjacency,0.0,0.5218154017422384,2.609077008711192
107,113,spatial_adjacency,0.0,0.6126890139726219,3.0634450698631097
107,234,spatial_adjacency,0.0,0.41449676045868844,2.0724838022934424
107,137,spatial_adjacency,0.0,0.4685641210908444,2.342820605454222
107,170,spatial_adjacency,0.0,0.8081555043081001,4.0407775215405
107,164,spatial_adjacency,0.0,0.8128831954144551,4.064415977072276
108,29,spatial_adjacency,0.0,1.1821120382848127,5.9105601914240635
108,123,spatial_adjacency,0.0,1.2016500504307803,6.008250252153902
108,55,spatial_adjacency,0.0,0.8606539415089274,4.3032697075446364
108,21,spatial_adjacency,0.0,0.9055735534200229,4.527867767100115
109,84,spatial_adjacency,0.0,2.511550071250201,12.557750356251004
109,110,spatial_adjacency,0.0,1.2587796231153419,6.293898115576709
109,176,spatial_adjacency,0.0,1.6456406236420704,8.228203118210352
109,99,spatial_adjacency,0.0,2.539722583104646,12.69861291552323
109,118,spatial_adjacency,0.0,2.5725719296370104,12.862859648185053
110,109,spatial_adjacency,0.0,1.2587796231153419,6.293898115576709
110,176,spatial_adjacency,0.0,1.159146126268527,5.795730631342635
111,26,spatial_adjacency,0.0,1.4643360375193222,7.321680187596611
111,133,spatial_adjacency,0.0,1.0858280920140295,5.429140460070148
111,257,spatial_adjacency,0.0,0.6518732905906208,3.2593664529531043
111,227,spatial_adjacency,0.0,1.036609263629074,5.1830463181453705
111,228,spatial_adjacency,0.0,1.1057379576359814,5.528689788179906
112,80,spatial_adjacency,0.0,1.1829081247575448,5.914540623787724
112,255,spatial_adjacency,0.0,0.8464003465680336,4.2320017328401685
112,226,spatial_adjacency,163.52996293072255,1.4223891566659888,7.1119457833299435
113,79,spatial_adjacency,0.0,0.5567672647525451,2.783836323762726
113,114,spatial_adjacency,0.0,0.33407104095393164,1.6703552047696584
113,107,spatial_adjacency,0.0,0.6126890139726219,3.0634450698631097
113,234,spatial_adjacency,0.0,0.5721518950659874,2.860759475329937
113,90,spatial_adjacency,0.0,0.6837695732290685,3.4188478661453425
113,249,spatial_adjacency,0.0,0.4704749855711516,2.352374927855758
114,148,spatial_adjacency,0.00026687790116583537,0.7326317120950698,3.663158560475349
114,211,spatial_adjacency,0.0,0.3768459426573212,1.8842297132866062
114,125,spatial_adjacency,0.0,0.549018613077225,2.7450930653861247
114,144,spatial_adjacency,0.0,0.5147414416307856,2.573707208153928
114,79,spatial_adjacency,0.0,0.6027175131305165,3.0135875656525823
114,113,spatial_adjacency,0.0,0.33407104095393164,1.6703552047696584
114,249,spatial_adjacency,0.0,0.5179947038596001,2.5899735192980002
115,118,spatial_adjacency,0.0,3.215044583352954,16.075222916764773
115,6,spatial_adjacency,0.0,1.4821122678655678,7.410561339327839
115,251,spatial_adjacency,0.0,1.9736701944006736,9.868350972003368
115,221,spatial_adjacency,0.0,0.7452708335018549,3.726354167509274
115,245,spatial_adjacency,0.0,1.148163801074728,5.74081900537364
116,152,spatial_adjacency,0.0,0.681858305241843,3.409291526209215
116,42,spatial_adjacency,0.0,0.7280228372501384,3.640114186250692
116,244,spatial_adjacency,0.0,1.080583416187567,5.402917080937835
116,120,spatial_adjacency,0.0,1.6622245093615462,8.31112254680773
117,86,spatial_adjacency,0.0,1.898299690379662,9.49149845189831
117,201,spatial_adjacency,0.0,3.0412980661995284,15.206490330997642
118,84,spatial_adjacency,0.0,4.922366758720819,24.611833793604095
118,109,spatial_adjacency,0.0,2.5725719296370104,12.862859648185053
118,176,spatial_adjacency,0.0,1.780887028432965,8.904435142164825
118,172,spatial_adjacency,0.0,1.790419036688355,8.952095183441775
118,99,spatial_adjacency,0.0,2.8911034500904726,14.455517250452363
118,214,spatial_adjacency,0.0,2.497300116890867,12.486500584454333
118,6,spatial_adjacency,0.0,3.357080222197707,16.785401110988538
118,23,spatial_adjacency,0.0,2.420342257316217,12.101711286581086
118,251,spatial_adjacency,0.0,2.130678578441607,10.653392892208036
118,115,spatial_adjacency,0.0,3.215044583352954,16.075222916764773
119,247,spatial_adjacency,0.0,0.6167814940928547,3.0839074704642733
119,169,spatial_adjacency,109.26189989477771,1.3474726700914452,6.737363350457226
119,235,spatial_adjacency,0.0,1.1457528948601647,5.728764474300824
120,42,spatial_adjacency,0.0,2.037401568978609,10.187007844893046
120,116,spatial_adjacency,0.0,1.6622245093615462,8.31112254680773
120,244,spatial_adjacency,0.0,0.6800802915743317,3.4004014578716584
120,243,spatial_adjacency,0.0,0.7337111164652173,3.668555582326086
120,127,spatial_adjacency,0.0,1.4553760926849613,7.276880463424806
121,28,spatial_adjacency,0.0,1.2010655437451778,6.005327718725889
121,131,spatial_adjacency,0.0,1.4808900502621392,7.404450251310696
121,135,spatial_adjacency,0.0,0.9843054266039049,4.9215271330195245
121,98,spatial_adjacency,0.0,1.3882625498284704,6.941312749142352
121,192,spatial_adjacency,0.0,1.2578945201309297,6.289472600654649
121,9,spatial_adjacency,0.0,1.741414403526769,8.707072017633845
122,205,spatial_adjacency,0.0,1.3454242812302717,6.727121406151358
122,130,spatial_adjacency,0.0,1.7780709546827542,8.890354773413772
122,191,spatial_adjacency,0.0,1.081662033973056,5.40831016986528
122,131,spatial_adjacency,0.0,1.0463997093053439,5.231998546526719
123,29,spatial_adjacency,0.0,1.3234299233376912,6.617149616688456
123,210,spatial_adjacency,0.0,1.3674526418582706,6.837263209291353
123,149,spatial_adjacency,0.0,0.9180520568684306,4.590260284342153
123,178,spatial_adjacency,0.0,1.2386671780859355,6.193335890429678
123,165,spatial_adjacency,0.0,1.4998650557906452,7.499325278953226
123,108,spatial_adjacency,0.0,1.2016500504307803,6.008250252153902
123,21,spatial_adjacency,0.0,1.0151377436405151,5.075688718202576
124,132,spatial_adjacency,0.0,3.165335009792095,15.826675048960476
124,216,spatial_adjacency,0.0,1.8209440244976036,9.104720122488018
124,76,spatial_adjacency,0.0,1.6865830048483117,8.43291502424156
124,180,spatial_adjacency,0.0,1.2021990282934534,6.0109951414672675
124,63,spatial_adjacency,0.0,2.4841412404162106,12.420706202081053
125,231,spatial_adjacency,0.0,0.588107777417337,2.940538887086685
125,211,spatial_adjacency,0.0,0.3535269179408178,1.767634589704089
125,114,spatial_adjacency,0.0,0.549018613077225,2.7450930653861247
125,249,spatial_adjacency,0.0,0.62083533604575,3.10417668022875
125,158,spatial_adjacency,0.0,0.6085128007313493,3.042564003656746
126,213,spatial_adjacency,0.0,1.4909697163641997,7.454848581820999
126,212,spatial_adjacency,0.0,1.3725295894086265,6.862647947043133
126,60,spatial_adjacency,0.0,1.512405620724121,7.562028103620605
126,168,spatial_adjacency,0.0,1.6723301355248155,8.361650677624079
126,147,spatial_adjacency,0.0,0.87752204764321,4.387610238216049
126,167,spatial_adjacency,0.0,1.3826887519003745,6.913443759501873
127,120,spatial_adjacency,0.0,1.4553760926849613,7.276880463424806
127,243,spatial_adjacency,0.0,0.9406172395503669,4.703086197751834
127,128,spatial_adjacency,0.0,0.5094254625848649,2.5471273129243244
128,243,spatial_adjacency,0.0,1.1431826068236481,5.715913034118241
128,127,spatial_adjacency,0.0,0.5094254625848649,2.5471273129243244
128,220,spatial_adjacency,0.0,0.9968527968810876,4.984263984405438
129,260,spatial_adjacency,0.0,1.423925510272672,7.11962755136336
129,207,spatial_adjacency,0.0,0.8685315762895773,4.342657881447886
129,82,spatial_adjacency,0.0,1.3024916453261437,6.512458226630718
129,83,spatial_adjacency,0.0,1.3587082892124982,6.79354144606249
129,173,spatial_adjacency,0.0,1.213814938324881,6.069074691624405
129,70,spatial_adjacency,0.0,0.980818306192632,4.90409153096316
129,138,spatial_adjacency,0.0,1.327582219569425,6.637911097847125
129,223,spatial_adjacency,0.0,1.7427969879674923,8.713984939837461
130,216,spatial_adjacency,0.0,2.3624636548695035,11.812318274347517
130,205,spatial_adjacency,0.0,1.8568674269021295,9.284337134510647
130,197,spatial_adjacency,0.0,2.0551753606487257,10.27587680324363
130,215,spatial_adjacency,0.0,0.7040358313347655,3.520179156673828
130,134,spatial_adjacency,0.0,1.8413643162257132,9.206821581128567
130,28,spatial_adjacency,0.0,0.9210955635236194,4.605477817618097
130,122,spatial_adjacency,0.0,1.7780709546827542,8.890354773413772
130,131,spatial_adjacency,0.0,1.4643294361435477,7.321647180717739
131,130,spatial_adjacency,0.0,1.4643294361435477,7.321647180717739
131,28,spatial_adjacency,0.0,1.8235454873663899,9.117727436831949
131,122,spatial_adjacency,0.0,1.0463997093053439,5.231998546526719
131,191,spatial_adjacency,0.0,1.8500887451140071,9.250443725570037
131,121,spatial_adjacency,0.0,1.4808900502621392,7.404450251310696
131,98,spatial_adjacency,0.0,0.9546416994747322,4.773208497373661
131,175,spatial_adjacency,0.0,1.8918002072064417,9.459001036032209
132,2,spatial_adjacency,0.0,3.1452480969111383,15.726240484555692
132,203,spatial_adjacency,0.0,2.5841092267297965,12.920546133648982
132,219,spatial_adjacency,0.0,1.561962896781845,7.809814483909225
132,216,spatial_adjacency,0.0,2.654207814530258,13.27103907265129
132,124,spatial_adjacency,0.0,3.165335009792095,15.826675048960476
133,89,spatial_adjacency,0.0,0.8218143116602797,4.109071558301399
133,26,spatial_adjacency,0.0,0.933611238834247,4.6680561941712355
133,111,spatial_adjacency,0.0,1.0858280920140295,5.429140460070148
133,257,spatial_adjacency,0.0,0.9033910535219856,4.516955267609927
134,96,spatial_adjacency,0.0,2.375799613058646,11.87899806529323
134,197,spatial_adjacency,0.0,0.9393271447107867,4.696635723553934
134,130,spatial_adjacency,0.0,1.8413643162257132,9.206821581128567
134,28,spatial_adjacency,0.0,1.07741122680029,5.38705613400145
134,95,spatial_adjacency,0.0,1.3575987439551402,6.787993719775701
134,93,spatial_adjacency,0.0,2.339703960739427,11.698519803697137
135,28,spatial_adjacency,0.0,1.3300556030802602,6.650278015401301
135,93,spatial_adjacency,0.0,1.33637426683881,6.68187133419405
135,121,spatial_adjacency,0.0,0.9843054266039049,4.9215271330195245
135,192,spatial_adjacency,0.0,1.106127360433399,5.530636802166995
136,18,spatial_adjacency,0.0,0.840598067894007,4.202990339470035
136,235,spatial_adjacency,0.0,1.0252937836758624,5.126468918379312
136,94,spatial_adjacency,0.0,0.5934449272094177,2.967224636047088
136,153,spatial_adjacency,0.0,0.7747791557494871,3.8738957787474355
136,241,spatial_adjacency,0.0,0.9449879441001389,4.724939720500695
136,220,spatial_adjacency,0.0,1.2085855984471776,6.042927992235889
137,224,spatial_adjacency,0.0,0.5947080152119797,2.9735400760598982
137,107,spatial_adjacency,0.0,0.4685641210908444,2.342820605454222
137,233,spatial_adjacency,0.0,0.7268660640959008,3.634330320479504
137,170,spatial_adjacency,0.0,0.5149626275961146,2.574813137980573
138,93,spatial_adjacency,0.0,2.891935278278213,14.459676391391065
138,129,spatial_adjacency,0.0,1.327582219569425,6.637911097847125
138,70,spatial_adjacency,0.0,0.8086898536362613,4.043449268181306
138,53,spatial_adjacency,0.0,1.6781348559490552,8.390674279745275
138,199,spatial_adjacency,0.0,1.249516314823952,6.24758157411976
138,223,spatial_adjacency,0.0,1.6802217829183574,8.401108914591788
139,203,spatial_adjacency,0.0,1.351297748848048,6.75648874424024
139,219,spatial_adjacency,0.0,1.4808553323934852,7.404276661967426
139,218,spatial_adjacency,0.0,1.5520114992231666,7.760057496115833
139,205,spatial_adjacency,0.0,1.3906125804119727,6.953062902059863
139,38,spatial_adjacency,0.0,1.2742203741922289,6.371101870961144
140,229,spatial_adjacency,0.0,0.8143036543744369,4.071518271872184
140,141,spatial_adjacency,0.0,0.2760107371927074,1.380053685963537
140,262,spatial_adjacency,0.0,0.8403121141583044,4.201560570791522
140,263,spatial_adjacency,0.0,0.9371213678587296,4.685606839293648
141,229,spatial_adjacency,0.0,0.7621213263597905,3.810606631798952
141,140,spatial_adjacency,0.0,0.2760107371927074,1.380053685963537
141,237,spatial_adjacency,0.0,0.3351163947652787,1.6755819738263937
141,162,spatial_adjacency,0.0,0.9730030982564974,4.865015491282487
141,262,spatial_adjacency,0.0,0.9264734622156017,4.632367311078009
141,263,spatial_adjacency,0.0,0.9325595188815675,4.662797594407838
141,236,spatial_adjacency,0.0,0.9408392170029121,4.70419608501456
142,48,spatial_adjacency,0.0,0.8982511351251501,4.49125567562575
142,163,spatial_adjacency,0.0,0.6687837129513771,3.3439185647568856
142,50,spatial_adjacency,0.0,0.8773069061259484,4.386534530629742
142,143,spatial_adjacency,0.0,0.3587898930129163,1.7939494650645815
142,239,spatial_adjacency,0.0,0.7287309613268439,3.6436548066342196
142,43,spatial_adjacency,0.0,1.0366926900776088,5.183463450388044
143,48,spatial_adjacency,0.0,0.9532080866082387,4.766040433041194
143,50,spatial_adjacency,0.0,0.7777618197614249,3.8888090988071244
143,142,spatial_adjacency,0.0,0.3587898930129163,1.7939494650645815
143,239,spatial_adjacency,0.0,0.7266192577518532,3.633096288759266
144,45,spatial_adjacency,0.0,0.585246658381158,2.9262332919057896
144,148,spatial_adjacency,0.0,0.3436200378540251,1.7181001892701258
144,231,spatial_adjacency,0.0,0.6143185398735979,3.0715926993679896
144,211,spatial_adjacency,0.0,0.3187939253949796,1.5939696269748977
144,79,spatial_adjacency,0.0002771615982055664,0.7403036755616997,3.701518377808499
144,114,spatial_adjacency,0.0,0.5147414416307856,2.573707208153928
145,193,spatial_adjacency,0.0,1.092145045942433,5.460725229712165
145,226,spatial_adjacency,0.0,1.3771498669672881,6.885749334836441
145,146,spatial_adjacency,0.0,0.9584386534995454,4.792193267497726
146,145,spatial_adjacency,0.0,0.9584386534995454,4.792193267497726
146,193,spatial_adjacency,0.0,0.5629891302385479,2.8149456511927395
146,226,spatial_adjacency,0.0,1.2599041590451754,6.299520795225877
146,7,spatial_adjacency,0.0,0.9385517436761515,4.692758718380758
147,126,spatial_adjacency,0.0,0.87752204764321,4.387610238216049
147,168,spatial_adjacency,0.0,1.265266810801214,6.32633405400607
147,159,spatial_adjacency,0.0,0.7348052361271086,3.674026180635543
147,167,spatial_adjacency,0.0,0.5693093681546074,2.846546840773037
148,45,spatial_adjacency,0.0,0.5873349483760116,2.9366747418800583
148,232,spatial_adjacency,0.0,0.5049968737674047,2.524984368837023
148,144,spatial_adjacency,0.0,0.3436200378540251,1.7181001892701258
148,4,spatial_adjacency,0.0,0.8031126353026996,4.015563176513498
148,79,spatial_adjacency,0.0,0.653182649809291,3.265913249046455
148,114,spatial_adjacency,0.00026687790116583537,0.7326317120950698,3.663158560475349
149,210,spatial_adjacency,0.0,0.9757209355012721,4.878604677506361
149,123,spatial_adjacency,0.0,0.9180520568684306,4.590260284342153
149,165,spatial_adjacency,0.0,1.1954848918612333,5.9774244593061665
149,154,spatial_adjacency,0.0,2.519808386084075,12.599041930420375
149,155,spatial_adjacency,0.0,1.852450944835853,9.262254724179265
149,91,spatial_adjacency,0.0,1.7526304414010414,8.763152207005207
150,29,spatial_adjacency,0.0,0.9258061076738231,4.629030538369116
150,210,spatial_adjacency,0.0,0.8137184740356433,4.068592370178217
150,154,spatial_adjacency,0.0,2.3400994418397154,11.700497209198577
151,238,spatial_adjacency,0.0,0.5019164898931773,2.5095824494658863
151,43,spatial_adjacency,0.0,1.0772553909229994,5.386276954614997
151,24,spatial_adjacency,0.0,0.31046258359052825,1.5523129179526411
152,41,spatial_adjacency,0.0,0.9502966607207842,4.751483303603921
152,166,spatial_adjacency,0.0,0.7215133793984896,3.6075668969924477
152,42,spatial_adjacency,0.0,0.6822978979722981,3.411489489861491
152,116,spatial_adjacency,0.0,0.681858305241843,3.409291526209215
153,136,spatial_adjacency,0.0,0.7747791557494871,3.8738957787474355
153,220,spatial_adjacency,0.0,0.4443165961962561,2.2215829809812804
154,150,spatial_adjacency,0.0,2.3400994418397154,11.700497209198577
154,210,spatial_adjacency,0.0,1.997022965930367,9.985114829651835
154,149,spatial_adjacency,0.0,2.519808386084075,12.599041930420375
154,155,spatial_adjacency,0.0,1.5964204423458486,7.982102211729242
155,149,spatial_adjacency,0.0,1.852450944835853,9.262254724179265
155,154,spatial_adjacency,0.0,1.5964204423458486,7.982102211729242
155,91,spatial_adjacency,0.0,1.1210755262427392,5.605377631213695
155,39,spatial_adjacency,0.0,1.8124271537111774,9.062135768555887
156,23,spatial_adjacency,0.0,1.7260378233747515,8.630189116873758
156,187,spatial_adjacency,0.0,1.407062092845756,7.03531046422878
157,80,spatial_adjacency,0.0,1.9046649858457603,9.523324929228801
157,198,spatial_adjacency,0.0,1.2057703865707308,6.028851932853654
157,226,spatial_adjacency,0.0,1.5064542356460984,7.532271178230492
157,260,spatial_adjacency,0.0,1.4120292301591022,7.060146150795511
157,160,spatial_adjacency,0.0,1.233083045898203,6.165415229491015
157,82,spatial_adjacency,0.0,1.701582128158112,8.507910640790561
157,83,spatial_adjacency,0.0,1.1233285388600673,5.616642694300337
158,125,spatial_adjacency,0.0,0.6085128007313493,3.042564003656746
158,249,spatial_adjacency,0.0,0.3222200616684341,1.6111003083421704
158,68,spatial_adjacency,0.0,1.0393989772283594,5.1969948861417965
158,246,spatial_adjacency,0.0,1.2875983852260142,6.437991926130071
159,168,spatial_adjacency,0.0,0.7812746903862462,3.9063734519312314
159,147,spatial_adjacency,0.0,0.7348052361271086,3.674026180635543
159,167,spatial_adjacency,0.0,0.8428633993824575,4.214316996912288
159,69,spatial_adjacency,0.0,0.9150029624332943,4.575014812166471
160,102,spatial_adjacency,0.0,1.0454238859057285,5.227119429528643
160,198,spatial_adjacency,0.0,1.399005014881242,6.99502507440621
160,157,spatial_adjacency,0.0,1.233083045898203,6.165415229491015
160,196,spatial_adjacency,0.0,1.0299806894734727,5.149903447367363
160,82,spatial_adjacency,0.0,1.4680800894738344,7.340400447369172
161,170,spatial_adjacency,0.0,0.7107202139792924,3.553601069896462
161,164,spatial_adjacency,0.0,0.7607082589844457,3.8035412949222285
161,100,spatial_adjacency,0.0,0.6600005777748373,3.3000028888741864
161,162,spatial_adjacency,0.0,0.29515567915701607,1.4757783957850805
161,230,spatial_adjacency,0.0,0.36264248845179925,1.8132124422589961
161,163,spatial_adjacency,0.0,0.4412163298055782,2.206081649027891
162,233,spatial_adjacency,0.0,0.4780539514146533,2.3902697570732663
162,229,spatial_adjacency,0.0,0.37834187634131267,1.891709381706563
162,141,spatial_adjacency,0.0,0.9730030982564974,4.865015491282487
162,237,spatial_adjacency,0.0,0.895396201099663,4.476981005498315
162,170,spatial_adjacency,0.0,0.6959514877729277,3.4797574388646386
162,161,spatial_adjacency,0.0,0.29515567915701607,1.4757783957850805
162,163,spatial_adjacency,0.0,0.5996528541861794,2.998264270930897
163,237,spatial_adjacency,0.0,0.6897218651570746,3.4486093257853727
163,162,spatial_adjacency,0.0,0.5996528541861794,2.998264270930897
163,161,spatial_adjacency,0.0,0.4412163298055782,2.206081649027891
163,230,spatial_adjacency,0.0,0.4710065792626588,2.3550328963132943
163,48,spatial_adjacency,0.0,0.6612406933165276,3.306203466582638
163,142,spatial_adjacency,0.0,0.6687837129513771,3.3439185647568856
163,43,spatial_adjacency,0.0,1.3961895904641168,6.980947952320584
164,107,spatial_adjacency,0.0,0.8128831954144551,4.064415977072276
164,234,spatial_adjacency,0.0,0.6328245327197276,3.164122663598638
164,170,spatial_adjacency,0.0,0.3543993159183109,1.7719965795915547
164,186,spatial_adjacency,0.0,0.3821279133143741,1.9106395665718705
164,100,spatial_adjacency,0.0,0.3903799258971319,1.9518996294856596
164,161,spatial_adjacency,0.0,0.7607082589844457,3.8035412949222285
164,230,spatial_adjacency,0.0,0.7774288427730023,3.887144213865011
165,123,spatial_adjacency,0.0,1.4998650557906452,7.499325278953226
165,149,spatial_adjacency,0.0,1.1954848918612333,5.9774244593061665
165,178,spatial_adjacency,0.0,0.752297889412474,3.76148944706237
165,89,spatial_adjacency,0.0,1.191435581034504,5.957177905172521
165,91,spatial_adjacency,0.0,1.4528533513857762,7.2642667569288815
166,24,spatial_adjacency,0.0,0.5520923953160725,2.7604619765803626
166,41,spatial_adjacency,0.0,0.652998245860126,3.2649912293006302
166,152,spatial_adjacency,0.0,0.7215133793984896,3.6075668969924477
166,42,spatial_adjacency,0.0,1.2569232250474216,6.2846161252371076
167,126,spatial_adjacency,0.0,1.3826887519003745,6.913443759501873
167,60,spatial_adjacency,0.0,0.9712477274147375,4.856238637073687
167,159,spatial_adjacency,0.0,0.8428633993824575,4.214316996912288
167,147,spatial_adjacency,0.0,0.5693093681546074,2.846546840773037
167,69,spatial_adjacency,0.0,0.7170158401693594,3.585079200846797
167,59,spatial_adjacency,0.0,0.8538931656589036,4.269465828294519
167,47,spatial_adjacency,0.0,1.0567153166519196,5.283576583259598
168,126,spatial_adjacency,0.0,1.6723301355248155,8.361650677624079
168,194,spatial_adjacency,50.31251529056158,1.1993868366099159,5.9969341830495795
168,159,spatial_adjacency,0.0,0.7812746903862462,3.9063734519312314
168,147,spatial_adjacency,0.0,1.265266810801214,6.32633405400607
168,247,spatial_adjacency,0.0,1.5453275304566596,7.726637652283299
168,69,spatial_adjacency,0.0,1.663496700045627,8.317483500228136
169,247,spatial_adjacency,0.0,1.7145733827372158,8.57286691368608
169,69,spatial_adjacency,0.0,1.3234564172603076,6.617282086301538
169,119,spatial_adjacency,109.26189989477771,1.3474726700914452,6.737363350457226
169,47,spatial_adjacency,0.0,0.502976694088443,2.514883470442215
169,235,spatial_adjacency,0.0,0.616834801454244,3.08417400727122
169,94,spatial_adjacency,0.0,0.6926066133907398,3.463033066953699
170,107,spatial_adjacency,0.0,0.8081555043081001,4.0407775215405
170,234,spatial_adjacency,0.0,0.8097550258797416,4.048775129398708
170,137,spatial_adjacency,0.0,0.5149626275961146,2.574813137980573
170,233,spatial_adjacency,0.0,0.44810001777763797,2.24050008888819
170,164,spatial_adjacency,0.0,0.3543993159183109,1.7719965795915547
170,162,spatial_adjacency,0.0,0.6959514877729277,3.4797574388646386
170,161,spatial_adjacency,0.0,0.7107202139792924,3.553601069896462
171,73,spatial_adjacency,0.0,0.9898541059297796,4.9492705296488975
171,9,spatial_adjacency,0.0,1.646772335022918,8.23386167511459
171,16,spatial_adjacency,0.0,1.934394179173777,9.671970895868885
171,92,spatial_adjacency,0.0,1.1300295881362277,5.650147940681139
171,15,spatial_adjacency,0.0,1.611706162607209,8.058530813036045
171,252,spatial_adjacency,0.0,1.40614565163714,7.0307282581857
172,176,spatial_adjacency,0.0,1.1441605758027502,5.7208028790137515
172,118,spatial_adjacency,0.0,1.790419036688355,8.952095183441775
172,214,spatial_adjacency,0.0,1.4584019890106719,7.292009945053359
173,82,spatial_adjacency,0.0,1.1666678167930509,5.833339083965254
173,93,spatial_adjacency,0.0,1.4243460482543995,7.121730241271997
173,56,spatial_adjacency,0.0,0.8017035488900609,4.008517744450304
173,57,spatial_adjacency,0.0,0.4989598263827246,2.494799131913623
173,129,spatial_adjacency,0.0,1.213814938324881,6.069074691624405
173,70,spatial_adjacency,0.0,0.7947372433713948,3.973686216856974
174,20,spatial_adjacency,0.0,1.3830614962894858,6.915307481447429
174,31,spatial_adjacency,0.0,1.3509330038195468,6.754665019097734
174,18,spatial_adjacency,0.0,0.8760623540683716,4.380311770341858
174,240,spatial_adjacency,0.0,1.2147954216377492,6.073977108188746
174,241,spatial_adjacency,0.0,0.870407193353169,4.352035966765845
175,191,spatial_adjacency,0.0,1.9998106738830284,9.999053369415142
175,131,spatial_adjacency,0.0,1.8918002072064417,9.459001036032209
175,98,spatial_adjacency,0.0,1.3159531639139694,6.579765819569847
175,19,spatial_adjacency,0.0,1.5492627976479993,7.746313988239996
175,64,spatial_adjacency,0.0,1.475236448101567,7.376182240507835
175,16,spatial_adjacency,0.0,1.7000956986138775,8.500478493069389
176,110,spatial_adjacency,0.0,1.159146126268527,5.795730631342635
176,109,spatial_adjacency,0.0,1.6456406236420704,8.228203118210352
176,172,spatial_adjacency,0.0,1.1441605758027502,5.7208028790137515
176,118,spatial_adjacency,0.0,1.780887028432965,8.904435142164825
177,61,spatial_adjacency,0.0,1.3560783600202095,6.780391800101048
177,35,spatial_adjacency,0.0,0.8900882572540282,4.450441286270141
177,225,spatial_adjacency,0.0,1.2457477857011874,6.228738928505937
177,76,spatial_adjacency,0.0,2.217165064465445,11.085825322327224
177,77,spatial_adjacency,0.0,1.18551841289514,5.9275920644757
177,63,spatial_adjacency,0.0,1.9277591295165022,9.638795647582512
177,37,spatial_adjacency,0.0,1.3444299365270473,6.722149682635236
178,123,spatial_adjacency,0.0,1.2386671780859355,6.193335890429678
178,165,spatial_adjacency,0.0,0.752297889412474,3.76148944706237
178,89,spatial_adjacency,0.0,1.503168571733684,7.515842858668419
178,21,spatial_adjacency,0.0,1.2977738593528554,6.4888692967642765
178,26,spatial_adjacency,0.0,1.3469697132626268,6.7348485663131346
179,193,spatial_adjacency,0.0,1.0569984793113167,5.284992396556583
179,7,spatial_adjacency,0.0,0.830030302651122,4.150151513255611
179,223,spatial_adjacency,0.0,1.268680754503694,6.34340377251847
179,8,spatial_adjacency,0.0,0.5552317442814487,2.7761587214072434
180,216,spatial_adjacency,0.0,1.449588711252436,7.24794355626218
180,124,spatial_adjacency,0.0,1.2021990282934534,6.0109951414672675
180,63,spatial_adjacency,0.0,1.731432084046783,8.657160420233915
180,258,spatial_adjacency,0.0,1.0150591571587673,5.075295785793836
180,197,spatial_adjacency,0.0,1.5576050629830172,7.788025314915085
181,257,spatial_adjacency,0.0,1.1706024475957597,5.853012237978799
181,106,spatial_adjacency,0.0,0.5312416877137839,2.6562084385689193
181,228,spatial_adjacency,0.0,2.0019022984220296,10.009511492110148
181,190,spatial_adjacency,0.0,0.8922497469535479,4.461248734767739
181,189,spatial_adjacency,0.0,0.8824804264108487,4.412402132054243
181,25,spatial_adjacency,0.0,1.081499877937999,5.4074993896899946
181,97,spatial_adjacency,0.0,1.4497005769310967,7.248502884655483
182,212,spatial_adjacency,0.0,0.914981567087516,4.57490783543758
182,250,spatial_adjacency,0.0,0.6259162769209607,3.129581384604804
182,248,spatial_adjacency,0.0,0.789304083555869,3.946520417779345
182,242,spatial_adjacency,0.0,0.7318574549206629,3.6592872746033143
183,208,spatial_adjacency,0.0,1.8331759329658621,9.16587966482931
183,242,spatial_adjacency,0.0,1.0137552942642196,5.068776471321098
183,184,spatial_adjacency,0.0,1.8117057282507076,9.058528641253538
184,208,spatial_adjacency,0.0,3.2091784902473517,16.04589245123676
184,58,spatial_adjacency,0.0,1.9639560804760932,9.819780402380466
184,183,spatial_adjacency,0.0,1.8117057282507076,9.058528641253538
184,242,spatial_adjacency,0.0,2.6889579051734143,13.44478952586707
184,3,spatial_adjacency,0.0,2.089039247740358,10.44519623870179
184,51,spatial_adjacency,0.0,1.1388398160445696,5.694199080222848
184,81,spatial_adjacency,0.0,1.7425480390072872,8.712740195036435
185,242,spatial_adjacency,0.0,0.5609349859820469,2.8046749299102345
185,31,spatial_adjacency,0.0,1.1283411201238336,5.641705600619168
185,32,spatial_adjacency,0.0,0.8611392762129997,4.305696381064998
185,3,spatial_adjacency,0.0,0.784947091670741,3.9247354583537044
186,234,spatial_adjacency,0.0,0.5725488635518958,2.8627443177594794
186,90,spatial_adjacency,0.0,0.4906511034914033,2.4532555174570163
186,68,spatial_adjacency,0.0,0.39257144789900156,1.962857239495008
186,164,spatial_adjacency,0.0,0.3821279133143741,1.9106395665718705
186,100,spatial_adjacency,0.0,0.39557538094138817,1.9778769047069409
187,23,spatial_adjacency,0.0,2.179425246788081,10.897126233940405
187,251,spatial_adjacency,0.0,1.1249350927938766,5.624675463969384
187,156,spatial_adjacency,0.0,1.407062092845756,7.03531046422878
187,206,spatial_adjacency,0.0,2.1555937557821485,10.777968778910743
188,89,spatial_adjacency,0.0,1.6044230780918964,8.022115390459481
188,85,spatial_adjacency,0.0,0.898668165621984,4.49334082810992
188,190,spatial_adjacency,0.0,1.145610093273662,5.72805046636831
188,62,spatial_adjacency,0.0,0.5425663083278361,2.7128315416391806
188,71,spatial_adjacency,0.0,1.1149446134046368,5.574723067023184
188,72,spatial_adjacency,0.0,1.3950733920069163,6.975366960034581
189,181,spatial_adjacency,0.0,0.8824804264108487,4.412402132054243
189,190,spatial_adjacency,0.0,1.1071637924911333,5.535818962455667
189,62,spatial_adjacency,0.0,1.2495795671187233,6.2478978355936166
189,61,spatial_adjacency,0.0,1.5026631077279304,7.513315538639652
189,49,spatial_adjacency,0.0,0.7638913116258191,3.819456558129096
189,97,spatial_adjacency,0.0,0.9850529938365624,4.9252649691828125
190,89,spatial_adjacency,0.0,1.689283986453422,8.44641993226711
190,188,spatial_adjacency,0.0,1.145610093273662,5.72805046636831
190,257,spatial_adjacency,0.0,0.7297700929945724,3.648850464972862
190,181,spatial_adjacency,0.0,0.8922497469535479,4.461248734767739
190,62,spatial_adjacency,0.0,1.1106023589306493,5.553011794653246
190,189,spatial_adjacency,0.0,1.1071637924911333,5.535818962455667
191,205,spatial_adjacency,0.0,2.0221072601941583,10.110536300970791
191,38,spatial_adjacency,0.0,1.4902378010076136,7.451189005038068
191,122,spatial_adjacency,0.0,1.081662033973056,5.40831016986528
191,131,spatial_adjacency,0.0,1.8500887451140071,9.250443725570037
191,98,spatial_adjacency,0.0,2.2884407644421594,11.442203822210796
191,19,spatial_adjacency,0.0,1.5876384996350013,7.938192498175007
191,175,spatial_adjacency,0.0,1.9998106738830284,9.999053369415142
192,93,spatial_adjacency,0.0,1.3620896072069901,6.810448036034951
192,121,spatial_adjacency,0.0,1.2578945201309297,6.289472600654649
192,135,spatial_adjacency,0.0,1.106127360433399,5.530636802166995
192,98,spatial_adjacency,0.0,2.093672702934643,10.468363514673216
192,73,spatial_adjacency,0.0,0.8271243526805451,4.1356217634027255
192,9,spatial_adjacency,0.0,1.5172552612245507,7.586276306122754
192,92,spatial_adjacency,0.0,1.394518475305601,6.972592376528005
193,145,spatial_adjacency,0.0,1.092145045942433,5.460725229712165
193,146,spatial_adjacency,0.0,0.5629891302385479,2.8149456511927395
193,7,spatial_adjacency,0.0,1.1730047853204995,5.865023926602497
193,179,spatial_adjacency,0.0,1.0569984793113167,5.284992396556583
194,168,spatial_adjacency,50.31251529056158,1.1993868366099159,5.9969341830495795
194,74,spatial_adjacency,0.0,0.9691707762487426,4.845853881243713
195,106,spatial_adjacency,0.0,0.9836107129287055,4.918053564643528
195,228,spatial_adjacency,0.0,1.6042352194983673,8.021176097491836
195,54,spatial_adjacency,0.0,0.8687944381046128,4.343972190523064
195,40,spatial_adjacency,0.0,0.7388621790562543,3.6943108952812715
196,102,spatial_adjacency,0.0,1.6904457995427165,8.452228997713581
196,160,spatial_adjacency,0.0,1.0299806894734727,5.149903447367363
196,95,spatial_adjacency,0.0,0.8848065298934146,4.424032649467073
196,82,spatial_adjacency,0.0,1.170674455559928,5.8533722777996395
196,56,spatial_adjacency,0.0,1.0784860407128523,5.3924302035642615
197,216,spatial_adjacency,0.0,1.4045098930728561,7.02254946536428
197,180,spatial_adjacency,0.0,1.5576050629830172,7.788025314915085
197,258,spatial_adjacency,0.0,1.3651979069319882,6.82598953465994
197,96,spatial_adjacency,0.0,2.1409331803546747,10.704665901773375
197,215,spatial_adjacency,0.0,2.0986756444213053,10.493378222106525
197,130,spatial_adjacency,0.0,2.0551753606487257,10.27587680324363
197,134,spatial_adjacency,0.0,0.9393271447107867,4.696635723553934
197,28,spatial_adjacency,0.0,1.656270552446112,8.281352762230561
198,80,spatial_adjacency,0.0,1.940589110405683,9.702945552028414
198,96,spatial_adjacency,0.0,1.714195717457402,8.57097858728701
198,102,spatial_adjacency,0.0,1.379253985523321,6.896269927616605
198,36,spatial_adjacency,0.0,0.9368283928356129,4.684141964178064
198,157,spatial_adjacency,0.0,1.2057703865707308,6.028851932853654
198,160,spatial_adjacency,0.0,1.399005014881242,6.99502507440621
199,138,spatial_adjacency,0.0,1.249516314823952,6.24758157411976
200,240,spatial_adjacency,0.0,1.352992312597386,6.7649615629869295
200,220,spatial_adjacency,0.0,1.1972953741756625,5.986476870878312
201,27,spatial_adjacency,0.0,3.583403496919904,17.91701748459952
201,117,spatial_adjacency,0.0,3.0412980661995284,15.206490330997642
203,132,spatial_adjacency,0.0,2.5841092267297965,12.920546133648982
203,219,spatial_adjacency,0.0,1.3488592239212438,6.7442961196062186
203,139,spatial_adjacency,0.0,1.351297748848048,6.75648874424024
203,38,spatial_adjacency,0.0,2.526196817265129,12.630984086325645
204,44,spatial_adjacency,0.0,1.6973084485012229,8.486542242506115
204,84,spatial_adjacency,0.0,1.3307292455486008,6.653646227743004
204,5,spatial_adjacency,0.0,1.3265504608011773,6.632752304005887
204,99,spatial_adjacency,0.0,2.755159071811803,13.775795359059016
205,218,spatial_adjacency,0.0,1.4173242815906033,7.086621407953016
205,139,spatial_adjacency,0.0,1.3906125804119727,6.953062902059863
205,10,spatial_adjacency,0.0,1.689023175573288,8.44511587786644
205,38,spatial_adjacency,0.0,1.4652698446367298,7.32634922318365
205,215,spatial_adjacency,0.0,1.477932065920942,7.389660329604711
205,130,spatial_adjacency,0.0,1.8568674269021295,9.284337134510647
205,122,spatial_adjacency,0.0,1.3454242812302717,6.727121406151358
205,191,spatial_adjacency,0.0,2.0221072601941583,10.110536300970791
206,251,spatial_adjacency,0.0,1.946850102517744,9.73425051258872
206,221,spatial_adjacency,0.0,2.0508751855525995,10.254375927762997
206,187,spatial_adjacency,0.0,2.1555937557821485,10.777968778910743
206,245,spatial_adjacency,0.0,0.6164281184380551,3.0821405921902754
207,260,spatial_adjacency,0.0,1.4109402492822603,7.054701246411302
207,7,spatial_adjacency,0.0,1.0810227351360169,5.405113675680084
207,129,spatial_adjacency,0.0,0.8685315762895773,4.342657881447886
207,223,spatial_adjacency,0.0,0.9803540848103932,4.901770424051966
208,213,spatial_adjacency,0.0,1.85224330643306,9.2612165321653
208,250,spatial_adjacency,0.0,1.4486024168604215,7.243012084302107
208,58,spatial_adjacency,0.0,1.262127790509176,6.3106389525458795
208,183,spatial_adjacency,0.0,1.8331759329658621,9.16587966482931
208,242,spatial_adjacency,0.0,2.154941862314645,10.774709311573224
208,184,spatial_adjacency,0.0,3.2091784902473517,16.04589245123676
209,45,spatial_adjacency,0.0,0.37202157233151173,1.8601078616575588
209,87,spatial_adjacency,0.0,0.254729616901724,1.2736480845086202
209,261,spatial_adjacency,0.0,0.4914106472127305,2.4570532360636523
209,231,spatial_adjacency,0.0,0.6398077512003068,3.1990387560015336
210,150,spatial_adjacency,0.0,0.8137184740356433,4.068592370178217
210,29,spatial_adjacency,0.0,1.331777515280346,6.658887576401729
210,123,spatial_adjacency,0.0,1.3674526418582706,6.837263209291353
210,149,spatial_adjacency,0.0,0.9757209355012721,4.878604677506361
210,154,spatial_adjacency,0.0,1.997022965930367,9.985114829651835
211,231,spatial_adjacency,0.0,0.537515248728399,2.687576243641995
211,125,spatial_adjacency,0.0,0.3535269179408178,1.767634589704089
211,144,spatial_adjacency,0.0,0.3187939253949796,1.5939696269748977
211,114,spatial_adjacency,0.0,0.3768459426573212,1.8842297132866062
212,126,spatial_adjacency,0.0,1.3725295894086265,6.862647947043133
212,213,spatial_adjacency,0.0,0.920076424081787,4.600382120408935
212,60,spatial_adjacency,0.0,0.9482717208570304,4.741358604285152
212,250,spatial_adjacency,0.0,1.1401515118878687,5.700757559439344
212,248,spatial_adjacency,0.0,0.45329165631213947,2.2664582815606975
212,182,spatial_adjacency,0.0,0.914981567087516,4.57490783543758
213,126,spatial_adjacency,0.0,1.4909697163641997,7.454848581820999
213,212,spatial_adjacency,0.0,0.920076424081787,4.600382120408935
213,60,spatial_adjacency,0.0,1.8322441777936027,9.161220888968014
213,250,spatial_adjacency,0.0,1.101600466780777,5.508002333903885
213,208,spatial_adjacency,0.0,1.85224330643306,9.2612165321653
214,172,spatial_adjacency,0.0,1.4584019890106719,7.292009945053359
214,118,spatial_adjacency,0.0,2.497300116890867,12.486500584454333
214,6,spatial_adjacency,0.0,1.1811420033665534,5.905710016832767
215,216,spatial_adjacency,0.0,1.9570785522894945,9.785392761447472
215,10,spatial_adjacency,0.0,1.0677630992232343,5.338815496116172
215,205,spatial_adjacency,0.0,1.477932065920942,7.389660329604711
215,197,spatial_adjacency,0.0,2.0986756444213053,10.493378222106525
215,130,spatial_adjacency,0.0,0.7040358313347655,3.520179156673828
216,132,spatial_adjacency,0.0,2.654207814530258,13.27103907265129
216,219,spatial_adjacency,0.0,3.0439052955566805,15.219526477783402
216,124,spatial_adjacency,0.0,1.8209440244976036,9.104720122488018
216,180,spatial_adjacency,0.0,1.449588711252436,7.24794355626218
216,10,spatial_adjacency,0.0,1.5081772864921292,7.540886432460646
216,197,spatial_adjacency,0.0,1.4045098930728561,7.02254946536428
216,215,spatial_adjacency,0.0,1.9570785522894945,9.785392761447472
216,130,spatial_adjacency,0.0,2.3624636548695035,11.812318274347517
217,49,spatial_adjacency,0.0,1.118164473116692,5.590822365583461
217,17,spatial_adjacency,0.0,0.9703504685066388,4.851752342533193
217,34,spatial_adjacency,0.0,0.6941457370249443,3.470728685124721
217,256,spatial_adjacency,0.0,0.4853802068555543,2.4269010342777717
217,80,spatial_adjacency,0.0,1.3911203092179012,6.955601546089507
218,219,spatial_adjacency,0.0,0.8172785116819139,4.086392558409569
218,139,spatial_adjacency,0.0,1.5520114992231666,7.760057496115833
218,10,spatial_adjacency,0.0,1.0552869479604758,5.276434739802379
218,205,spatial_adjacency,0.0,1.4173242815906033,7.086621407953016
219,132,spatial_adjacency,0.0,1.561962896781845,7.809814483909225
219,203,spatial_adjacency,0.0,1.3488592239212438,6.7442961196062186
219,218,spatial_adjacency,0.0,0.8172785116819139,4.086392558409569
219,216,spatial_adjacency,0.0,3.0439052955566805,15.219526477783402
219,139,spatial_adjacency,0.0,1.4808553323934852,7.404276661967426
219,10,spatial_adjacency,0.0,1.8095206001962738,9.047603000981368
220,136,spatial_adjacency,0.0,1.2085855984471776,6.042927992235889
220,128,spatial_adjacency,0.0,0.9968527968810876,4.984263984405438
220,240,spatial_adjacency,0.0,1.7219227351501432,8.609613675750715
220,153,spatial_adjacency,0.0,0.4443165961962561,2.2215829809812804
220,241,spatial_adjacency,0.0,0.8866283915773777,4.433141957886889
220,200,spatial_adjacency,0.0,1.1972953741756625,5.986476870878312
221,6,spatial_adjacency,0.0,1.2766920917263442,6.3834604586317205
221,115,spatial_adjacency,0.0,0.7452708335018549,3.726354167509274
221,245,spatial_adjacency,0.0,1.7192306792444445,8.596153396222222
221,206,spatial_adjacency,0.0,2.0508751855525995,10.254375927762997
222,39,spatial_adjacency,0.0,1.121477522999763,5.6073876149988156
222,76,spatial_adjacency,0.0,0.9706789283342311,4.853394641671155
223,7,spatial_adjacency,0.0,1.3306509217180358,6.653254608590179
223,207,spatial_adjacency,0.0,0.9803540848103932,4.901770424051966
223,179,spatial_adjacency,0.0,1.268680754503694,6.34340377251847
223,129,spatial_adjacency,0.0,1.7427969879674923,8.713984939837461
223,138,spatial_adjacency,0.0,1.6802217829183574,8.401108914591788
223,8,spatial_adjacency,0.0,0.9306087436719422,4.6530437183597115
224,4,spatial_adjacency,0.0,0.5570838671393881,2.7854193356969406
224,79,spatial_adjacency,0.0,0.5695346302917543,2.8476731514587716
224,107,spatial_adjacency,0.0,0.5218154017422384,2.609077008711192
224,137,spatial_adjacency,0.0,0.5947080152119797,2.9735400760598982
225,61,spatial_adjacency,0.0,1.022004764214188,5.11002382107094
225,17,spatial_adjacency,0.0,0.9739567403006242,4.8697837015031205
225,177,spatial_adjacency,0.0,1.2457477857011874,6.228738928505937
225,37,spatial_adjacency,0.0,0.6919330199607565,3.4596650998037823
226,80,spatial_adjacency,151.74835108055558,1.666912382190004,8.33456191095002
226,112,spatial_adjacency,163.52996293072255,1.4223891566659888,7.1119457833299435
226,145,spatial_adjacency,0.0,1.3771498669672881,6.885749334836441
226,157,spatial_adjacency,0.0,1.5064542356460984,7.532271178230492
226,260,spatial_adjacency,0.0,1.06416517047263,5.32082585236315
226,146,spatial_adjacency,0.0,1.2599041590451754,6.299520795225877
226,7,spatial_adjacency,0.0,1.6625426048940781,8.31271302447039
227,67,spatial_adjacency,0.0,1.6099913226303548,8.049956613151773
227,14,spatial_adjacency,0.0,1.7733865558755835,8.866932779377917
227,26,spatial_adjacency,0.0,1.1296740297407353,5.648370148703676
227,111,spatial_adjacency,0.0,1.036609263629074,5.1830463181453705
227,228,spatial_adjacency,0.0,0.8017446904439646,4.008723452219823
228,14,spatial_adjacency,0.0,2.136327052381702,10.68163526190851
228,111,spatial_adjacency,0.0,1.1057379576359814,5.528689788179906
228,257,spatial_adjacency,0.0,1.751658915850223,8.758294579251116
228,181,spatial_adjacency,0.0,2.0019022984220296,10.009511492110148
228,106,spatial_adjacency,0.0,1.818248397619016,9.09124198809508
228,227,spatial_adjacency,0.0,0.8017446904439646,4.008723452219823
228,195,spatial_adjacency,0.0,1.6042352194983673,8.021176097491836
228,40,spatial_adjacency,0.0,2.01960502575887,10.098025128794351
229,233,spatial_adjacency,0.0,0.546242420453622,2.73121210226811
229,140,spatial_adjacency,0.0,0.8143036543744369,4.071518271872184
229,141,spatial_adjacency,0.0,0.7621213263597905,3.810606631798952
229,237,spatial_adjacency,0.0,0.8205742798990121,4.1028713994950605
229,162,spatial_adjacency,0.0,0.37834187634131267,1.891709381706563
230,164,spatial_adjacency,0.0,0.7774288427730023,3.887144213865011
230,100,spatial_adjacency,0.0,0.49726469493771347,2.486323474688567
230,161,spatial_adjacency,0.0,0.36264248845179925,1.8132124422589961
230,48,spatial_adjacency,0.0,0.34067105588810054,1.7033552794405027
230,163,spatial_adjacency,0.0,0.4710065792626588,2.3550328963132943
231,45,spatial_adjacency,0.0,0.6287274806903564,3.143637403451782
231,209,spatial_adjacency,0.0,0.6398077512003068,3.1990387560015336
231,261,spatial_adjacency,0.0,0.6540907911758983,3.2704539558794914
231,13,spatial_adjacency,0.0,0.584739683764877,2.923698418824385
231,211,spatial_adjacency,0.0,0.537515248728399,2.687576243641995
231,125,spatial_adjacency,0.0,0.588107777417337,2.940538887086685
231,144,spatial_adjacency,0.0,0.6143185398735979,3.0715926993679896
232,45,spatial_adjacency,0.0,0.8095655463266653,4.047827731633326
232,148,spatial_adjacency,0.0,0.5049968737674047,2.524984368837023
232,4,spatial_adjacency,0.0,0.6988896594302756,3.494448297151378
232,79,spatial_adjacency,0.0,0.9023259056254083,4.511629528127041
233,137,spatial_adjacency,0.0,0.7268660640959008,3.634330320479504
233,229,spatial_adjacency,0.0,0.546242420453622,2.73121210226811
233,170,spatial_adjacency,0.0,0.44810001777763797,2.24050008888819
233,162,spatial_adjacency,0.0,0.4780539514146533,2.3902697570732663
234,79,spatial_adjacency,0.0,0.9090299397148159,4.54514969857408
234,113,spatial_adjacency,0.0,0.5721518950659874,2.860759475329937
234,107,spatial_adjacency,0.0,0.41449676045868844,2.0724838022934424
234,90,spatial_adjacency,0.0,0.36715579172435026,1.8357789586217514
234,249,spatial_adjacency,0.0,0.7634075601037938,3.8170378005189693
234,170,spatial_adjacency,0.0,0.8097550258797416,4.048775129398708
234,186,spatial_adjacency,0.0,0.5725488635518958,2.8627443177594794
234,164,spatial_adjacency,0.0,0.6328245327197276,3.164122663598638
235,247,spatial_adjacency,0.0,1.6829650269257912,8.414825134628956
235,119,spatial_adjacency,0.0,1.1457528948601647,5.728764474300824
235,169,spatial_adjacency,0.0,0.616834801454244,3.08417400727122
235,94,spatial_adjacency,0.0,0.9450104299005371,4.725052149502686
235,136,spatial_adjacency,0.0,1.0252937836758624,5.126468918379312
236,141,spatial_adjacency,0.0,0.9408392170029121,4.70419608501456
236,237,spatial_adjacency,0.0,0.9327137712173772,4.6635688560868855
236,263,spatial_adjacency,0.0,0.33525370797828646,1.6762685398914323
236,43,spatial_adjacency,0.0,0.4697193164879869,2.3485965824399346
236,75,spatial_adjacency,0.0,0.8861959696368944,4.430979848184472
237,229,spatial_adjacency,0.0,0.8205742798990121,4.1028713994950605
237,141,spatial_adjacency,0.0,0.3351163947652787,1.6755819738263937
237,162,spatial_adjacency,0.0,0.895396201099663,4.476981005498315
237,163,spatial_adjacency,0.0,0.6897218651570746,3.4486093257853727
237,236,spatial_adjacency,0.0,0.9327137712173772,4.6635688560868855
237,43,spatial_adjacency,0.0,0.9565196839786961,4.78259841989348
238,239,spatial_adjacency,0.0,0.6092933734066136,3.0464668670330677
238,43,spatial_adjacency,0.0,0.7482659823178355,3.7413299115891774
238,151,spatial_adjacency,0.0,0.5019164898931773,2.5095824494658863
239,142,spatial_adjacency,0.0,0.7287309613268439,3.6436548066342196
239,143,spatial_adjacency,0.0,0.7266192577518532,3.633096288759266
239,238,spatial_adjacency,0.0,0.6092933734066136,3.0464668670330677
239,43,spatial_adjacency,0.0,0.6934657923117047,3.467328961558523
240,31,spatial_adjacency,0.0,2.5656949193210656,12.828474596605329
240,174,spatial_adjacency,0.0,1.2147954216377492,6.073977108188746
240,254,spatial_adjacency,0.0,1.4803426708896579,7.401713354448289
240,259,spatial_adjacency,0.0,1.575257775173733,7.876288875868666
240,241,spatial_adjacency,0.0,1.4380766164214194,7.190383082107097
240,220,spatial_adjacency,0.0,1.7219227351501432,8.609613675750715
240,200,spatial_adjacency,0.0,1.352992312597386,6.7649615629869295
241,18,spatial_adjacency,0.0,0.6725545158271687,3.362772579135844
241,136,spatial_adjacency,0.0,0.9449879441001389,4.724939720500695
241,174,spatial_adjacency,0.0,0.870407193353169,4.352035966765845
241,240,spatial_adjacency,0.0,1.4380766164214194,7.190383082107097
241,220,spatial_adjacency,0.0,0.8866283915773777,4.433141957886889
242,60,spatial_adjacency,0.0,2.046356723299594,10.23178361649797
242,250,spatial_adjacency,0.0,1.018663918945367,5.093319594726835
242,208,spatial_adjacency,0.0,2.154941862314645,10.774709311573224
242,183,spatial_adjacency,0.0,1.0137552942642196,5.068776471321098
242,248,spatial_adjacency,0.0,1.4288253823138954,7.144126911569477
242,182,spatial_adjacency,0.0,0.7318574549206629,3.6592872746033143
242,78,spatial_adjacency,0.0,1.830498201257184,9.152491006285919
242,185,spatial_adjacency,0.0,0.5609349859820469,2.8046749299102345
242,31,spatial_adjacency,0.0,1.5037708506243537,7.518854253121768
242,3,spatial_adjacency,0.0,1.2325248625004617,6.162624312502309
242,184,spatial_adjacency,0.0,2.6889579051734143,13.44478952586707
242,51,spatial_adjacency,67.17637083571465,2.2131543527050392,11.065771763525195
242,81,spatial_adjacency,68.70087842315095,2.4685104090176764,12.342552045088382
243,244,spatial_adjacency,0.0,1.153558620683472,5.76779310341736
243,120,spatial_adjacency,0.0,0.7337111164652173,3.668555582326086
243,127,spatial_adjacency,0.0,0.9406172395503669,4.703086197751834
243,128,spatial_adjacency,0.0,1.1431826068236481,5.715913034118241
244,42,spatial_adjacency,55.46052885270426,1.618539904510989,8.092699522554945
244,116,spatial_adjacency,0.0,1.080583416187567,5.402917080937835
244,120,spatial_adjacency,0.0,0.6800802915743317,3.4004014578716584
244,243,spatial_adjacency,0.0,1.153558620683472,5.76779310341736
245,251,spatial_adjacency,0.0,1.491150237693356,7.455751188466781
245,115,spatial_adjacency,0.0,1.148163801074728,5.74081900537364
245,221,spatial_adjacency,0.0,1.7192306792444445,8.596153396222222
245,206,spatial_adjacency,0.0,0.6164281184380551,3.0821405921902754
246,158,spatial_adjacency,0.0,1.2875983852260142,6.437991926130071
246,68,spatial_adjacency,0.0,0.39961461288701255,1.9980730644350628
246,48,spatial_adjacency,0.0,0.9662841699490843,4.831420849745421
246,50,spatial_adjacency,0.0,1.0064643144764582,5.032321572382291
247,168,spatial_adjacency,0.0,1.5453275304566596,7.726637652283299
247,69,spatial_adjacency,0.0,0.5194056814582725,2.5970284072913628
247,119,spatial_adjacency,0.0,0.6167814940928547,3.0839074704642733
247,169,spatial_adjacency,0.0,1.7145733827372158,8.57286691368608
247,235,spatial_adjacency,0.0,1.6829650269257912,8.414825134628956
248,212,spatial_adjacency,0.0,0.45329165631213947,2.2664582815606975
248,60,spatial_adjacency,0.0,0.7134346486980814,3.567173243490407
248,182,spatial_adjacency,0.0,0.789304083555869,3.946520417779345
248,242,spatial_adjacency,0.0,1.4288253823138954,7.144126911569477
249,125,spatial_adjacency,0.0,0.62083533604575,3.10417668022875
249,114,spatial_adjacency,0.0,0.5179947038596001,2.5899735192980002
249,113,spatial_adjacency,0.0,0.4704749855711516,2.352374927855758
249,234,spatial_adjacency,0.0,0.7634075601037938,3.8170378005189693
249,90,spatial_adjacency,0.0,0.615223877274879,3.0761193863743954
249,158,spatial_adjacency,0.0,0.3222200616684341,1.6111003083421704
249,68,spatial_adjacency,0.0,0.968299097512579,4.841495487562895
250,213,spatial_adjacency,0.0,1.101600466780777,5.508002333903885
250,212,spatial_adjacency,0.0,1.1401515118878687,5.700757559439344
250,208,spatial_adjacency,0.0,1.4486024168604215,7.243012084302107
250,182,spatial_adjacency,0.0,0.6259162769209607,3.129581384604804
250,242,spatial_adjacency,0.0,1.018663918945367,5.093319594726835
251,118,spatial_adjacency,0.0,2.130678578441607,10.653392892208036
251,23,spatial_adjacency,0.0,2.5004226442880366,12.502113221440183
251,115,spatial_adjacency,0.0,1.9736701944006736,9.868350972003368
251,187,spatial_adjacency,0.0,1.1249350927938766,5.624675463969384
251,245,spatial_adjacency,0.0,1.491150237693356,7.455751188466781
251,206,spatial_adjacency,0.0,1.946850102517744,9.73425051258872
252,53,spatial_adjacency,0.0,1.510326109849334,7.551630549246669
252,92,spatial_adjacency,0.0,1.9935439633641856,9.967719816820928
252,171,spatial_adjacency,0.0,1.40614565163714,7.0307282581857
252,15,spatial_adjacency,0.0,1.5925701905957559,7.962850952978779
253,93,spatial_adjacency,0.0,1.3772132706965374,6.886066353482687
253,92,spatial_adjacency,0.0,0.6506417667092093,3.2532088335460463
254,31,spatial_adjacency,0.0,1.8938978238038076,9.469489119019038
254,32,spatial_adjacency,0.0,1.2909491596431537,6.454745798215769
254,3,spatial_adjacency,0.0,1.3613907396205454,6.806953698102727
254,81,spatial_adjacency,0.0,1.1711613214467,5.8558066072335
254,240,spatial_adjacency,0.0,1.4803426708896579,7.401713354448289
254,259,spatial_adjacency,0.0,1.144250698713458,5.72125349356729
255,256,spatial_adjacency,0.0,0.562131909614627,2.810659548073135
255,80,spatial_adjacency,0.0,1.1084533784452704,5.542266892226352
255,112,spatial_adjacency,0.0,0.8464003465680336,4.2320017328401685
256,34,spatial_adjacency,0.0,0.9107880186439643,4.553940093219822
256,217,spatial_adjacency,0.0,0.4853802068555543,2.4269010342777717
256,80,spatial_adjacency,0.0,1.252362782158882,6.261813910794411
256,255,spatial_adjacency,0.0,0.562131909614627,2.810659548073135
257,89,spatial_adjacency,0.0,1.4053549243797365,7.026774621898683
257,133,spatial_adjacency,0.0,0.9033910535219856,4.516955267609927
257,111,spatial_adjacency,0.0,0.6518732905906208,3.2593664529531043
257,181,spatial_adjacency,0.0,1.1706024475957597,5.853012237978799
257,228,spatial_adjacency,0.0,1.751658915850223,8.758294579251116
257,190,spatial_adjacency,0.0,0.7297700929945724,3.648850464972862
258,180,spatial_adjacency,0.0,1.0150591571587673,5.075295785793836
258,63,spatial_adjacency,0.0,1.2241560685230741,6.120780342615371
258,96,spatial_adjacency,0.0,1.0072704552019558,5.0363522760097785
258,197,spatial_adjacency,0.0,1.3651979069319882,6.82598953465994
259,81,spatial_adjacency,0.0,1.4284395085790702,7.142197542895351
259,254,spatial_adjacency,0.0,1.144250698713458,5.72125349356729
259,240,spatial_adjacency,0.0,1.575257775173733,7.876288875868666
260,157,spatial_adjacency,0.0,1.4120292301591022,7.060146150795511
260,226,spatial_adjacency,0.0,1.06416517047263,5.32082585236315
260,7,spatial_adjacency,0.0,1.3826561480480757,6.913280740240379
260,207,spatial_adjacency,0.0,1.4109402492822603,7.054701246411302
260,83,spatial_adjacency,0.0,0.8464766473220611,4.232383236610306
260,129,spatial_adjacency,0.0,1.423925510272672,7.11962755136336
261,12,spatial_adjacency,0.0,0.44767370494061914,2.238368524703096
261,88,spatial_adjacency,0.0,0.4066813868316725,2.0334069341583625
261,87,spatial_adjacency,0.0,0.3317845982777609,1.6589229913888044
261,209,spatial_adjacency,0.0,0.4914106472127305,2.4570532360636523
261,13,spatial_adjacency,0.0,0.2564588495798985,1.2822942478994925
261,231,spatial_adjacency,0.0,0.6540907911758983,3.2704539558794914
262,140,spatial_adjacency,0.0,0.8403121141583044,4.201560570791522
262,141,spatial_adjacency,0.0,0.9264734622156017,4.632367311078009
262,263,spatial_adjacency,0.0,0.3064846192202941,1.5324230961014702
262,75,spatial_adjacency,0.0,0.9722631755118202,4.861315877559101
263,140,spatial_adjacency,0.0,0.9371213678587296,4.685606839293648
263,141,spatial_adjacency,0.0,0.9325595188815675,4.662797594407838
263,262,spatial_adjacency,0.0,0.3064846192202941,1.5324230961014702
263,236,spatial_adjacency,0.0,0.33525370797828646,1.6762685398914323
263,75,spatial_adjacency,0.0,0.8235131285004765,4.117565642502383
